구분,연도,공연수,컬럼,결측수,결측률
single,2020,5399,공연명,0,0.0
single,2020,5399,장르명,0,0.0
single,2020,5399,세부장르명,0,0.0
single,2020,5399,출연진내용,1182,21.89
single,2020,5399,제작진내용,3730,69.09
single,2020,5399,기획제작사명,244,4.52
single,2020,5399,원작자명,4600,85.2
single,2020,5399,극작가명,5221,96.7
single,2021,11872,공연명,0,0.0
single,2021,11872,장르명,0,0.0
single,2021,11872,세부장르명,0,0.0
single,2021,11872,출연진내용,2555,21.52
single,2021,11872,제작진내용,8253,69.52
single,2021,11872,기획제작사명,682,5.74
single,2021,11872,원작자명,10559,88.94
single,2021,11872,극작가명,11516,97.0
single,2022,16787,공연명,0,0.0
single,2022,16787,장르명,0,0.0
single,2022,16787,세부장르명,0,0.0
single,2022,16787,출연진내용,5057,30.12
single,2022,16787,제작진내용,12354,73.59
single,2022,16787,기획제작사명,1340,7.98
single,2022,16787,원작자명,15277,91.0
single,2022,16787,극작가명,16323,97.24
single,2023,18780,공연명,0,0.0
single,2023,18780,장르명,0,0.0
single,2023,18780,세부장르명,0,0.0
single,2023,18780,출연진내용,5208,27.73
single,2023,18780,제작진내용,14233,75.79
single,2023,18780,기획제작사명,1327,7.07
single,2023,18780,원작자명,17190,91.53
single,2023,18780,극작가명,18602,99.05
single,2024,19774,공연명,0,0.0
single,2024,19774,장르명,0,0.0
single,2024,19774,세부장르명,0,0.0
single,2024,19774,출연진내용,4455,22.53
single,2024,19774,제작진내용,13786,69.72
single,2024,19774,기획제작사명,589,2.98
single,2024,19774,원작자명,17725,89.64
single,2024,19774,극작가명,19667,99.46
composite,2020,68,공연명,0,0.0
composite,2020,68,장르명,0,0.0
composite,2020,68,세부장르명,0,0.0
composite,2020,68,출연진내용,23,33.82
composite,2020,68,제작진내용,57,83.82
composite,2020,68,기획제작사명,6,8.82
composite,2020,68,원작자명,68,100.0
composite,2020,68,극작가명,68,100.0
composite,2021,133,공연명,0,0.0
composite,2021,133,장르명,0,0.0
composite,2021,133,세부장르명,0,0.0
composite,2021,133,출연진내용,37,27.82
composite,2021,133,제작진내용,94,70.68
composite,2021,133,기획제작사명,10,7.52
composite,2021,133,원작자명,133,100.0
composite,2021,133,극작가명,133,100.0
composite,2022,213,공연명,0,0.0
composite,2022,213,장르명,0,0.0
composite,2022,213,세부장르명,0,0.0
composite,2022,213,출연진내용,65,30.52
composite,2022,213,제작진내용,153,71.83
composite,2022,213,기획제작사명,24,11.27
composite,2022,213,원작자명,210,98.59
composite,2022,213,극작가명,213,100.0
composite,2023,325,공연명,0,0.0
composite,2023,325,장르명,0,0.0
composite,2023,325,세부장르명,0,0.0
composite,2023,325,출연진내용,77,23.69
composite,2023,325,제작진내용,261,80.31
composite,2023,325,기획제작사명,19,5.85
composite,2023,325,원작자명,321,98.77
composite,2023,325,극작가명,325,100.0
composite,2024,360,공연명,0,0.0
composite,2024,360,장르명,0,0.0
composite,2024,360,세부장르명,0,0.0
composite,2024,360,출연진내용,79,21.94
composite,2024,360,제작진내용,266,73.89
composite,2024,360,기획제작사명,12,3.33
composite,2024,360,원작자명,355,98.61
composite,2024,360,극작가명,360,100.0
