단계,평가,점,선,정확도,정확도 범위,상위 2개 정확도,상위 2개 정확도 범위,매크로 F1,매크로 F1 범위
0. 2판 그대로,끊음,138935,278841,0.6617,0.6614~0.6621,0.7748,0.7741~0.7756,0.5031,0.4998~0.5065
0. 2판 그대로,둠,138935,278841,0.697,0.6968~0.6971,0.7966,0.7959~0.7973,0.5413,0.5382~0.5444
1. + 출연·제작을 한 사람으로,끊음,129610,278841,0.6625,0.6618~0.6632,0.7783,0.7750~0.7816,0.503,0.5010~0.5049
1. + 출연·제작을 한 사람으로,둠,129610,278841,0.6899,0.6890~0.6908,0.7924,0.7891~0.7956,0.5394,0.5393~0.5395
2. + 단체 추가,끊음,142215,432057,0.813,0.8130~0.8131,0.8916,0.8915~0.8917,0.6857,0.6806~0.6908
2. + 단체 추가,둠,142215,432057,0.8456,0.8421~0.8490,0.9095,0.9086~0.9104,0.7345,0.7254~0.7435
3. + 선의 굵기,끊음,142215,432057,0.7938,0.7936~0.7941,0.8783,0.8770~0.8795,0.6661,0.6607~0.6715
3. + 선의 굵기,둠,142215,432057,0.8297,0.8293~0.8301,0.8986,0.8984~0.8989,0.7176,0.7160~0.7191
4. + 장르별 확률과 가중치,끊음,142215,432057,0.808,0.8062~0.8099,0.8858,0.8856~0.8860,0.6732,0.6708~0.6756
4. + 장르별 확률과 가중치,둠,142215,432057,0.8315,0.8295~0.8334,0.9005,0.9004~0.9006,0.7018,0.7013~0.7023
5. 학습 100회 (3판),끊음,142215,432057,0.8104,0.8089~0.8120,0.8875,0.8874~0.8877,0.6752,0.6739~0.6766
5. 학습 100회 (3판),둠,142215,432057,0.8381,0.8368~0.8394,0.905,0.9045~0.9056,0.7093,0.7074~0.7111
