공연명,총_공연회차_계산,평균_판매좌석수,예매금액_합계,판매좌석수_합계,최종_좌석점유율,평균판매단가,회차당매출,접근성_점수,장르명,지역,공연시설명,좌석수,예측복합장르,장르1,장르2
"11기 안산디자인문화고등학교 공연콘텐츠과 졸업발표회, a11 for ONE",4,678.0,0,2060.0,0.7192737430167597,0,0.0,6,복합,경인,안산문화예술의전당,716,연극+뮤지컬,연극,뮤지컬
12월의 사랑가 [수원],1,496.0,1135000,496.0,0.9880478087649402,2288.3064516129034,1135000.0,4,복합,경인,경기아트센터(구. 경기도문화의전당),502,서양음악+한국음악,서양음악,한국음악
"2024 제11회 전남학교예술교육페스티벌, 복합",2,302.0,0,604.0,1.0,0,0.0,7,복합,호남,예울마루,302,서양음악+연극,서양음악,연극
"24시간 프로젝트 시즌6: 박지혁, 천지윤, 상흠, 박지선",1,1.0,30000,1.0,0.03333333333333333,30000,30000.0,0,복합,서울,도곡 율하우스,30,,,
3.1절 기념 한용운이 부르는 님의 침묵,1,1445.0,0,1445.0,0.7097249508840865,0,0.0,6,복합,서울,롯데콘서트홀,2036,서양음악+뮤지컬,서양음악,뮤지컬
3.1절 기념 한용운이 부르는 님의침묵 [광주],1,1029.0,0,1029.0,0.5975609756097561,0,0.0,8,복합,호남,예술의 전당 [광주] (구. 광주문화예술회관),1722,서양음악+대중음악,서양음악,대중음악
3.1절 기념 한용운이 부르는 님의침묵 [대구],1,739.0,0,739.0,0.5755451713395638,0,0.0,7,복합,영남,대구콘서트하우스,1284,서양음악+대중음악,서양음악,대중음악
"3rd GPD FORUM 예술뉴런 뮤지카,  with 권은비, 프라우드먼",1,710.0,21960000,1602.0,1.0942622950819672,13707.865168539325,21960000.0,4,복합,서울,상명아트센터,1464,대중음악+서양음악,대중음악,서양음악
"3인 3색, 동행",1,274.0,0,274.0,0.9927536231884058,0,0.0,5,복합,영남,국립부산국악원,276,서양음악+한국음악,서양음악,한국음악
3팀 3색 가을 콘서트 [울진],1,990.0,0,990.0,1.3451086956521738,0,0.0,3,복합,영남,울진군문화센터,736,무용+뮤지컬,무용,뮤지컬
4.4 독립만세운동 기념음악회: 달의 춤,1,597.0,0,597.0,0.5964035964035964,0,0.0,5,복합,충청,당진문예의전당,1001,서양음악+한국음악,서양음악,한국음악
5히려 좋아,1,357.0,2428000,357.0,0.9780821917808219,6801.120448179272,2428000.0,5,복합,서울,오류아트홀,365,한국음악+무용,한국음악,무용
A prelingual sense,1,6.0,0,6.0,0.2,0,0.0,6,복합,경인,인천아트플랫폼,30,,,
ACC 브런치콘서트 (패키지),3,506.0,34160000,1109.0,0.7220052083333334,30802.524797114518,11386666.666666666,6,복합,호남,국립아시아문화전당,512,연극+대중음악,연극,대중음악
ACC 송년음악회,1,694.0,11489000,694.0,0.7351694915254238,16554.755043227666,11489000.0,6,복합,호남,국립아시아문화전당,944,서양음악+대중음악,서양음악,대중음악
ACC 신비한 극장,6,298.0,0,1774.0,0.3132062146892655,0,0.0,6,복합,호남,국립아시아문화전당,944,,,
"ACT 페스티벌, 오디오비주얼 콘서트",2,974.0,0,1996.0,1.0572033898305084,0,0.0,6,복합,호남,국립아시아문화전당,944,,,
Acculturation (문화접변) 求音 (구음),1,50.0,140000,50.0,0.35714285714285715,2800,140000.0,3,복합,서울,김희수아트센터,140,한국음악+뮤지컬,한국음악,뮤지컬
"Adieu 중구, 힐링의 밤",1,599.0,0,599.0,0.9388714733542319,0,0.0,2,복합,경인,인천중구문화회관,638,한국음악+대중음악,한국음악,대중음악
"Asia & Saha Ⅱ, 중국편 (5.17)",1,658.0,1569500,658.0,0.9177126917712691,2385.258358662614,1569500.0,4,복합,영남,을숙도문화회관,717,뮤지컬+무용,뮤지컬,무용
B612 [인천],1,323.0,2094000,323.0,1.0,6482.97213622291,2094000.0,10,복합,경인,부평아트센터,323,,,
BACH X MOVEMENT season2,1,92.0,3150000,92.0,0.46,34239.13043478261,3150000.0,3,복합,서울,문화비축기지,200,,,
Beyond the Sea,1,171.0,360000,171.0,0.9771428571428571,2105.2631578947367,360000.0,4,복합,서울,JCC 아트센터,175,,,
COLORFULL RUN [세종],1,581.0,308000,581.0,0.6900237529691211,530.1204819277109,308000.0,2,복합,충청,세종문화예술회관,842,무용+연극,무용,연극
"Chair, Table,  Chair",1,149.0,380000,149.0,0.93125,2550.3355704697988,380000.0,4,복합,경인,인천수봉문화회관,160,연극+대중음악,연극,대중음악
Colorful Music Gala Concert,1,589.0,0,589.0,0.9131782945736434,0,0.0,10,복합,경인,성남아트리움 (구. 성남시민회관),645,연극+서양음악,연극,서양음악
"DSAC 문화나눔 프로젝트, 아모르 콘서트: 크로스 오버",1,455.0,0,455.0,1.0,0,0.0,6,복합,영남,달서아트센터 (구. 웃는얼굴아트센터),455,서양음악+무용,서양음악,무용
DUO RECITAL,1,354.0,177000,354.0,1.0,500,177000.0,10,복합,서울,예술의전당 [서울],354,서양음악+한국음악,서양음악,한국음악
"EHWAJANG 326 ARTSTREET BORN SS CONCERT, Stage concert",5,170.0,38400000,850.0,0.85,45176.470588235294,7680000.0,0,복합,서울,한예극장,200,서양음악+대중음악,서양음악,대중음악
FINEDAY FESTIVAL,2,8000.0,275576000,16000.0,1.0,17223.5,137788000.0,7,복합,서울,서울어린이대공원,8000,대중음악+한국음악,대중음악,한국음악
"H-issue vol.1, 아트필드: 청 with 오정해 [하남]",1,734.0,12668000,734.0,0.8057080131723381,17258.85558583106,12668000.0,4,복합,경인,하남문화예술회관,911,서양음악+한국음악,서양음악,한국음악
HAKUEI KIM X 이봉근 X 하윤주 콘서트: 3,1,135.0,2948000,135.0,0.9,21837.037037037036,2948000.0,2,복합,서울,KT&G 상상마당 라이브홀 [마포],150,한국음악+대중음악,한국음악,대중음악
Happy New Year [인천],1,951.0,0,951.0,1.0,0,0.0,4,복합,경인,인천서구문화회관,951,대중음악+서양음악,대중음악,서양음악
Harmony of Light [인천],1,586.0,1635000,586.0,0.9898648648648649,2790.102389078498,1635000.0,5,복합,경인,인천학생교육문화회관,592,,,
IT SHOW 예술로 그려지는 대한민국 [수원],2,280.0,1668000,560.0,0.9333333333333333,2978.5714285714284,834000.0,5,복합,경인,수원SK아트리움,300,,,
IT중소기업을 위한 송년음악회,1,2036.0,0,2036.0,1.0,0,0.0,6,복합,서울,롯데콘서트홀,2036,서양음악+뮤지컬,서양음악,뮤지컬
In & Around C,3,60.0,4472000,180.0,0.3488372093023256,24844.444444444445,1490666.6666666667,3,복합,서울,플랫폼-엘 컨템포러리 아트센터,172,대중음악+서양음악,대중음악,서양음악
Invocation,1,55.0,520000,55.0,0.7333333333333333,9454.545454545454,520000.0,1,복합,서울,게토얼라이브,75,대중음악+연극,대중음악,연극
JAZZ & 국악 With 웅산 [군산],1,342.0,6471000,342.0,0.285,18921.052631578947,6471000.0,4,복합,호남,군산예술의전당,1200,한국음악+뮤지컬,한국음악,뮤지컬
JAZZ & 국악 With 웅산 [인천],1,583.0,6168500,583.0,0.829302987197724,10580.617495711835,6168500.0,2,복합,경인,남동소래아트홀,703,한국음악+뮤지컬,한국음악,뮤지컬
JAZZ & 국악 with 웅산 [장흥],1,416.0,1280000,416.0,0.8387096774193549,3076.923076923077,1280000.0,5,복합,호남,장흥문화예술회관,496,한국음악+대중음악,한국음악,대중음악
"JUKEBOX OPERA, 내가 너라면? BODY CHANGE [광주]",1,1.0,340000,498.0,0.9222222222222223,682.7309236947791,340000.0,1,복합,호남,광산문화예술회관,540,서양음악+대중음악,서양음악,대중음악
Jazz & 국악 With 웅산,1,525.0,0,525.0,0.9375,0,0.0,5,복합,충청,논산아트센터(구. 논산문화예술회관),560,한국음악+무용,한국음악,무용
"K-예술축제 아.우.름, 대전국악방송 개국 7년 기념 공개 음악회",1,542.0,1000000,542.0,0.7226666666666667,1845.018450184502,1000000.0,6,복합,충청,대전시립연정국악원,750,한국음악+서양음악,한국음악,서양음악
"K-예술축제 아.우.름, 대전국악방송 공개음악회: 북새통 [대전]",1,461.0,834000,461.0,0.6146666666666667,1809.110629067245,834000.0,6,복합,충청,대전시립연정국악원,750,한국음악+연극,한국음악,연극
"K-클래식 콘서트 3, 충남예술고등학교 [천안]",1,1166.0,9342000,1166.0,0.7101096224116931,8012.006861063464,9342000.0,3,복합,충청,천안예술의전당,1642,대중음악+뮤지컬,대중음악,뮤지컬
"KOREAN DRUM Ⅲ: THE DRUM SHAMAN, 영혼의 맥박소리",1,752.0,0,752.0,0.8941736028537456,0,0.0,8,복합,영남,(재)영화의전당,841,무용+연극,무용,연극
"LED 미디어 발레컬, 비바츠 태권발레 [천안]",4,710.0,0,2840.0,0.6672932330827067,0,0.0,2,복합,충청,천안시청 봉서홀,1064,,,
Lovely Concert: 매혹적인 클림트의 그림과 함께하는 아름다운 음악회,1,419.0,1940000,419.0,0.9148471615720524,4630.071599045346,1940000.0,6,복합,영남,해운대문화회관,458,,,
MBC 뮤직페스티벌 송년음악회,1,692.0,7040000,692.0,0.9829545454545454,10173.410404624277,7040000.0,4,복합,충청,금산다락원 생명의집,704,서양음악+뮤지컬,서양음악,뮤지컬
"META MUSICA Ⅹ 파사지오 앙상블, 프론티어 스피릿",1,64.0,68000,64.0,0.3386243386243386,1062.5,68000.0,1,복합,서울,일신홀,189,,,
Make a Creative 쇼케이스: 데뷔를 대비하라,3,137.0,0,411.0,0.7098445595854922,0,0.0,5,복합,서울,KOCCA콘텐츠문화광장,193,연극+뮤지컬,연극,뮤지컬
Movie & Musical과 함께하는 음악산책 [홍주],1,535.0,0,535.0,0.8828382838283828,0,0.0,1,복합,충청,홍주문화회관,606,서양음악+대중음악,서양음악,대중음악
Mr 오페라 Miss 뮤지컬 [경주],1,331.0,268000,331.0,1.0,809.6676737160121,268000.0,7,복합,영남,경주예술의전당,331,서양음악+한국음악,서양음악,한국음악
"NPAF, Harmony of 4 Piano & Magic: 4대 피아노와 마술의 하모니 [인천]",1,229.0,0,229.0,0.32574679943101,0,0.0,2,복합,경인,남동소래아트홀,703,서양음악+대중무용,서양음악,대중무용
Nuvelletoile: En Espana [부평],1,319.0,592000,319.0,0.9876160990712074,1855.7993730407522,592000.0,10,복합,경인,부평아트센터,323,서양음악+무용,서양음악,무용
One Free Drink Concert [대전],3,150.0,165000,450.0,0.7653061224489796,366.6666666666667,55000.0,5,복합,충청,조이마루아트홀(복합문화공간 플랜에이),196,서양음악+대중음악,서양음악,대중음악
Orange Music,1,50.0,175000,50.0,0.6666666666666666,3500,175000.0,1,복합,서울,게토얼라이브,75,서양음악+대중음악,서양음악,대중음악
PIUM Project 크리스마스 스페셜 콘서트 [대전],1,259.0,5710000,259.0,0.16752910737386806,22046.332046332045,5710000.0,7,복합,충청,대전예술의전당,1546,서양음악+대중음악,서양음악,대중음악
Re:born과 함께하는 Refresh Concert,1,148.0,780000,148.0,0.925,5270.27027027027,780000.0,3,복합,영남,영도문화예술회관,160,서양음악+연극,서양음악,연극
SBS 뽕사활동과 함께하는 희망나눔 열린음악회 [대구],1,1100.0,3960000,1100.0,0.9900990099009901,3600,3960000.0,6,복합,영남,아양아트센터,1111,대중음악+한국음악,대중음악,한국음악
SCAF 서초아트페스티벌,2,196.0,210000,392.0,0.9702970297029703,535.7142857142857,105000.0,2,복합,서울,페리지홀,202,서양음악+뮤지컬,서양음악,뮤지컬
Struggle,2,600.0,11888000,1200.0,1.0,9906.666666666666,5944000.0,2,복합,서울,아르코예술극장,600,무용+뮤지컬,무용,뮤지컬
Swing Train(스윙 트레인),1,100.0,240000,100.0,0.273972602739726,2400,240000.0,5,복합,서울,오류아트홀,365,한국음악+무용,한국음악,무용
"TABLAO DE NUEVO, POR EL MAR [제주]",1,70.0,1630000,70.0,0.5833333333333334,23285.714285714286,1630000.0,2,복합,제주,세이레아트센터,120,연극+서양음악,연극,서양음악
Talk Talk Talk,2,218.0,105000,550.0,0.7857142857142858,190.9090909090909,52500.0,3,복합,서울,은평문화예술회관,350,연극+대중음악,연극,대중음악
The Magic 팬텀 & 퀸 [논산],1,560.0,0,560.0,1.0,0,0.0,5,복합,충청,논산아트센터(구. 논산문화예술회관),560,대중음악+서양음악,대중음악,서양음악
"The Strangers Strange Songs, 이방인의 낯선 노래",1,80.0,780000,80.0,1.0,9750,780000.0,0,복합,서울,선릉문화공간 제이드409,80,서양음악+한국음악,서양음악,한국음악
"The Strangers Strange Songs, 이방인의 낯선 노래 BY 서린사랑",1,130.0,1288000,130.0,0.9420289855072463,9907.692307692309,1288000.0,6,복합,서울,서울돈화문국악당,138,서양음악+뮤지컬,서양음악,뮤지컬
"The e-끌림 국악 콘서트, 유네스코 창작품 우리네 보물찾기",1,426.0,290000,426.0,0.9301310043668122,680.7511737089202,290000.0,6,복합,영남,해운대문화회관,458,한국음악+서양음악,한국음악,서양음악
"The e-끌림 국악 콘서트, 토끼의 간을 찾아라",1,426.0,635000,426.0,0.9301310043668122,1490.6103286384975,635000.0,6,복합,영남,해운대문화회관,458,한국음악+서양음악,한국음악,서양음악
USW 신년음악회,1,1869.0,2707400,1869.0,0.9179764243614931,1448.582129481006,2707400.0,6,복합,서울,롯데콘서트홀,2036,서양음악+한국음악,서양음악,한국음악
"XR 공연, 도채비 [제주]",5,149.0,2400000,746.0,0.9880794701986755,3217.1581769437,480000.0,1,복합,제주,BeIN(비인),151,,,
[데이터 분리] 바흐 Ⅹ 무브먼트 (패키지) (앵콜),1,70.0,3136000,70.0,0.1881720430107527,44800,3136000.0,5,복합,서울,서울문화재단 대학로극장 쿼드(예술청),372,서양음악+뮤지컬,서양음악,뮤지컬
begin again 타쇼 time [안산],1,654.0,0,654.0,0.9134078212290503,0,0.0,6,복합,경인,안산문화예술의전당,716,무용+대중음악,무용,대중음악
sonic BLOOM,2,462.0,63026000,832.0,1.1885714285714286,75752.40384615384,31513000.0,4,복합,서울,에스팩토리,350,,,
月간 경지: 두개의 Moon,1,392.0,620000,392.0,0.4930817610062893,1581.6326530612246,620000.0,2,복합,경인,계양문화회관,795,한국음악+대중음악,한국음악,대중음악
가슴이 콩닥콩닥 [창원],1,1054.0,0,1054.0,0.8917089678510999,0,0.0,4,복합,영남,3.15아트센터,1182,한국음악+연극,한국음악,연극
가을 콘서트 [광양],1,484.0,2415000,484.0,0.9877551020408163,4989.669421487603,2415000.0,3,복합,호남,광양시문화예술회관,490,서양음악+무용,서양음악,무용
가을날의 음악산책 [홍성],1,535.0,7350000,535.0,0.8828382838283828,13738.317757009347,7350000.0,1,복합,충청,홍주문화회관,606,서양음악+뮤지컬,서양음악,뮤지컬
가을밤의 음악회,1,842.0,0,842.0,0.842,0,0.0,0,복합,서울,국립4·19민주묘지,1000,서양음악+무용,서양음악,무용
"가정의 달 기념공연, 가정음악회 [천안]",1,646.0,29352000,646.0,0.9877675840978594,45436.53250773994,29352000.0,2,복합,충청,천안시성환문화회관,654,대중음악+서양음악,대중음악,서양음악
"가족과 함께하는 카툰 콘서트, 셜록홈즈 With POLYSYMPHONIC [대전]",1,693.0,3671000,693.0,0.4482535575679172,5297.258297258297,3671000.0,7,복합,충청,대전예술의전당,1546,대중음악+한국음악,대중음악,한국음악
"가족과 함께하는 카툰 콘서트, 셜록홈즈 [당진]",1,639.0,3658000,639.0,0.6383616383616384,5724.5696400625975,3658000.0,5,복합,충청,당진문예의전당,1001,서양음악+대중음악,서양음악,대중음악
"강동예술인페스티벌, 강동국제장애인문화교류협회",1,232.0,0,232.0,0.928,0,0.0,7,복합,서울,강동아트센터,250,한국음악+서양음악,한국음악,서양음악
"강동예술인페스티벌, 강동무용협회",2,516.0,0,1032.0,0.6070588235294118,0,0.0,7,복합,서울,강동아트센터,850,한국음악+무용,한국음악,무용
"강릉아트센터 기획공연, 스트라빈스키의 병사이야기",2,347.0,10384000,692.0,0.8987012987012987,15005.78034682081,5192000.0,7,복합,기타,강릉아트센터 (구. 강릉문화예술관),385,연극+대중음악,연극,대중음악
"건강과나눔 22주년 후원콘서트: 걷고, 잇다",1,40.0,0,40.0,0.13333333333333333,0,0.0,5,복합,경인,트라이보울,300,,,
경민대학교 공연예술과 졸업공연,3,304.0,0,912.0,1.0,0,0.0,6,복합,경인,고양아람누리,304,연극+뮤지컬,연극,뮤지컬
경북대학교 신년음악회 [대구],1,2398.0,0,2398.0,1.3053892215568863,0,0.0,8,복합,영남,경북대학교,1837,서양음악+뮤지컬,서양음악,뮤지컬
고3 수험생을 위한 힐링 콘서트 [구리],3,270.0,24160000,810.0,0.9642857142857143,29827.16049382716,8053333.333333333,8,복합,경인,구리아트홀,280,무용+대중음악,무용,대중음악
"고스트 인 더 씨어터, 비욘드 게임",12,31.0,4712000,372.0,0.62,12666.666666666666,392666.6666666667,0,복합,서울,앤드트리 갤러리,50,,,
"고스트쉽, 코마 [세종]",70,27.0,17810000,1890.0,0.025210084033613446,9423.280423280423,254428.57142857142,1,복합,충청,세종예술의전당,1071,,,
고암 이응노 우리에게 보내는 희망편지 [충남],1,154.0,78000,154.0,0.18421052631578946,506.4935064935065,78000.0,8,복합,충청,충남도청 문예회관,836,,,
고양 학생 뮤지컬&연극&영화 축제,2,366.0,0,1036.0,1.0,0,0.0,8,복합,경인,고양아람누리,366,뮤지컬+서양음악,뮤지컬,서양음악
고양 학생 뮤지컬&연극&영화 축제,2,366.0,0,1036.0,1.0,0,0.0,8,복합,경인,고양어울림누리,366,뮤지컬+서양음악,뮤지컬,서양음악
고양 학생 뮤지컬&연극&영화 축제,2,366.0,0,1036.0,1.0,0,0.0,8,복합,경인,고양아람누리,366,뮤지컬+서양음악,뮤지컬,서양음악
고양 학생 뮤지컬&연극&영화 축제,2,366.0,0,1036.0,1.0,0,0.0,8,복합,경인,고양어울림누리,366,뮤지컬+서양음악,뮤지컬,서양음악
고양시 자원봉사자의날 기념행사,1,366.0,0,366.0,1.0,0,0.0,8,복합,경인,고양어울림누리,366,서양음악+한국음악,서양음악,한국음악
"고영열 단독 콘서트, Jazz in 모리: 자진모리",1,456.0,36752000,456.0,1.0,80596.49122807017,36752000.0,4,복합,서울,노들섬,456,한국음악+대중음악,한국음악,대중음악
고창 송년음악회,1,625.0,0,625.0,1.0,0,0.0,2,복합,호남,고창문화의전당,625,대중음악+한국음악,대중음악,한국음악
공상페스티벌: 함께 꿈을 꾸다,1,663.0,0,663.0,0.6623376623376623,0,0.0,5,복합,충청,당진문예의전당,1001,대중음악+무용,대중음악,무용
"공연장상주단체 페스티벌, 한 여름 밤의 선물 [세종]",1,581.0,0,581.0,0.6900237529691211,0,0.0,2,복합,충청,세종문화예술회관,842,연극+뮤지컬,연극,뮤지컬
"공연장상주단체 페스티벌: 한 여름의 축제, YOU [세종]",1,830.0,0,830.0,0.9857482185273159,0,0.0,2,복합,충청,세종문화예술회관,842,서양음악+한국음악,서양음악,한국음악
"공익활동을 위한 기금 마련 콘서트, 당신이 있어 참 좋다!",1,204.0,12840000,204.0,0.2914285714285714,62941.17647058824,12840000.0,2,복합,서울,관악아트홀 (구. 관악문화관),700,대중음악+서양음악,대중음악,서양음악
"관현악시리즈Ⅱ, 관현악의 기원: 이머시브 1인 관람극 (11.23)",40,1.0,365000,40.0,0.0015948963317384368,9125,9125.0,5,복합,서울,국립극장,627,한국음악+서양음악,한국음악,서양음악
"관현악시리즈Ⅱ, 관현악의 기원: 이머시브 1인 관람극 (11.24)",40,1.0,395000,40.0,0.0015948963317384368,9875,9875.0,5,복합,서울,국립극장,627,한국음악+서양음악,한국음악,서양음악
광주상설공연 (10월),17,55.0,0,3585.0,0.8016547406082289,0,0.0,6,복합,호남,광주공연마루,172,한국음악+대중음악,한국음악,대중음악
광주상설공연 (10월),17,55.0,0,3585.0,0.8016547406082289,0,0.0,6,복합,호남,광주공연마루,172,한국음악+대중음악,한국음악,대중음악
광주상설공연 (10월),17,55.0,0,3585.0,0.8016547406082289,0,0.0,6,복합,호남,광주공연마루,172,한국음악+대중음악,한국음악,대중음악
광주상설공연 (10월),17,55.0,0,3585.0,0.8016547406082289,0,0.0,6,복합,호남,광주공연마루,172,한국음악+대중음악,한국음악,대중음악
광주상설공연 (11월),17,60.0,0,4192.0,0.9026701119724376,0,0.0,6,복합,호남,광주공연마루,172,한국음악+대중음악,한국음악,대중음악
광주상설공연 (11월),17,60.0,0,4192.0,0.9026701119724376,0,0.0,6,복합,호남,광주공연마루,172,한국음악+대중음악,한국음악,대중음악
광주상설공연 (11월),17,60.0,0,4192.0,0.9026701119724376,0,0.0,6,복합,호남,광주공연마루,172,한국음악+대중음악,한국음악,대중음악
광주상설공연 (11월),17,60.0,0,4192.0,0.9026701119724376,0,0.0,6,복합,호남,광주공연마루,172,한국음악+대중음악,한국음악,대중음악
광주상설공연 (12월),13,20.0,0,3873.0,1.0235200845665962,0,0.0,6,복합,호남,광주공연마루,172,대중음악+한국음악,대중음악,한국음악
광주상설공연 (12월),13,20.0,0,3873.0,1.0235200845665962,0,0.0,6,복합,호남,광주공연마루,172,대중음악+한국음악,대중음악,한국음악
광주상설공연 (12월),13,20.0,0,3873.0,1.0235200845665962,0,0.0,6,복합,호남,광주공연마루,172,대중음악+한국음악,대중음악,한국음악
광주상설공연 (12월),13,20.0,0,3873.0,1.0235200845665962,0,0.0,6,복합,호남,광주공연마루,172,대중음악+한국음악,대중음악,한국음악
광주상설공연 (6월),10,278.0,0,2454.0,1.4267441860465115,0,0.0,6,복합,호남,광주공연마루,172,한국음악+대중음악,한국음악,대중음악
광주상설공연 (7월),18,151.0,0,4347.0,1.0109302325581395,0,0.0,6,복합,호남,광주공연마루,172,대중음악+한국음악,대중음악,한국음악
광주상설공연 (7월),18,151.0,0,4347.0,1.0109302325581395,0,0.0,6,복합,호남,광주공연마루,172,대중음악+한국음악,대중음악,한국음악
광주상설공연 (7월),18,151.0,0,4347.0,1.0109302325581395,0,0.0,6,복합,호남,광주공연마루,172,대중음악+한국음악,대중음악,한국음악
광주상설공연 (7월),18,151.0,0,4347.0,1.0109302325581395,0,0.0,6,복합,호남,광주공연마루,172,대중음악+한국음악,대중음악,한국음악
광주상설공연 (8월),17,130.0,0,4515.0,0.9375,0,0.0,6,복합,호남,광주공연마루,172,서양음악+연극,서양음악,연극
광주상설공연 (8월),17,130.0,0,4515.0,0.9375,0,0.0,6,복합,호남,광주공연마루,172,서양음악+연극,서양음악,연극
광주상설공연 (8월),17,130.0,0,4515.0,0.9375,0,0.0,6,복합,호남,광주공연마루,172,서양음악+연극,서양음악,연극
광주상설공연 (8월),17,130.0,0,4515.0,0.9375,0,0.0,6,복합,호남,광주공연마루,172,서양음악+연극,서양음악,연극
광주상설공연 (9월),18,92.0,0,5065.0,1.0154370489174018,0,0.0,6,복합,호남,광주공연마루,172,한국음악+서양음악,한국음악,서양음악
광주상설공연 (9월),18,92.0,0,5065.0,1.0154370489174018,0,0.0,6,복합,호남,광주공연마루,172,한국음악+서양음악,한국음악,서양음악
광주상설공연 (9월),18,92.0,0,5065.0,1.0154370489174018,0,0.0,6,복합,호남,광주공연마루,172,한국음악+서양음악,한국음악,서양음악
광주상설공연 (9월),18,92.0,0,5065.0,1.0154370489174018,0,0.0,6,복합,호남,광주공연마루,172,한국음악+서양음악,한국음악,서양음악
광주상설공연(5월),16,80.0,0,1488.0,0.5406976744186046,0,0.0,6,복합,호남,광주공연마루,172,서양음악+뮤지컬,서양음악,뮤지컬
광주상설공연(6월),18,76.0,0,1713.0,0.5532945736434108,0,0.0,6,복합,호남,광주공연마루,172,대중음악+한국음악,대중음악,한국음악
"광주시립교향악단, 그림자극과 함께하는 키즈클래식",5,1.0,22591000,2160.0,0.4716157205240175,10458.796296296296,4518200.0,4,복합,호남,전남대학교 민주마루홀,916,서양음악+무용,서양음악,무용
광주학생 탈렌트 페스티벌,1,517.0,0,517.0,0.5476694915254238,0,0.0,6,복합,호남,국립아시아문화전당,944,서양음악+대중음악,서양음악,대중음악
"국립국악관현악단, 베스트컬렉션 [장흥]",1,458.0,1440000,458.0,0.9233870967741935,3144.1048034934497,1440000.0,5,복합,호남,장흥문화예술회관,496,연극+뮤지컬,연극,뮤지컬
국립극장 달빛 상영회,3,100.0,2196000,300.0,0.0819000819000819,7320,732000.0,5,복합,서울,국립극장,1221,한국음악+연극,한국음악,연극
"국립남도국악원 토요상설, 국악이 좋다: 국악의 향연",1,484.0,0,484.0,0.9307692307692308,0,0.0,5,복합,호남,국립남도국악원,520,한국음악+뮤지컬,한국음악,뮤지컬
"국립남도국악원 토요상설, 국악이 좋다: 엿장수 허쟁강",1,484.0,0,484.0,0.9307692307692308,0,0.0,5,복합,호남,국립남도국악원,520,한국음악+뮤지컬,한국음악,뮤지컬
국립정동극장 신년음악회,1,326.0,19464000,652.0,1.0,29852.76073619632,19464000.0,2,복합,서울,국립정동극장,326,한국음악+대중음악,한국음악,대중음악
국립정동극장 신년음악회,1,326.0,19464000,652.0,1.0,29852.76073619632,19464000.0,2,복합,서울,국립정동극장,326,한국음악+대중음악,한국음악,대중음악
국립정동극장 신년음악회,1,326.0,19464000,652.0,1.0,29852.76073619632,19464000.0,2,복합,서울,국립정동극장,326,한국음악+대중음악,한국음악,대중음악
국립정동극장 신년음악회,1,326.0,19464000,652.0,1.0,29852.76073619632,19464000.0,2,복합,서울,국립정동극장,326,한국음악+대중음악,한국음악,대중음악
"국립정동극장 예술단, 모던정동",4,266.0,34840000,1064.0,0.8159509202453987,32744.360902255637,8710000.0,2,복합,서울,국립정동극장,326,서양음악+한국음악,서양음악,한국음악
"국악과 미디의 크로스오버 콘서트, 흡수 (吸收) [대구]",1,2.0,10000,2.0,0.016666666666666666,5000,10000.0,1,복합,영남,꿈꾸는씨어터,120,,,
"굿모닝콘서트, 비원 of No boundary",1,209.0,439500,209.0,0.9952380952380953,2102.870813397129,439500.0,4,복합,영남,을숙도문화회관,210,한국음악+서양음악,한국음악,서양음악
"그, 그, 그: 그림자 그리고 그대",5,22.0,1176000,98.0,0.24500000000000002,12000,235200.0,4,복합,서울,대학로 이음센터(한국장애인문화예술원),80,,,
그대 먼 데서 이기고 돌아온 사람아,1,290.0,0,290.0,0.9666666666666667,0,0.0,5,복합,충청,당진문예의전당,300,대중음악+한국음악,대중음악,한국음악
"그림 읽어주는 베토벤 the 콘서트2, 고흐 & 고갱 [의정부]",1,70.0,835500,70.0,0.875,11935.714285714286,835500.0,1,복합,경인,의정부아트캠프,80,,,
"그림 읽어주는 베토벤, THE CONCERT: 플란다스의 개 [울산]",2,593.0,14069220,1186.0,0.41526610644257705,11862.748735244519,7034610.0,5,복합,영남,울산문화예술회관,1428,서양음악+뮤지컬,서양음악,뮤지컬
그림이 오감를 만났을때: 감각주의,1,499.0,4780000,499.0,0.9309701492537313,9579.158316633266,4780000.0,4,복합,영남,대덕문화전당,536,,,
"그림이 오감을 만났을 때, 감각주의 Ep.2: 르누아르를 느끼다 [대구]",1,598.0,0,598.0,0.4368151935719503,0,0.0,2,복합,영남,대구학생문화센터,1369,서양음악+한국음악,서양음악,한국음악
그림자극과 함께하는 동물의 사육제,1,467.0,210000,467.0,0.7809364548494984,449.67880085653104,210000.0,4,복합,서울,영산아트홀,598,서양음악+연극,서양음악,연극
그림자극과 함께하는 호두까기 인형 [수원],2,502.0,18627000,1004.0,1.0,18552.788844621515,9313500.0,4,복합,경인,경기아트센터(구. 경기도문화의전당),502,연극+뮤지컬,연극,뮤지컬
그림자극으로 만나는 비발디의 사계,1,505.0,3400000,505.0,1.0,6732.6732673267325,3400000.0,5,복합,영남,동래문화회관,505,연극+대중음악,연극,대중음악
그림자야 놀자 [부천],6,30.0,453700,180.0,0.16574585635359115,2520.5555555555557,75616.66666666667,3,복합,경인,복사골문화센터,181,연극+대중음악,연극,대중음악
"글자공상, 최노아X계수정 라이브 퍼포먼스",1,188.0,0,188.0,0.7258687258687259,0,0.0,0,복합,서울,모두예술극장,259,연극+대중음악,연극,대중음악
"기술 입은 문화예술교육, 무대는 살아있다: IV 쇼케이스",1,450.0,0,450.0,0.4787234042553192,0,0.0,3,복합,기타,춘천문화예술회관,940,,,
"기술입은 문화예술교육, 왓이프 씨어터: AI로 풀어보는 상상극장 쇼케이스",1,940.0,0,940.0,1.0,0,0.0,3,복합,기타,춘천문화예술회관,940,,,
기업인을 위한 서경 송년음악회,1,3022.0,0,3022.0,1.0,0,0.0,3,복합,서울,세종문화회관,3022,서양음악+뮤지컬,서양음악,뮤지컬
기원: 더 비기닝,2,378.0,6916800,756.0,0.7269230769230769,9149.20634920635,3458400.0,5,복합,서울,소월아트홀 (성동문화회관),520,대중음악+한국음악,대중음악,한국음악
"김남중의 쪽마루음악회, 낮별에서 밤별로: I.일월성신, 해와 달의기도",1,30.0,1740000,30.0,1.0,58000,1740000.0,0,복합,서울,클래식고택 [서촌],30,,,
"김남중의 쪽마루음악회, 낮별에서 밤별로: II.풍청월랑, 맑은 바람 달에 스치우고",1,27.0,1620000,27.0,0.9,60000,1620000.0,0,복합,서울,클래식고택 [서촌],30,,,
"김남중의 쪽마루음악회, 낮별에서 밤별로: III.일필휘지, 붓 끝에 써내려간 멜로",1,24.0,1440000,24.0,0.8,60000,1440000.0,0,복합,서울,클래식고택 [서촌],30,,,
김동규와 함께하는 신년 음악회,1,341.0,5442000,341.0,0.8811369509043928,15958.944281524926,5442000.0,5,복합,영남,울주문화예술회관,387,서양음악+한국음악,서양음악,한국음악
김봉곤 훈장과 함께하는 NEW 조선통신사,1,461.0,2512500,461.0,0.8882466281310212,5450.108459869848,2512500.0,2,복합,호남,무안승달문화예술회관,519,한국음악+무용,한국음악,무용
"김수인, 이승민 극락 콘서트 [평택]",1,502.0,4736000,502.0,0.9012567324955116,9434.262948207172,4736000.0,5,복합,경인,한국소리터,557,한국음악+대중음악,한국음악,대중음악
김영임 & 김용임과 함께하는 희희낙락 [문경],2,796.0,3834000,1592.0,0.9660194174757282,2408.291457286432,1917000.0,3,복합,영남,문경문화예술회관,824,한국음악+대중음악,한국음악,대중음악
"김주원의 사색여정 with 무용가 김매자, 배정혜, 국수호 그리고 이정윤의 별",1,300.0,4956000,300.0,0.625,16520,4956000.0,1,복합,경인,광명문화예술교육지원센터 광명극장,480,무용+대중무용,무용,대중무용
"김주원의 사색여정 with 반도네오니스트 고상지, 축제",1,305.0,11594000,305.0,0.6354166666666666,38013.11475409836,11594000.0,1,복합,경인,광명문화예술교육지원센터 광명극장,480,무용+서양음악,무용,서양음악
"김주원의 사색여정 with 소리꾼 이자람, 동행",1,334.0,5466000,334.0,0.6958333333333333,16365.269461077844,5466000.0,1,복합,경인,광명문화예술교육지원센터 광명극장,480,무용+한국음악,무용,한국음악
"김주원의 사색여정 with 소프라노 황수미, 선물",1,300.0,6970000,300.0,0.625,23233.333333333332,6970000.0,1,복합,경인,광명문화예술교육지원센터 광명극장,480,무용+서양음악,무용,서양음악
김준수 & 두 번째 달 콘서트 [평택],1,557.0,2936000,557.0,1.0,5271.095152603231,2936000.0,5,복합,경인,한국소리터,557,한국음악+대중음악,한국음악,대중음악
김준수 X 두번째달 콘서트 [광주],1,425.0,8089000,425.0,0.8432539682539683,19032.941176470587,8089000.0,8,복합,호남,예술의 전당 [광주] (구. 광주문화예술회관),504,한국음악+대중음악,한국음악,대중음악
"김준수와 함께하는 하남명무전, 봄, 춤으로 피어나다 [하남]",1,311.0,5614000,311.0,0.8760563380281691,18051.446945337622,5614000.0,4,복합,경인,하남문화예술회관,355,무용+한국음악,무용,한국음악
"김천시립예술단 서울공연, Memory in 김천",1,1099.0,0,1099.0,0.9282094594594594,0,0.0,4,복합,서울,올림픽공원,1184,서양음악+한국음악,서양음악,한국음악
"김천시립예술단 송년음악회, CHRISTMAS CONCERT",1,563.0,0,563.0,0.6066810344827587,0,0.0,6,복합,영남,김천시문화예술회관,928,서양음악+한국음악,서양음악,한국음악
김태연과 함께하는 열린음악회 [영광],1,620.0,1026000,620.0,1.0708117443868739,1654.8387096774193,1026000.0,5,복합,호남,영광예술의전당,579,서양음악+대중음악,서양음악,대중음악
깽판: 우리가 살판 [양주],1,210.0,440000,210.0,0.22340425531914893,2095.2380952380954,440000.0,3,복합,경인,양주문화예술회관,940,뮤지컬+한국음악,뮤지컬,한국음악
"꿈 같은 마술이야기, 몽환록 [세종]",1,573.0,800000,573.0,0.6805225653206651,1396.1605584642234,800000.0,2,복합,충청,세종문화예술회관,842,연극+뮤지컬,연극,뮤지컬
꿈꾸는 어린이 예술극장 [공주],4,432.0,6165000,1728.0,0.6868044515103339,3567.7083333333335,1541250.0,5,복합,충청,공주문예회관,629,대중무용+무용,대중무용,무용
"꿈나무극장 오감똑똑 어린이공연, 싸운드 써커스",2,153.0,1846000,306.0,1.0,6032.679738562091,923000.0,4,복합,서울,꿈나무극장,153,무용+뮤지컬,무용,뮤지컬
꿈의 오케스트라 강릉: 소망과 꿈을 모아서,1,696.0,0,696.0,0.7160493827160493,0,0.0,7,복합,기타,강릉아트센터 (구. 강릉문화예술관),972,무용+뮤지컬,무용,뮤지컬
나다 뮤직페스티벌 (NADA Art & Music Festival),1,178.0,3920000,178.0,0.5493827160493827,22022.47191011236,3920000.0,0,복합,서울,성북미디어문화마루 꿈빛극장,324,대중음악+대중무용,대중음악,대중무용
"나태주 시인과 함께하는 시와 음악: 가장 아름다운 선물, 당신 [공주]",1,488.0,6292000,488.0,0.7758346581875993,12893.442622950819,6292000.0,5,복합,충청,공주문예회관,629,서양음악+한국음악,서양음악,한국음악
"나화랑, 파랑새 노래하는 청포도 넝쿨 아래로 [김천]",1,224.0,0,224.0,0.4827586206896552,0,0.0,2,복합,영남,김천시립율곡도서관,464,서양음악+뮤지컬,서양음악,뮤지컬
난·잡·한 자기소개,2,139.0,0,278.0,0.5366795366795367,0,0.0,0,복합,서울,모두예술극장,259,,,
"남구청년예술제, 함께푸르다: 해야청청",3,38.0,0,151.0,0.09390547263681592,0,0.0,4,복합,영남,대덕문화전당,536,서양음악+뮤지컬,서양음악,뮤지컬
"남상일 & 리사의 뮤지컬, 국악을 만나다 [연천]",1,550.0,2374500,550.0,1.0,4317.272727272727,2374500.0,4,복합,경인,연천수레울아트홀,550,뮤지컬+한국음악,뮤지컬,한국음악
낭만 정원 콘서트: 낭만가객 조선판 풍류 [순천],2,133.0,0,266.0,0.14551422319474835,0,0.0,1,복합,호남,순천문화예술회관,914,대중음악+한국음악,대중음악,한국음악
내시십분 콘서트 [부산],1,30.0,200000,30.0,0.6,6666.666666666667,200000.0,0,복합,영남,더 바이널 언더그라운드,50,대중음악+연극,대중음악,연극
"너드커넥션 단독 공연, 설명하기 어려운 것들",3,633.0,187570900,1989.0,0.7997587454764776,94304.1226747109,62523633.333333336,7,복합,서울,연세대학교 백주년기념관,829,,,
너에게 들려주고 싶은 클래식 이야기: 너클리,1,896.0,6401000,896.0,0.8130671506352087,7143.973214285715,6401000.0,7,복합,경인,성남아트센터,1102,,,
"노래극,  오월",1,291.0,0,291.0,0.521505376344086,0,0.0,1,복합,호남,남도소리울림터,558,대중음악+연극,대중음악,연극
누모리 쇼 [논산],1,531.0,2160000,531.0,0.9482142857142857,4067.7966101694915,2160000.0,5,복합,충청,논산아트센터(구. 논산문화예술회관),560,한국음악+연극,한국음악,연극
누모리쇼,1,293.0,2186000,293.0,0.5813492063492064,7460.750853242321,2186000.0,8,복합,호남,예술의 전당 [광주] (구. 광주문화예술회관),504,한국음악+뮤지컬,한국음악,뮤지컬
"늘휘무용단 가을신작, 변곡의 점",2,627.0,1420000,1254.0,1.0,1132.3763955342902,710000.0,5,복합,서울,국립극장,627,,,
늦은 여름밤의 군민응원콘서트 [옥천],1,478.0,9050000,478.0,1.0,18933.05439330544,9050000.0,3,복합,충청,옥천문화예술회관,478,대중음악+연극,대중음악,연극
다페르튜토 쿼드,18,100.0,21436000,1800.0,0.26881720430107525,11908.888888888889,1190888.888888889,5,복합,서울,서울문화재단 대학로극장 쿼드(예술청),372,,,
"단오장단과 함께하는 피아노의 향연, 일곱 번째 이야기",1,585.0,525000,585.0,0.6018518518518519,897.4358974358975,525000.0,7,복합,기타,강릉아트센터(구. 강릉문화예술관),972,대중음악+연극,대중음악,연극
단오지향,4,421.0,6107000,1804.0,0.46399176954732513,3385.2549889135257,1526750.0,7,복합,기타,강릉아트센터(구. 강릉문화예술관),972,무용+뮤지컬,무용,뮤지컬
"당진시 인구 17만 달성 기념 축하 공연, 17 to 20",1,669.0,0,669.0,0.6683316683316683,0,0.0,5,복합,충청,당진문예의전당,1001,한국음악+연극,한국음악,연극
대구학생문화센터 합창단·합주단·국악단 연합 정기연주회,1,1582.0,0,1582.0,1.1555880204528852,0,0.0,2,복합,영남,대구학생문화센터,1369,뮤지컬+서양음악,뮤지컬,서양음악
"대덕문화전당 패밀리 페스타 Ⅳ, 호두까기 인형 [대구]",2,1.0,10122000,1054.0,0.9832089552238805,9603.415559772297,5061000.0,4,복합,영남,대덕문화전당,536,,,
"대한문화예술제전, 회.귀",2,322.0,59100000,322.0,0.24468085106382978,183540.37267080744,29550000.0,7,복합,서울,국립국악원,658,무용+한국음악,무용,한국음악
"대한민국 청년축제, 청춘뉴런",1,1949.0,3520000,1949.0,0.96057171020207,1806.054386865059,3520000.0,5,복합,서울,세종대학교 대양홀,2029,서양음악+한국음악,서양음악,한국음악
더 매직 팬텀 앤 퀸 [함안],1,510.0,7722500,510.0,1.0,15142.156862745098,7722500.0,5,복합,영남,함안문화예술회관,510,,,
더 퍼스트 뮤직 IN 슬램덩크,1,1468.0,48854000,1468.0,0.8137472283813747,33279.29155313352,48854000.0,7,복합,경인,성남아트센터,1804,대중음악+서양음악,대중음악,서양음악
"더 하우스 콘서트, 해금과 재즈피아노의 만남 [양산]",1,242.0,2892000,242.0,0.968,11950.413223140496,2892000.0,3,복합,영남,쌍벽루아트홀,250,서양음악+한국음악,서양음악,한국음악
"덴마크 국립체조단, The Show KATA [대구]",1,1.0,2489000,406.0,0.9552941176470588,6130.541871921182,2489000.0,5,복합,영남,어울아트센터(구. 대구북구문예회관),425,,,
도란도란 이야기 보따리 [서울],2,10.0,0,20.0,0.05,0,0.0,0,복합,서울,한예극장,200,,,
도란도란 이야기 보따리 [전주],2,60.0,0,80.0,0.17857142857142858,0,0.0,6,복합,호남,전북대학교 삼성문화회관,224,,,
도란도란 이야기 보따리 [제주],1,8.0,0,8.0,0.042105263157894736,0,0.0,5,복합,제주,서귀포예술의전당,190,,,
도란도란 이야기보따리 [성남],2,373.0,0,746.0,0.9867724867724867,0,0.0,7,복합,경인,성남아트센터,378,,,
"돈키호테, 엉뚱하면 어때? [남양주]",1,450.0,3966600,450.0,0.907258064516129,8814.666666666666,3966600.0,3,복합,경인,다산아트홀,496,연극+뮤지컬,연극,뮤지컬
"동고동락 청년 예술 콘서트, 청신호: 파동이 우리를 주파할 때 [안산]",3,51.0,0,160.0,0.38095238095238093,0,0.0,6,복합,경인,안산문화예술의전당,140,서양음악+무용,서양음악,무용
동물의 사육제 & 피터와 늑대 [광양],1,417.0,1251000,417.0,0.8510204081632653,3000,1251000.0,3,복합,호남,광양시문화예술회관,490,연극+서양음악,연극,서양음악
동물의 사육제 [세종],2,220.0,4150500,440.0,1.0,9432.954545454546,2075250.0,9,복합,충청,비오케이아트센터(BOK아트센터),220,서양음악+무용,서양음악,무용
동물의 사육제와 피터와 늑대,2,250.0,2079000,510.0,0.8500000000000001,4076.470588235294,1039500.0,5,복합,충청,천안어린이꿈누리터(구. 천안시 어린이 회관),300,무용+대중무용,무용,대중무용
동백꽃 여인 (La Traviata) [충주],1,774.0,0,774.0,0.8706411698537683,0,0.0,1,복합,충청,충주시문화회관,889,서양음악+한국음악,서양음악,한국음악
동아시아문화도시 개막식 [김해],1,1334.0,0,1334.0,0.9112021857923497,0,0.0,8,복합,영남,김해문화의전당,1464,연극+한국음악,연극,한국음악
동행 [대구],1,414.0,414000,414.0,0.3572044866264021,1000,414000.0,3,복합,영남,수성아트피아,1159,서양음악+뮤지컬,서양음악,뮤지컬
드림 희망 콘서트 [김제],1,430.0,0,430.0,0.8811475409836066,0,0.0,4,복합,호남,김제문화예술회관,488,대중음악+서양음악,대중음악,서양음악
디스이즈잇 [제주],2,735.0,0,1470.0,0.620777027027027,0,0.0,6,복합,제주,제주아트센터,1184,무용+한국음악,무용,한국음악
라움 마티네 콘서트,6,200.0,19029200,1220.0,0.529513888888889,15597.704918032787,3171533.3333333335,2,복합,서울,소셜베뉴 라움,384,서양음악+뮤지컬,서양음악,뮤지컬
라임의 왕 김삿갓 [춘천],2,554.0,3460000,1108.0,0.5893617021276596,3122.7436823104695,1730000.0,3,복합,기타,춘천문화예술회관,940,연극+뮤지컬,연극,뮤지컬
레이저 무브 아트쇼,1,280.0,853500,280.0,0.9893992932862191,3048.214285714286,853500.0,8,복합,서울,꿈의숲아트센터,283,,,
"렉처콘서트, 차인표의 여행스케치 [태백]",1,200.0,3304000,200.0,0.9852216748768473,16520,3304000.0,5,복합,기타,태백문화예술회관,203,대중음악+서양음악,대중음악,서양음악
루비뮤직 Ruby music Vin chaud Christmas,1,100.0,150000,100.0,1.0,1500,150000.0,5,복합,서울,더케이호텔 [서울],100,서양음악+한국음악,서양음악,한국음악
룰루랄라와 함께하는 동화책 콘서트,28,39.0,3528000,365.0,0.056188423645320194,9665.753424657534,126000.0,0,복합,충청,아트그라운드 플래닌,232,연극+한국음악,연극,한국음악
마티네 콘서트 [용인],4,1068.0,44027000,4272.0,0.8482922954725973,10305.945692883895,11006750.0,5,복합,경인,용인포은아트홀,1259,서양음악+대중음악,서양음악,대중음악
"마티네콘서트 마실, 협궤열차의 꿈",1,695.0,452500,695.0,0.9886201991465149,651.0791366906475,452500.0,2,복합,경인,남동소래아트홀,703,대중음악+연극,대중음악,연극
만해 한용운 선생 79주기 추모예술제,1,627.0,0,627.0,1.0,0,0.0,5,복합,서울,국립극장,627,연극+한국음악,연극,한국음악
"매드라인 x 날라리와 쟁이, 화합과 교류의 두드림 [대구]",1,1092.0,390000,1092.0,1.0833333333333333,357.14285714285717,390000.0,2,복합,영남,대구문화예술회관,1008,서양음악+연극,서양음악,연극
모던 아트 콜렉션 /혼,1,267.0,16420000,267.0,0.9434628975265018,61498.12734082397,16420000.0,8,복합,서울,꿈의숲아트센터,283,,,
"모도다프로젝트, 감정: 팔이",1,133.0,560000,133.0,0.9637681159420289,4210.526315789473,560000.0,6,복합,서울,서울돈화문국악당,138,무용+한국음악,무용,한국음악
"모두뮤직페스타, Belonging Ⅳ: 해방 Emancipation",1,248.0,0,248.0,0.9575289575289575,0,0.0,0,복합,서울,모두예술극장,259,무용+연극,무용,연극
"모두예술극장 개관프로그램, 어둠 속에, 풍경",3,50.0,0,100.0,0.1287001287001287,0,0.0,0,복합,서울,모두예술극장,259,,,
"모두예술극장 기획프로그램: 어둠 속에, 풍경",5,139.0,8802000,695.0,0.5366795366795367,12664.74820143885,1760400.0,0,복합,서울,모두예술극장,259,,,
모래에 이야기 꽃을 피우다 [인천],1,149.0,1170000,149.0,0.93125,7852.3489932885905,1170000.0,4,복합,경인,인천수봉문화회관,160,대중음악+연극,대중음악,연극
모래의 마법사,8,23.0,6310000,604.0,0.3775,10447.019867549669,788750.0,0,복합,영남,초록마술극장,100,무용+서양음악,무용,서양음악
모래의 마법사,8,23.0,6310000,604.0,0.3775,10447.019867549669,788750.0,0,복합,영남,초록마술극장,100,무용+서양음악,무용,서양음악
모래의 마법사,8,23.0,6310000,604.0,0.3775,10447.019867549669,788750.0,0,복합,영남,초록마술극장,100,무용+서양음악,무용,서양음악
모래의 마법사,8,23.0,6310000,604.0,0.3775,10447.019867549669,788750.0,0,복합,영남,초록마술극장,100,무용+서양음악,무용,서양음악
"몽골국립예술단 초청공연, Nomad, met as art [예산]",1,688.0,1118500,688.0,0.8229665071770335,1625.7267441860465,1118500.0,8,복합,충청,충남도청 문예회관,836,무용+대중음악,무용,대중음악
몽환록: 꿈 같은 마술 이야기 [세종],1,430.0,16476000,914.0,0.8534080298786181,18026.25820568928,16476000.0,1,복합,충청,세종예술의전당,1071,연극+서양음악,연극,서양음악
무등의 산 [광주],1,450.0,0,450.0,0.8333333333333334,0,0.0,1,복합,호남,광산문화예술회관,540,,,
무브먼트 코리아 [논산],1,529.0,4850000,529.0,0.9446428571428571,9168.241965973535,4850000.0,5,복합,충청,논산아트센터(구. 논산문화예술회관),560,,,
"무장애 문화향유 활성화 지원사업, 이심전심 문화공감",1,486.0,0,486.0,1.0,0,0.0,4,복합,경인,청라복합문화센터 블루노바홀,486,대중음악+서양음악,대중음악,서양음악
"문화공감터 렉처 콘서트: 원도심 재생의 아름다움, 나의 일상에 들어오다",1,60.0,0,60.0,0.059940059940059943,0,0.0,5,복합,충청,당진문예의전당,1001,뮤지컬+서양음악,뮤지컬,서양음악
물질 [고양],3,302.0,2300000,906.0,0.9934210526315791,2538.6313465783664,766666.6666666666,6,복합,경인,고양아람누리,304,,,
뮤즈하모니 신년음악회: 팝페라 X 국악,1,196.0,3400000,196.0,0.38966202783300197,17346.938775510203,3400000.0,4,복합,경인,김포아트홀,503,서양음악+한국음악,서양음악,한국음악
"뮤지컬 아이스쇼, G-SHOW: THE LUNA",25,2148.0,592442800,52188.0,0.3865777777777778,11352.088602743926,23697712.0,5,복합,서울,잠실학생체육관,5400,,,
뮤지컬군과 오페라양의 사랑이야기 [수원],1,301.0,1455000,301.0,0.599601593625498,4833.887043189368,1455000.0,4,복합,경인,경기아트센터(구. 경기도문화의전당),502,서양음악+뮤지컬,서양음악,뮤지컬
뮤지컬배우 박해미와 함께하는 열린음악회 [부안],1,355.0,1580000,355.0,0.7114228456913828,4450.704225352113,1580000.0,1,복합,호남,부안예술회관,499,뮤지컬+연극,뮤지컬,연극
미드-필ㄷ-ㅓ: 접촉면에 한하여,3,44.0,3843000,134.0,0.40606060606060607,28679.10447761194,1281000.0,2,복합,서울,아르코예술극장,110,,,
미디어아트 아이스 쇼 G-SHOW,18,1.0,728420600,21907.0,0.24341111111111113,33250.58657050258,40467811.11111111,4,복합,서울,목동 아이스링크,5000,,,
미디어아트와 함께 하는 춤 이야기: The Moon [용인],1,1084.0,10564500,1084.0,0.8610007942811755,9745.848708487085,10564500.0,5,복합,경인,용인포은아트홀,1259,,,
"미술관 옆 오페라하우스 Ⅰ, 오페라 카르멘",1,352.0,12946000,352.0,0.4495530012771392,36778.40909090909,12946000.0,7,복합,영남,부산문화회관,783,,,
"미술관 옆 오페라하우스 Ⅱ, 오페라 나비부인&투란도트",1,352.0,7791000,352.0,0.4495530012771392,22133.522727272728,7791000.0,7,복합,영남,부산문화회관,783,,,
"미술관 옆 오페라하우스 Ⅲ, 오페라 라 트라비아타",1,352.0,7797000,352.0,0.4495530012771392,22150.56818181818,7797000.0,7,복합,영남,부산문화회관,783,,,
미스테리우스 [경기 광주],1,670.0,1636000,670.0,0.6454720616570327,2441.791044776119,1636000.0,8,복합,경인,남한산성아트홀,1038,,,
미야자키 하야오 영화음악 콘서트 with 샌드애니메이션 [과천],1,929.0,21074000,929.0,1.0,22684.607104413346,21074000.0,5,복합,경인,과천시민회관,929,서양음악+연극,서양음악,연극
미야자키 하야오 영화음악 콘서트 with 샌드애니메이션 [대전],1,1421.0,76164000,1421.0,0.9191461836998707,53598.87403237157,76164000.0,7,복합,충청,대전예술의전당,1546,서양음악+연극,서양음악,연극
미야자키 하야오 영화음악 콘서트 with 샌드애니메이션 [창원],1,1648.0,52998000,1648.0,0.9694117647058823,32158.980582524273,52998000.0,2,복합,영남,성산아트홀,1700,서양음악+대중음악,서양음악,대중음악
"미야자키 하야오 영화음악 콘서트, Best Collection with 샌드아트 임혁필",1,1869.0,68713150,1869.0,0.9179764243614931,36764.66024612092,68713150.0,6,복합,서울,롯데콘서트홀,2036,,,
"바리톤 정 경의 오페라마, 정신나간 작곡가와 키스하다",1,304.0,3503000,304.0,1.0,11523.026315789473,3503000.0,0,복합,경인,부천아트센터,304,서양음악+무용,서양음악,무용
박 벌어진다 [연천],1,550.0,1086000,550.0,1.0,1974.5454545454545,1086000.0,4,복합,경인,연천수레울아트홀,550,,,
"박순아 & 키무라 슌스케: mortal, immortal",1,50.0,470000,50.0,0.6666666666666666,9400,470000.0,1,복합,서울,게토얼라이브,75,한국음악+뮤지컬,한국음악,뮤지컬
반짝반짝 그 찬란한 날 [대구],1,157.0,0,157.0,0.9874213836477987,0,0.0,2,복합,영남,대구학생문화센터,159,무용+서양음악,무용,서양음악
"발레 & 스트릿, 비트 온 포인트",1,563.0,7652000,563.0,0.842814371257485,13591.474245115453,7652000.0,7,복합,서울,강북문화예술회관,668,무용+서양음악,무용,서양음악
발레 메카닉 [강동],2,228.0,2913750,456.0,0.912,6389.8026315789475,1456875.0,7,복합,서울,강동아트센터,250,서양음악+무용,서양음악,무용
"발레와 국악의 조합, 마블링 [포항]",1,10.0,2359000,298.0,0.4991624790619765,7916.107382550335,2359000.0,5,복합,영남,포항시청 대잠홀,597,무용+대중무용,무용,대중무용
"발레와 국악의 조합, 마블링 [화성]",1,529.0,4754000,529.0,0.9653284671532847,8986.767485822305,4754000.0,5,복합,경인,반석아트홀(동탄복합문화센터),548,무용+서양음악,무용,서양음악
발레와 스트리트 댄스의 짜릿한 만남! 비트 온 포인트 [예천],1,567.0,3646000,567.0,0.7974683544303798,6430.335097001764,3646000.0,4,복합,영남,예천군문화회관,711,뮤지컬+한국음악,뮤지컬,한국음악
발칙한 세여자의 세계음악여행,1,200.0,9000000,200.0,0.3367003367003367,45000,9000000.0,0,복합,영남,부산예술대학교 원곡예술관,594,서양음악+연극,서양음악,연극
밤이 없는 여름,6,25.0,874000,150.0,0.5,5826.666666666667,145666.66666666666,4,복합,서울,신촌문화발전소,50,,,
방과후 공연놀이터,8,166.0,12016000,2888.0,0.7078431372549019,4160.664819944598,1502000.0,6,복합,서울,노원어린이극장 (구.노원어울림극장),204,무용+대중음악,무용,대중음악
방과후 공연놀이터,8,166.0,12016000,2888.0,0.7078431372549019,4160.664819944598,1502000.0,6,복합,서울,노원어린이극장(구.노원어울림극장),204,무용+대중음악,무용,대중음악
방과후 공연놀이터,8,166.0,12016000,2888.0,0.7078431372549019,4160.664819944598,1502000.0,6,복합,서울,노원어린이극장 (구.노원어울림극장),204,무용+대중음악,무용,대중음악
방과후 공연놀이터,8,166.0,12016000,2888.0,0.7078431372549019,4160.664819944598,1502000.0,6,복합,서울,노원어린이극장(구.노원어울림극장),204,무용+대중음악,무용,대중음악
방구 대 방구 [의정부],2,36.0,938700,63.0,0.63,14900,469350.0,5,복합,경인,우리소극장 [의정부],50,뮤지컬+연극,뮤지컬,연극
방귀 며느리 [통영],1,500.0,570000,500.0,0.5681818181818182,1140,570000.0,4,복합,영남,통영시민문화회관,880,연극+한국음악,연극,한국음악
"방방곡곡 문화공감, 누모리쇼",1,451.0,1747000,451.0,1.0,3873.6141906873613,1747000.0,6,복합,경인,이천아트홀,451,한국음악+무용,한국음악,무용
배리어프리 뮤직페스티벌,1,1137.0,420000,1137.0,0.9312039312039312,369.39313984168865,420000.0,5,복합,서울,국립극장,1221,서양음악+뮤지컬,서양음악,뮤지컬
"배익한 재즈 오케스트라, 재즈와 판소리의 만남: 재즈 x 판",1,324.0,1860000,324.0,1.0,5740.740740740741,1860000.0,0,복합,서울,성북미디어문화마루 꿈빛극장,324,대중음악+서양음악,대중음악,서양음악
"배익한 재즈오케스트라, 소리: 흥을 더하다",1,70.0,0,70.0,0.25,0,0.0,8,복합,경인,구리아트홀,280,서양음악+한국음악,서양음악,한국음악
벌나비가 찾아와서 봄소식을 전하는데,1,442.0,0,442.0,0.9778761061946902,0,0.0,3,복합,영남,대구서구문화회관,452,한국음악+대중음악,한국음악,대중음악
베스트슬립 수면콘서트,1,1.0,5390000,154.0,0.28,35000,5390000.0,3,복합,서울,세빛섬,550,서양음악+대중음악,서양음악,대중음악
벽을 뚫고 나온 꽃 [과천],1,380.0,2070000,380.0,1.0,5447.368421052632,2070000.0,5,복합,경인,과천시민회관,380,무용+연극,무용,연극
별세계 [세종],1,148.0,3368000,372.0,0.4418052256532066,9053.763440860215,3368000.0,2,복합,충청,세종문화예술회관,842,,,
별주부전,4,130.0,10187000,1196.0,0.9870588235294118,8517.558528428093,2546750.0,7,복합,서울,국립국악원,130,연극+뮤지컬,연극,뮤지컬
"보트피플ver.2, 바다의 아우슈비츠",1,1.0,2439000,476.0,1.12,5123.949579831933,2439000.0,5,복합,영남,어울아트센터(구. 대구북구문예회관),425,한국음악+무용,한국음악,무용
봄 ＆ 희망 콘서트 [대구],1,958.0,4016000,958.0,0.6429530201342282,4192.066805845511,4016000.0,4,복합,영남,대구오페라하우스,1490,서양음악+무용,서양음악,무용
봄의향연 [오산],1,800.0,30234000,800.0,1.0,37792.5,30234000.0,2,복합,경인,오산문화예술회관,800,대중음악+뮤지컬,대중음악,뮤지컬
"부산국악방송 개국12주년기념 공개음악회, 좋아海 사랑海",1,470.0,0,470.0,0.685131195335277,0,0.0,5,복합,영남,국립부산국악원,686,한국음악+연극,한국음악,연극
부산국제공연예술마켓 (BPAM) (전일권),1,100.0,200000,100.0,0.07057163020465773,2000,200000.0,7,복합,영남,부산문화회관,1417,한국음악+연극,한국음악,연극
"부산시립예술단 연합공연, 가마釜 뫼山",2,3.0,28830000,6.0,0.002117148906139732,4805000,14415000.0,7,복합,영남,부산문화회관,1417,뮤지컬+한국음악,뮤지컬,한국음악
부안 송년 콘서트,1,417.0,0,417.0,0.8356713426853707,0,0.0,1,복합,호남,부안예술회관,499,한국음악+뮤지컬,한국음악,뮤지컬
뷰티힐링 콘서트 with VIPIST [고양],1,366.0,0,366.0,1.0,0,0.0,8,복합,경인,고양어울림누리,366,서양음악+무용,서양음악,무용
브라소닛 빅밴드 & 앰비규어스댄스컴퍼니: Body & Voice [서산],1,601.0,12398000,601.0,1.0,20628.951747088187,12398000.0,3,복합,충청,서산시문화회관,601,,,
"브라소닛 빅밴드와 앰비규어스댄스컴퍼니, Body ＆ Voice [부천]",1,274.0,3392000,274.0,0.2632084534101825,12379.56204379562,3392000.0,4,복합,경인,부천시민회관,1041,대중음악+무용,대중음악,무용
"브라소닛 빅밴드와 앰비규어스댄스컴퍼니, Body ＆ Voice [안동]",1,1.0,3144000,244.0,0.2454728370221328,12885.245901639344,3144000.0,7,복합,영남,안동문화예술의전당,994,무용+대중음악,무용,대중음악
"브람스의 구연동화 연가곡, 아름다운 마겔로네",1,115.0,63000,115.0,0.7986111111111112,547.8260869565217,63000.0,5,복합,서울,거암아트홀,144,서양음악+한국음악,서양음악,한국음악
"브런치 콘서트, 김효영의 아름답고 신비한 생황의 초대 (6월)",1,1.0,806000,96.0,0.34782608695652173,8395.833333333334,806000.0,7,복합,영남,안동문화예술의전당,276,한국음악+서양음악,한국음악,서양음악
"브런치&리너 콘서트, 피아니스트 김용진과 함께하는 이달의 공연: 7월의 발레",1,579.0,7548000,579.0,1.0,13036.269430051814,7548000.0,6,복합,서울,구로아트밸리,579,서양음악+한국음악,서양음악,한국음악
브런치콘서트 피아니스트 김용진과 함께하는 이달의 공연: 국악이 흐르는 클래식 (9월),1,355.0,780000,355.0,0.613126079447323,2197.1830985915494,780000.0,6,복합,서울,구로아트밸리,579,서양음악+한국음악,서양음악,한국음악
"브런치콘서트 피아니스트 김용진과 함께하는 이달의 공연: 보이는 콘서트, 현대무용 (8월)",1,355.0,926000,355.0,0.613126079447323,2608.450704225352,926000.0,6,복합,서울,구로아트밸리,579,서양음악+뮤지컬,서양음악,뮤지컬
브비브비 시즌2 [울산],2,818.0,0,1644.0,1.1643059490084986,0,0.0,2,복합,영남,울산광역시학생교육문화회관,706,,,
비르투오소 인 클래식 [부천],1,304.0,0,304.0,1.0,0,0.0,0,복합,경인,부천아트센터,304,서양음악+무용,서양음악,무용
비르투오소 인 클래식 [의정부],1,188.0,1302000,188.0,0.8068669527896996,6925.531914893617,1302000.0,6,복합,경인,의정부예술의전당,233,서양음악+대중음악,서양음악,대중음악
비르투오소 인 클래식 [하남],1,285.0,1596000,285.0,0.8028169014084507,5600,1596000.0,4,복합,경인,하남문화예술회관,355,서양음악+대중음악,서양음악,대중음악
비비런: 출발! 타이탄 지구 탐사대,4,281.0,776000,1124.0,1.0,690.3914590747331,194000.0,3,복합,서울,종로아이들극장,281,,,
비오케이 문화산책 (10월),1,220.0,40000,220.0,1.0,181.8181818181818,40000.0,9,복합,충청,비오케이아트센터(BOK아트센터),220,한국음악+서양음악,한국음악,서양음악
빛고을 뮤직페스티벌 [광주],5,1.0,2430000,1545.0,0.43216783216783217,1572.8155339805826,486000.0,1,복합,호남,빛고을시민문화관,715,대중음악+한국음악,대중음악,한국음악
빨간풍선,12,499.0,20821000,3613.0,1.3272068120752332,5762.800996401882,1735083.3333333333,2,복합,경인,남동소래아트홀,703,대중음악+연극,대중음악,연극
뽀로로 매직 싱어롱쇼: 슈퍼스타 뽀로로 드림콘서트,27,1084.0,515237260,29268.0,1.0037037037037038,17604.115757824246,19082861.48148148,8,복합,서울,코엑스,1080,뮤지컬+대중음악,뮤지컬,대중음악
"삼국유사교육문화회관 가을밤 콘서트, 모던민요: 송소희 & 두번째달 & 오단해",1,338.0,4972000,338.0,0.7145877378435518,14710.059171597633,4972000.0,6,복합,영남,군위 삼국유사교육문화회관,473,뮤지컬+연극,뮤지컬,연극
"삼국유사교육문화회관 기획공연, 진조크루X악단광칠: 리듬오브코리아 (11월)",1,152.0,1397000,152.0,0.321353065539112,9190.78947368421,1397000.0,6,복합,영남,군위 삼국유사교육문화회관,473,,,
삼국의 현: 달을 바라보는 세 개의 시선 [김해],1,1069.0,0,1069.0,0.730191256830601,0,0.0,8,복합,영남,김해문화의전당,1464,,,
"삼성생명, 삼성화재와 함께하는 오페라마 음악회: 한국 가곡의 봄",1,1221.0,0,1221.0,1.0,0,0.0,5,복합,서울,국립극장,1221,뮤지컬+한국음악,뮤지컬,한국음악
삼일절 104돌 기념 성남시민 어울림 한마당,1,631.0,0,631.0,0.9782945736434109,0,0.0,10,복합,경인,성남아트리움 (구. 성남시민회관),645,연극+무용,연극,무용
상상음악회 [논산],1,169.0,0,169.0,1.0,0,0.0,5,복합,충청,논산아트센터(구. 논산문화예술회관),169,,,
"상상하는 그림동화, 점 [춘천]",4,60.0,154000,240.0,0.6,641.6666666666666,38500.0,0,복합,기타,소극장 여우,100,,,
"새해국악연: 청룡, 하늘을 날다",1,658.0,0,658.0,1.0,0,0.0,7,복합,서울,국립국악원,658,한국음악+연극,한국음악,연극
샌드 팝페라: 금빛 모래의 향연 [용인],1,420.0,470000,420.0,1.0,1119.047619047619,470000.0,3,복합,경인,경기아트센터 경기국악원,420,,,
"서구愛마토콘서트, 나팔바지: X세대 엄빠의 가요 톱텐",1,438.0,0,438.0,0.9690265486725663,0,0.0,3,복합,영남,대구서구문화회관,452,무용+연극,무용,연극
서도와 은미: 만병통치樂 [화성],2,230.0,20208000,460.0,0.3392330383480826,43930.434782608696,10104000.0,0,복합,경인,화성아트홀,678,무용+서양음악,무용,서양음악
"서리풀악동문화공연, 매직컬 피터팬",1,649.0,1740000,649.0,0.9405797101449276,2681.0477657935285,1740000.0,6,복합,서울,서초문화예술회관(구. 서초구민회관),690,대중무용+무용,대중무용,무용
"서린사랑의 작은음악회, The Identity: 너와 나의 정체성",1,10.0,200000,10.0,0.125,20000,200000.0,0,복합,서울,선릉문화공간 제이드409,80,대중무용+뮤지컬,대중무용,뮤지컬
"서울 컬쳐 클럽 예술 축제, ...한 당신을 위하여 건배!",3,40.0,680000,120.0,0.8888888888888888,5666.666666666667,226666.66666666666,2,복합,서울,을지공간,45,연극+서양음악,연극,서양음악
"서울신문 창간 120주년 기념, 봄날음악회",1,1693.0,25288000,1693.0,0.831532416502947,14936.79858239811,25288000.0,6,복합,서울,롯데콘서트홀,2036,대중음악+한국음악,대중음악,한국음악
서울아트마켓 (PAMS) [달오름극장],4,150.0,0,600.0,0.29411764705882354,0,0.0,5,복합,서울,국립극장,510,한국음악+무용,한국음악,무용
서울아트마켓 (PAMS) [하늘극장],4,150.0,0,600.0,0.23923444976076555,0,0.0,5,복합,서울,국립극장,627,한국음악+무용,한국음악,무용
"서울예술단 송년갈라, SPACon",1,1221.0,56968000,1221.0,1.0,46656.838656838656,56968000.0,5,복합,서울,국립극장,1221,뮤지컬+한국음악,뮤지컬,한국음악
서커스 클래식,2,138.0,4080000,326.0,1.0584415584415585,12515.337423312883,2040000.0,1,복합,서울,송파어린이문화회관,154,연극+한국음악,연극,한국음악
설탕요정이 읽어주는 호두까기 인형,2,1500.0,120854800,3000.0,0.7367387033398821,40284.933333333334,60427400.0,6,복합,서울,롯데콘서트홀,2036,서양음악+무용,서양음악,무용
설화와 국악심포니 만나다,1,1103.0,0,1103.0,0.9658493870402802,0,0.0,8,복합,경인,군포문화예술회관,1142,,,
성남아트센터 후원회 송년음악회,1,373.0,0,373.0,0.9867724867724867,0,0.0,7,복합,경인,성남아트센터,378,한국음악+뮤지컬,한국음악,뮤지컬
"성동문화나눔 송년 공연, 송년콘서트: 수고했어, 올해도!",1,488.0,3855000,488.0,0.9384615384615385,7899.5901639344265,3855000.0,5,복합,서울,소월아트홀(성동문화회관),520,서양음악+대중음악,서양음악,대중음악
"세대공감 어울림 북콘서트, 김상욱 with 궤도 [경산]",1,1714.0,0,1714.0,0.907358390682901,0,0.0,7,복합,영남,천마아트센터,1889,연극+한국음악,연극,한국음악
"세상 풍경, 소리에 담다",1,299.0,0,299.0,0.906060606060606,0,0.0,7,복합,제주,김정문화회관,330,서양음악+뮤지컬,서양음악,뮤지컬
세이브미프로젝트 (SavemeProject),3,10.0,0,30.0,0.20000000000000004,0,0.0,5,복합,서울,서울문화재단 대학로극장 쿼드(예술청),50,한국음악+연극,한국음악,연극
세종국악심포니오케스트라 & 김경호의 아리랑목동 [무안],1,472.0,5780000,472.0,0.9094412331406551,12245.762711864407,5780000.0,2,복합,호남,무안승달문화예술회관,519,한국음악+연극,한국음악,연극
세종메세나 콘서트,1,972.0,0,1903.0,0.888422035480859,0,0.0,1,복합,충청,세종예술의전당,1071,연극+한국음악,연극,한국음악
세종메세나 콘서트,1,972.0,0,1903.0,0.888422035480859,0,0.0,1,복합,충청,세종예술의전당,1071,연극+한국음악,연극,한국음악
세종메세나 콘서트,1,972.0,0,1903.0,0.888422035480859,0,0.0,1,복합,충청,세종예술의전당,1071,연극+한국음악,연극,한국음악
세종메세나 콘서트,1,972.0,0,1903.0,0.888422035480859,0,0.0,1,복합,충청,세종예술의전당,1071,연극+한국음악,연극,한국음악
세종예술의전당 국립심포니오케스트라 신년음악회,1,972.0,49838000,972.0,0.907563025210084,51273.66255144033,49838000.0,1,복합,충청,세종예술의전당,1071,서양음악+무용,서양음악,무용
세종이네 복숭아나무,1,573.0,1062000,573.0,0.6805225653206651,1853.4031413612565,1062000.0,2,복합,충청,세종문화예술회관,842,서양음악+한국음악,서양음악,한국음악
소녀의 꿈,1,552.0,3438000,552.0,1.0,6228.260869565217,3438000.0,6,복합,서울,금나래아트홀,552,대중무용+한국음악,대중무용,한국음악
소리가 춤을 부른다,2,632.0,61500000,632.0,0.9604863221884499,97310.12658227848,30750000.0,7,복합,서울,국립국악원,658,한국음악+무용,한국음악,무용
소리동화: 팥죽할멈과 호랑이 & 방귀쟁이 며느리 편,1,365.0,1290000,365.0,0.6103678929765887,3534.246575342466,1290000.0,4,복합,서울,영산아트홀,598,서양음악+뮤지컬,서양음악,뮤지컬
속 시원한 음악회,1,582.0,0,582.0,0.6546681664791901,0,0.0,1,복합,충청,충주시문화회관,889,서양음악+연극,서양음악,연극
"손병호 & 최지연과 함께하는 여민락 콘서트, 지금 뛰다: NOW JUMP [세종] (8월)",1,964.0,8492000,964.0,0.900093370681606,8809.128630705394,8492000.0,1,복합,충청,세종예술의전당,1071,연극+한국음악,연극,한국음악
송년음악회 [논산],1,1025.0,10200000,1768.0,0.7366666666666666,5769.2307692307695,10200000.0,4,복합,충청,건양대학교,1200,대중음악+서양음악,대중음악,서양음악
송년음악회 [논산],1,1025.0,10200000,1768.0,0.7366666666666666,5769.2307692307695,10200000.0,4,복합,충청,건양대학교,1200,대중음악+서양음악,대중음악,서양음악
송년음악회 [논산],1,1025.0,10200000,1768.0,0.7366666666666666,5769.2307692307695,10200000.0,4,복합,충청,건양대학교,1200,대중음악+서양음악,대중음악,서양음악
송년음악회 [논산],1,1025.0,10200000,1768.0,0.7366666666666666,5769.2307692307695,10200000.0,4,복합,충청,건양대학교,1200,대중음악+서양음악,대중음악,서양음악
송년음악회 [칠곡군],1,1.0,2615000,603.0,0.8492957746478873,4336.65008291874,2615000.0,4,복합,영남,칠곡군교육문화회관,710,서양음악+뮤지컬,서양음악,뮤지컬
"송년음악회, 우리가 함께한 순간들",1,540.0,0,540.0,0.9121621621621622,0,0.0,5,복합,경인,인천학생교육문화회관,592,서양음악+연극,서양음악,연극
송년콘서트 [광양],1,456.0,2275000,456.0,0.9306122448979591,4989.035087719299,2275000.0,3,복합,호남,광양시문화예술회관,490,한국음악+대중음악,한국음악,대중음악
"송년콘서트: 수고했어, 올해도! [함양]",1,486.0,4878400,486.0,1.0,10037.860082304527,4878400.0,2,복합,영남,함양문화예술회관,486,한국음악+뮤지컬,한국음악,뮤지컬
송년행복콘서트,1,983.0,1219300,983.0,0.688375350140056,1240.3865717192268,1219300.0,5,복합,영남,울산문화예술회관,1428,서양음악+대중음악,서양음악,대중음악
송파 송년음악회,1,1808.0,0,1808.0,0.888015717092338,0,0.0,6,복합,서울,롯데콘서트홀,2036,뮤지컬+대중음악,뮤지컬,대중음악
"수면콘서트, 베스트드림콘서트",1,152.0,6620000,152.0,0.27636363636363637,43552.63157894737,6620000.0,3,복합,서울,세빛섬,550,서양음악+연극,서양음악,연극
수상한스테이지 (5월),2,5.0,210000,14.0,0.19999999999999998,15000,105000.0,0,복합,서울,수상한창고,35,대중음악+서양음악,대중음악,서양음악
"수성아트피아 렉처콘서트 시리즈, 정호승의 작업노트",1,1.0,3746000,308.0,1.0232558139534884,12162.337662337663,3746000.0,3,복합,영남,수성아트피아,301,서양음악+한국음악,서양음악,한국음악
수원시민과 함께하는 수원시립예술단 송년음악회,1,468.0,3898000,468.0,0.4926315789473684,8329.059829059828,3898000.0,5,복합,경인,수원SK아트리움,950,서양음악+뮤지컬,서양음악,뮤지컬
숨 S:UM,1,1024.0,1853000,1024.0,0.9990243902439024,1809.5703125,1853000.0,6,복합,경인,의정부예술의전당,1025,한국음악+뮤지컬,한국음악,뮤지컬
스테이지 만남동 [경기 광주],1,270.0,0,270.0,1.0,0,0.0,8,복합,경인,남한산성아트홀,270,무용+대중무용,무용,대중무용
스페이스 크루즈(SPACE CRUISE),2,761.0,0,1522.0,0.9488778054862843,0,0.0,5,복합,제주,서귀포예술의전당,802,서양음악+무용,서양음악,무용
스피리또 앙상블과 함께하는 베토벤 Ⅹ 클림트: 운명의 키스,1,431.0,11473720,431.0,0.8689516129032258,26621.160092807426,11473720.0,3,복합,경인,다산아트홀,496,,,
스피리또앙상블과 함께하는 베토벤 & 클림트 운명의 키스,1,510.0,0,510.0,0.9107142857142857,0,0.0,5,복합,충청,논산아트센터(구. 논산문화예술회관),560,서양음악+뮤지컬,서양음악,뮤지컬
시네마 음악회 [부산],1,2827.0,20554000,2827.0,0.70675,7270.604881499823,20554000.0,8,복합,영남,(재)영화의전당,4000,서양음악+대중음악,서양음악,대중음악
"시네마 클래식, 꽃피는 봄이 오면",1,391.0,41230000,391.0,0.5561877667140825,105447.57033248081,41230000.0,2,복합,경인,남동소래아트홀,703,서양음악+한국음악,서양음악,한국음악
"시대 융화 콘서트, 이:음 [경기 광주]",1,934.0,3925000,934.0,0.8998073217726397,4202.355460385439,3925000.0,8,복합,경인,남한산성아트홀,1038,한국음악+연극,한국음악,연극
"시선: si, Sonne!",2,627.0,2572000,1254.0,1.0,2051.03668261563,1286000.0,5,복합,서울,국립극장,627,연극+서양음악,연극,서양음악
"시시각각(詩視覺刻): 프린지로 부터, 김세은의 시時와 노래 [경기]",1,40.0,30000,40.0,1.0,750,30000.0,0,복합,경인,이석영 뉴미디어 도서관,40,,,
신년음악회,1,2231.0,6870000,2231.0,0.8906187624750499,3079.336620349619,6870000.0,10,복합,서울,예술의전당 [서울],2505,서양음악+연극,서양음악,연극
신년음악회 [보령],1,576.0,15508600,2150.0,1.4046688338884346,7213.302325581395,15508600.0,3,복합,충청,보령문화예술회관,798,뮤지컬+대중음악,뮤지컬,대중음악
신년음악회 [보령],1,576.0,15508600,2150.0,1.4046688338884346,7213.302325581395,15508600.0,3,복합,충청,보령문화예술회관,798,뮤지컬+대중음악,뮤지컬,대중음악
신년음악회 [보령],1,576.0,15508600,2150.0,1.4046688338884346,7213.302325581395,15508600.0,3,복합,충청,보령문화예술회관,798,뮤지컬+대중음악,뮤지컬,대중음악
신년음악회 [보령],1,576.0,15508600,2150.0,1.4046688338884346,7213.302325581395,15508600.0,3,복합,충청,보령문화예술회관,798,뮤지컬+대중음악,뮤지컬,대중음악
신년음악회 [태안],1,280.0,0,280.0,0.40756914119359533,0,0.0,3,복합,충청,태안군문화예술회관,687,한국음악+연극,한국음악,연극
"신년음악회, 뮤지컬 콘서트",1,674.0,9879000,674.0,0.8403990024937655,14657.270029673591,9879000.0,5,복합,제주,서귀포예술의전당,802,대중음악+연극,대중음악,연극
"신년음악회, 소복다복(笑福多福): 계묘년",1,463.0,0,463.0,0.9645833333333333,0,0.0,1,복합,경인,광명문화예술교육지원센터 광명극장,480,대중음악+한국음악,대중음악,한국음악
"신년음악회: 문화의 비상, 국민과 함께",1,2505.0,9310000,2505.0,1.0,3716.5668662674652,9310000.0,10,복합,서울,예술의전당 [서울],2505,서양음악+대중음악,서양음악,대중음악
신년콘서트 [거창],1,372.0,20155000,372.0,0.5422740524781341,54180.10752688172,20155000.0,4,복합,영남,거창문화센터,686,한국음악+대중음악,한국음악,대중음악
신데렐라의 모래 이야기,1,484.0,6201000,484.0,0.9307692307692308,12811.98347107438,6201000.0,5,복합,서울,소월아트홀(성동문화회관),520,,,
"신라, 천년의 비상 [경주]",1,611.0,1978000,611.0,0.5802469135802469,3237.315875613748,1978000.0,7,복합,영남,경주예술의전당,1053,서양음악+한국음악,서양음악,한국음악
"신라, 천년의 비상 [울산]",1,346.0,1365800,346.0,0.7330508474576272,3947.398843930636,1365800.0,5,복합,영남,울산문화예술회관,472,서양음악+한국음악,서양음악,한국음악
신비한 극장,8,169.0,0,1911.0,0.2530455508474576,0,0.0,6,복합,호남,국립아시아문화전당,944,,,
"신은미, 유진규, 배일동이 떠나는 신유배 기행",1,74.0,810000,74.0,0.6788990825688074,10945.945945945947,810000.0,1,복합,영남,현장아트홀,109,연극+뮤지컬,연극,뮤지컬
"신춘콘서트, 국악과 트로트의 만남 [함양]",1,486.0,11498400,486.0,1.0,23659.25925925926,11498400.0,2,복합,영남,함양문화예술회관,486,한국음악+뮤지컬,한국음악,뮤지컬
"싱잉볼 콘서트, 하늘소리: 소망을 하늘로",1,1017.0,27298000,1017.0,0.9390581717451524,26841.691248770894,27298000.0,0,복합,서울,서울아트센터,1083,연극+대중음악,연극,대중음악
"쌍투스코러스 겨울정기공연, To. Morrow",1,475.0,0,475.0,0.8203799654576857,0,0.0,6,복합,서울,구로아트밸리,579,,,
"아름다운 동행 우리함께, SING A SONG",1,365.0,0,808.0,1.0074812967581048,0,0.0,5,복합,제주,서귀포예술의전당,802,서양음악+한국음악,서양음악,한국음악
아름다운 물레방앗간 아가씨,1,268.0,493000,268.0,0.8297213622291022,1839.55223880597,493000.0,10,복합,경인,부평아트센터,323,,,
"아이티 아이들 돕기 프로젝트, 헤이쥬드 콘서트 [고양]",1,304.0,234000,304.0,1.0,769.7368421052631,234000.0,6,복합,경인,고양아람누리,304,한국음악+뮤지컬,한국음악,뮤지컬
"아침음악나들이 1, 존노 & 고영열",1,1290.0,19716000,1290.0,1.0,15283.720930232557,19716000.0,8,복합,경인,고양어울림누리,1290,대중음악+한국음악,대중음악,한국음악
아트그룹 AMuse가 들려주는 지혜로운 전래동화 이야기 [대구],1,1.0,541000,29.0,0.145,18655.172413793105,541000.0,4,복합,영남,비원뮤직홀,200,서양음악+연극,서양음악,연극
"아트클래스 시리즈 3, 미켈란젤로와 음악의 만남",1,654.0,1969000,654.0,0.9121338912133892,3010.7033639143733,1969000.0,4,복합,영남,을숙도문화회관,717,,,
"아트클래스 시리즈Ⅴ, 호퍼: 고독한 뉴요커 [을숙도]",1,677.0,4526000,677.0,0.9442119944211994,6685.376661742984,4526000.0,4,복합,영남,을숙도문화회관,717,서양음악+무용,서양음악,무용
안산시 송년음악회 [안산],1,1261.0,0,1261.0,0.8016528925619835,0,0.0,6,복합,경인,안산문화예술의전당,1573,대중음악+뮤지컬,대중음악,뮤지컬
"안산시립예술단 기획연주회, 목요보노음악회",8,149.0,6640000,1218.0,0.75,5451.559934318555,830000.0,1,복합,경인,보노마루,203,연극+서양음악,연극,서양음악
안티고네 [대전],2,448.0,7263000,898.0,0.6982892690513219,8087.973273942093,3631500.0,7,,,,643,,,
알랭(Alain),4,166.0,681000,664.0,0.44623655913978494,1025.6024096385543,170250.0,5,복합,서울,서울문화재단 대학로극장 쿼드(예술청),372,,,
알리 with 아듀 Concert [부산],1,603.0,22942000,603.0,0.8410041841004184,38046.43449419569,22942000.0,4,복합,영남,을숙도문화회관,717,서양음악+대중음악,서양음악,대중음악
앙리 마티스 色을 노래하다,1,827.0,38562000,827.0,0.6208708708708709,46628.77871825876,38562000.0,7,복합,경인,인천문화예술회관,1332,,,
"애국찬가 드라마콘서트, 동고동락 [고양]",1,1290.0,0,1290.0,1.0,0,0.0,8,복합,경인,고양어울림누리,1290,대중무용+연극,대중무용,연극
"애국찬가 드라마콘서트, 동고동락 [안산]",2,712.0,0,770.0,0.5377094972067039,0,0.0,6,복합,경인,안산문화예술의전당,716,뮤지컬+연극,뮤지컬,연극
어느 삐에로의 사랑 이야기,1,415.0,2140000,415.0,0.9787735849056604,5156.626506024097,2140000.0,6,복합,서울,신한카드 SOL페이 스퀘어(구.신한pLay 스퀘어),424,서양음악+무용,서양음악,무용
어린왕자를 찾아서,6,3.0,551300,37.0,0.12333333333333334,14900,91883.33333333333,5,복합,경인,우리소극장 [의정부],50,,,
어머니 달의신화,2,696.0,0,1392.0,0.8678304239401496,0,0.0,5,복합,제주,서귀포예술의전당,802,무용+뮤지컬,무용,뮤지컬
어울림문화학교 수강생 발표회 [고양],1,366.0,0,366.0,1.0,0,0.0,8,복합,경인,고양어울림누리,366,무용+한국음악,무용,한국음악
"어울림문화학교, 수강생 어울림마당 [고양]",1,366.0,0,366.0,1.0,0,0.0,8,복합,경인,고양어울림누리,366,,,
"어텀바로크, 비바헨델: 아르카디아의 사랑 시즌2",3,304.0,1068000,912.0,1.0,1171.0526315789473,356000.0,0,,,,304,서양음악+한국음악,서양음악,한국음악
얼씨구! 브라보! 좋다! [세종],1,171.0,340000,171.0,0.7772727272727272,1988.3040935672514,340000.0,9,복합,충청,비오케이아트센터(BOK아트센터),220,서양음악+뮤지컬,서양음악,뮤지컬
엄마의 일기장 [부산],1,380.0,0,380.0,0.2681721947776994,0,0.0,7,복합,영남,부산문화회관,1417,연극+뮤지컬,연극,뮤지컬
에드바르의 초상수업 [부산],1,338.0,0,338.0,0.23853211009174313,0,0.0,7,복합,영남,부산문화회관,1417,서양음악+연극,서양음악,연극
에버하트 콘서트,1,52.0,0,52.0,0.1,0,0.0,5,복합,서울,소월아트홀 (성동문화회관),520,한국음악+무용,한국음악,무용
에코백 [담양],1,482.0,1446000,482.0,0.7194029850746269,3000,1446000.0,2,복합,호남,담양문화회관,670,뮤지컬+연극,뮤지컬,연극
에코백 [보성],1,382.0,1188000,382.0,0.7686116700201208,3109.9476439790574,1188000.0,6,복합,호남,보성군문화예술회관,497,뮤지컬+연극,뮤지컬,연극
에코백 [천안],4,211.0,9090000,845.0,0.7041666666666667,10757.396449704142,2272500.0,5,복합,충청,천안어린이꿈누리터(구. 천안시 어린이 회관),300,뮤지컬+대중무용,뮤지컬,대중무용
엘림아트센터 크리스마스 콘서트: MUSIC & MAGIC,1,298.0,14390000,298.0,1.0,48288.590604026846,14390000.0,3,복합,경인,엘림아트센터,298,뮤지컬+서양음악,뮤지컬,서양음악
여섯 개의 불가능 [수원],1,350.0,2408000,350.0,1.3565891472868217,6880,2408000.0,3,복합,경인,정조테마공연장,258,,,
"여우락 페스티벌, 모듈라서울: lull~유영",1,510.0,7448000,510.0,1.0,14603.921568627451,7448000.0,5,복합,서울,국립극장,510,한국음악+뮤지컬,한국음악,뮤지컬
열린음악회: 국악신동김태연＆클라무오케스트라＆퓨전국악이희정밴드 [김제],1,488.0,1766000,488.0,1.0,3618.8524590163934,1766000.0,4,복합,호남,김제문화예술회관,488,무용+연극,무용,연극
열린음악회: 국악신동김태연＆클라무오케스트라＆퓨전국악이희정밴드 [오산],1,794.0,7340000,794.0,0.9925,9244.33249370277,7340000.0,2,복합,경인,오산문화예술회관,800,한국음악+뮤지컬,한국음악,뮤지컬
영남국악관현악단의 The Big Concert,1,451.0,12150000,451.0,0.9847161572052402,26940.133037694013,12150000.0,6,복합,영남,해운대문화회관,458,한국음악+뮤지컬,한국음악,뮤지컬
"영화, 음악으로 만나는 보다, 듣다, 만나다 BUSAN",1,173.0,396000,173.0,0.4148681055155875,2289.0173410404623,396000.0,3,복합,서울,백암아트홀,417,,,
예문학생예술단 정기연주회,1,434.0,0,434.0,0.4344344344344344,0,0.0,5,복합,영남,부산학생예술문화회관,999,한국음악+서양음악,한국음악,서양음악
"예술동호회 교류 축제, 우다다다 미니콘서트",1,2.0,0,2.0,0.012987012987012988,0,0.0,4,복합,영남,예주문화예술회관,154,뮤지컬+무용,뮤지컬,무용
예술로 fantastic collaboration!,1,15.0,150,15.0,0.5,10,150.0,0,복합,영남,에이치아츠(H-Art),30,서양음악+뮤지컬,서양음악,뮤지컬
예술봄소리와 함께하는 EQ－UP (오전),2,220.0,200000,440.0,1.0,454.54545454545456,100000.0,9,복합,충청,비오케이아트센터(BOK아트센터),220,서양음악+뮤지컬,서양음악,뮤지컬
"예술창작활동지원사업 선정 프로젝트, Live, Electronics in Forest",1,100.0,315000,100.0,0.625,3150,315000.0,0,복합,서울,서울시립청소년음악센터,160,한국음악+서양음악,한국음악,서양음악
"옛 그림과 소통하는 즐거움, 화통콘서트 [예산]",1,702.0,635000,702.0,0.8397129186602871,904.5584045584045,635000.0,8,복합,충청,충남도청 문예회관,836,,,
오라토리오 마르티레스,2,1373.0,22767000,2746.0,0.9378415300546448,8290.968681718863,11383500.0,4,복합,서울,상명아트센터,1464,무용+서양음악,무용,서양음악
오리지널 드로잉쇼,2,526.0,9012000,1052.0,0.6608040201005025,8566.539923954373,4506000.0,5,복합,영남,양산문화예술회관,796,,,
오셀로: 소리의 심리학,4,80.0,200000,320.0,0.7920792079207921,625,50000.0,2,복합,서울,성미산마을극장 향,101,뮤지컬+연극,뮤지컬,연극
오월 어머니의 노래 [광주],1,378.0,0,378.0,0.4004237288135593,0,0.0,6,복합,호남,국립아시아문화전당,944,뮤지컬+서양음악,뮤지컬,서양음악
오월 어머니의 노래 [서울],1,1078.0,0,1078.0,1.3003618817852836,0,0.0,7,복합,서울,연세대학교 백주년기념관,829,뮤지컬+연극,뮤지컬,연극
오월 어머니의 노래 [제주],1,765.0,0,765.0,0.9538653366583542,0,0.0,5,복합,제주,서귀포예술의전당,802,서양음악+한국음악,서양음악,한국음악
"오월국제교류음악회, 평화와 희망을 기원하는 함께가자 희망찬 세상으로",1,300.0,0,300.0,0.5555555555555556,0,0.0,1,복합,호남,광산문화예술회관,540,서양음악+대중무용,서양음악,대중무용
"오픈씨어터 오발콘 시리즈 Ⅰ, Vamonos! 돈키호테",2,969.0,28358000,1938.0,0.96996996996997,14632.610939112486,14179000.0,6,복합,서울,한전아트센터,999,서양음악+대중음악,서양음악,대중음악
온가족이 함께하는 유모차 콘서트 [대전],6,55.0,8472000,327.0,0.2780612244897959,25908.256880733945,1412000.0,5,복합,충청,조이마루아트홀 (복합문화공간 플랜에이),196,서양음악+연극,서양음악,연극
와따가따 가족극장 겨울축제 [서울 노원],1,120.0,4320000,120.0,0.5882352941176471,36000,4320000.0,6,복합,서울,노원어린이극장 (구.노원어울림극장),204,연극+한국음악,연극,한국음악
왕은 즐긴다: 리골레토 [김포],1,312.0,924000,312.0,0.6202783300198808,2961.5384615384614,924000.0,4,복합,경인,김포아트홀,503,,,
요리조리 벌룬쉐프,2,119.0,2325000,174.0,0.564935064935065,13362.068965517241,1162500.0,1,복합,서울,송파어린이문화회관,154,,,
요리조리 벌룬쉐프의 동화이야기,6,3.0,480000,24.0,0.034782608695652174,20000,80000.0,2,복합,서울,연희예술극장,115,,,
원주시민과 함께하는 열린음악회 [원주],1,805.0,0,805.0,0.8367983367983368,0,0.0,4,복합,기타,원주백운아트홀,962,한국음악+서양음악,한국음악,서양음악
"월드뮤직 페스티벌, 국악 & 트로트 Sweet콘서트 [의령]",1,334.0,1297000,334.0,0.943502824858757,3883.2335329341317,1297000.0,4,복합,영남,의령군민문화회관,354,한국음악+대중음악,한국음악,대중음악
위사 페스티벌: NFF,2,170.0,2937000,340.0,0.9883720930232558,8638.235294117647,1468500.0,3,복합,서울,플랫폼-엘 컨템포러리 아트센터,172,,,
"유니세프 원주시후원회, 가을음악회 [원주]",1,1.0,630000,21.0,0.02182952182952183,30000,630000.0,4,복합,기타,원주백운아트홀,962,,,
유토피아: 항해 [경기 광주],1,602.0,1647000,602.0,0.5799614643545279,2735.8803986710964,1647000.0,8,복합,경인,남한산성아트홀,1038,,,
윤지원 AUDIOVISUAL MUSIC CONCERT: sonic illusion,1,99.0,280000,99.0,0.33,2828.282828282828,280000.0,3,복합,서울,세종문화회관,300,,,
"은평과 마주해, 봄 콘서트",1,640.0,13638000,640.0,0.912981455064194,21309.375,13638000.0,3,복합,서울,은평문화예술회관,701,대중음악+한국음악,대중음악,한국음악
을숙도문화회관 재개관기념 공연,1,613.0,11983000,613.0,0.8549511854951185,19548.123980424145,11983000.0,4,복합,영남,을숙도문화회관,717,서양음악+대중음악,서양음악,대중음악
음악과 글쓰기 콘서트: 사이·회상,2,50.0,392000,100.0,0.35714285714285715,3920,196000.0,3,복합,서울,김희수아트센터,140,한국음악+서양음악,한국음악,서양음악
음악이 춤을 추다 [울산],3,257.0,0,917.0,0.4329556185080265,0,0.0,2,복합,영남,울산광역시학생교육문화회관,706,대중무용+한국음악,대중무용,한국음악
"이데일리TV 신춘 오페라마 콘서트, A New Beginning",1,1221.0,0,1221.0,1.0,0,0.0,5,복합,서울,국립극장,1221,서양음악+뮤지컬,서양음악,뮤지컬
"이랑 만남시리즈 Ⅹ 기념 특별공연, 매직앙상블: 세계의 명화 [김해]",1,355.0,0,355.0,0.6574074074074074,0,0.0,8,복합,영남,김해문화의전당,540,서양음악+대중음악,서양음악,대중음악
"이선경 무용단 정기공연, 트윈스 [대구]",1,324.0,764000,324.0,0.7641509433962265,2358.0246913580245,764000.0,2,복합,영남,봉산문화회관,424,,,
"이앤아이앙상블 콘서트, 칼레이도 사이클 [용인]",1,550.0,584000,550.0,0.9181969949916527,1061.8181818181818,584000.0,5,복합,경인,용인시평생학습관(여성회관),599,연극+대중무용,연극,대중무용
"이장희 프로젝트, 비인집: Home & Home [대구]",2,1.0,50000,5.0,0.020833333333333332,10000,25000.0,1,복합,영남,꿈꾸는씨어터,120,연극+대중음악,연극,대중음악
"이재무 & 이준행, 즐거운 소란",1,60.0,1122000,60.0,0.9230769230769231,18700,1122000.0,2,복합,서울,벨로주 [망원],65,,,
"이천국제음악제, icmf 오프닝 콘서트: 동서양의 하모니",1,1093.0,1624000,1093.0,0.9108333333333334,1485.818847209515,1624000.0,6,복합,경인,이천아트홀,1200,뮤지컬+서양음악,뮤지컬,서양음악
이천시민을 위한 희망음악회,1,1093.0,0,1093.0,0.9108333333333334,0,0.0,6,복합,경인,이천아트홀,1200,서양음악+뮤지컬,서양음악,뮤지컬
이태석 사랑나눔 음악회,1,892.0,4140000,892.0,0.9037487335359676,4641.255605381166,4140000.0,0,복합,서울,스카이아트홀,987,서양음악+무용,서양음악,무용
"익산 브랜드 공연, WEST & EAST: 서쪽남자 & 동쪽여자",4,1121.0,0,4484.0,0.93261231281198,0,0.0,8,복합,호남,익산예술의전당,1202,서양음악+무용,서양음악,무용
"인 하우스 아티스트 시리즈 I, 이진상",1,1571.0,7564000,1571.0,0.7716110019646365,4814.767663908338,7564000.0,6,복합,서울,롯데콘서트홀,2036,,,
"인 하우스 아티스트 시리즈 II, 윤소영",1,590.0,14312000,1571.0,0.7716110019646365,9110.120942075111,14312000.0,6,복합,서울,롯데콘서트홀,2036,,,
인어공주 [화성],27,12.0,4797200,308.0,0.11407407407407408,15575.324675324675,177674.07407407407,2,복합,경인,마법의정원,100,,,
"일루젼매지컬, 몽환록 [대전]",1,690.0,7408000,690.0,0.92,10736.231884057972,7408000.0,6,복합,충청,대전시립연정국악원,750,한국음악+대중음악,한국음악,대중음악
"일상문화도시 페스티벌, 강북Festa",10,171.0,2295000,1710.0,1.0,1342.1052631578948,229500.0,4,복합,서울,강북문화예술회관 강북진달래홀,171,뮤지컬+무용,뮤지컬,무용
"일상으로 녹아내린 V, Real K-pop",1,400.0,830000,400.0,0.8733624454148472,2075,830000.0,6,복합,영남,해운대문화회관,458,무용+서양음악,무용,서양음악
"임동창 풍류, 금산을 위하여 위하여 위하여",1,704.0,3290000,704.0,1.0,4673.295454545455,3290000.0,4,복합,충청,금산다락원 생명의집,704,,,
"자선콘서트, 늦가을 이야기소리 [제주]",1,1.0,1848000,2518.0,0.4662962962962963,733.9158061953932,1848000.0,3,복합,제주,제주종합경기장,5400,한국음악+대중무용,한국음악,대중무용
자유를 향한 소리 [부천],1,304.0,0,304.0,1.0,0,0.0,0,복합,경인,부천아트센터,304,서양음악+무용,서양음악,무용
작은겨울아동극축제 [춘천],14,80.0,1894000,1120.0,0.8,1691.0714285714287,135285.7142857143,0,복합,기타,소극장 여우,100,연극+대중음악,연극,대중음악
"장사익 & 충남교향악단, 봄맞이 소리愛 [예산]",1,836.0,30150000,836.0,1.0,36064.59330143541,30150000.0,8,복합,충청,충남도청 문예회관,836,한국음악+서양음악,한국음악,서양음악
장사익과 함께하는 이브닝 콘서트: 만추 [용인],1,606.0,10921000,606.0,0.9680511182108626,18021.45214521452,10921000.0,4,복합,경인,용인시문화예술회관,626,한국음악+서양음악,한국음악,서양음악
"장한나의 대전그랜드페스티벌, 첼로가야금 콘서트 [대전]",1,392.0,4308000,392.0,0.609642301710731,10989.795918367347,4308000.0,7,복합,충청,대전예술의전당,643,한국음악+무용,한국음악,무용
재즈 온 메이플스토리 [고양],1,1195.0,83280000,1195.0,0.8247066942719117,69690.37656903766,83280000.0,6,복합,경인,고양아람누리,1449,서양음악+대중음악,서양음악,대중음악
재즈& 국악 울림콘서트,1,342.0,1510000,342.0,0.9661016949152542,4415.204678362573,1510000.0,4,복합,영남,의령군민문화회관,354,대중음악+한국음악,대중음악,한국음악
"재즈앳에무, Black Forest",1,70.0,1020000,70.0,0.7,14571.42857142857,1020000.0,3,복합,서울,복합문화공간에무,100,한국음악+무용,한국음악,무용
재즈와 탱고 그리고 성악이 흐르는 Happy Summertime Concert,1,1869.0,0,1869.0,0.9179764243614931,0,0.0,6,복합,서울,롯데콘서트홀,2036,서양음악+대중음악,서양음악,대중음악
적로: 이슬의 노래,10,130.0,30540000,1300.0,1.0,23492.30769230769,3054000.0,7,복합,서울,국립국악원,130,한국음악+뮤지컬,한국음악,뮤지컬
전국 농어촌 청춘토크쇼: 황금들녘 [천안],1,1694.0,0,1694.0,1.0316686967113275,0,0.0,3,복합,충청,천안예술의전당,1642,대중음악+대중무용,대중음악,대중무용
"전원경의 아트살롱, 그림 콘서트: 상트페테르부르크의 겨울 바람",1,279.0,923000,279.0,0.93,3308.2437275985662,923000.0,5,복합,충청,당진문예의전당,300,,,
"전원경의 아트살롱, 그림콘서트: 고독한 뉴요커",1,266.0,908000,266.0,0.8866666666666667,3413.533834586466,908000.0,5,복합,충청,당진문예의전당,300,뮤지컬+연극,뮤지컬,연극
"전원경의 아트살롱, 그림콘서트: 로마의 여름 햇살",1,282.0,1044000,282.0,0.94,3702.127659574468,1044000.0,5,복합,충청,당진문예의전당,300,서양음악+뮤지컬,서양음악,뮤지컬
"전원경의 아트살롱, 그림콘서트: 봄을 맞은 파리",1,274.0,766000,274.0,0.9133333333333333,2795.6204379562046,766000.0,5,복합,충청,당진문예의전당,300,서양음악+한국음악,서양음악,한국음악
"전주세계소리축제 개막공연, 상생과 회복 [전주]",1,406.0,3985000,406.0,0.19931271477663232,9815.27093596059,3985000.0,8,복합,호남,한국소리문화의전당,2037,한국음악+서양음악,한국음악,서양음악
젊은날의 초상,1,493.0,0,493.0,0.9685658153241651,0,0.0,4,복합,충청,아산시 평생학습관(여성회관 아산아트홀),509,뮤지컬+서양음악,뮤지컬,서양음악
제10회 서울페스티발앙상블 정기연주회,1,554.0,2036000,554.0,0.9233333333333333,3675.0902527075814,2036000.0,10,복합,서울,예술의전당 [서울],600,서양음악+연극,서양음악,연극
제10회 이데일리 문화대상 시상식,1,1608.0,68310000,2895.0,0.9579748510919921,23595.854922279792,68310000.0,3,복합,서울,세종문화회관,3022,서양음악+대중음악,서양음악,대중음악
제113회 강릉시립합창단 정기연주회,1,733.0,5035000,733.0,0.7541152263374485,6869.031377899045,5035000.0,7,복합,기타,강릉아트센터(구. 강릉문화예술관),972,서양음악+뮤지컬,서양음악,뮤지컬
제11회 바이올리니스트 김다미와 함께 하는 루체현악앙상블 정기연주회 [울산],1,782.0,7887000,782.0,0.5476190476190477,10085.677749360613,7887000.0,5,복합,영남,울산문화예술회관,1428,,,
제11회 성남시 통고구마 축제,1,1630.0,0,1630.0,0.9035476718403548,0,0.0,7,복합,경인,성남아트센터,1804,대중무용+대중음악,대중무용,대중음악
"제11회 자문밖문화축제, 오프닝공연",2,25.0,2860000,37.0,0.017082179132040628,77297.2972972973,1430000.0,0,복합,서울,서울아트센터,1083,서양음악+한국음악,서양음악,한국음악
제12회 단원구여성합창단 정기연주회,1,800.0,0,800.0,0.5085823267641449,0,0.0,6,복합,경인,안산문화예술의전당,1573,서양음악+뮤지컬,서양음악,뮤지컬
"제12회 당진시민의 날, 기념식",1,981.0,0,981.0,0.98001998001998,0,0.0,5,복합,충청,당진문예의전당,1001,뮤지컬+연극,뮤지컬,연극
제12회 실용음악 & 댄스 콘서트,1,233.0,0,233.0,0.20972097209720972,0,0.0,6,복합,영남,아양아트센터,1111,무용+대중음악,무용,대중음악
제134회 광주시립국악관현악단 정기연주회: 평화를 향한 역동과 진혼,1,1015.0,17369000,1015.0,0.5894308943089431,17112.31527093596,17369000.0,8,복합,호남,예술의 전당 [광주] (구. 광주문화예술회관),1722,한국음악+대중음악,한국음악,대중음악
"제14회 부산마루국제음악제, 프롬나드 콘서트IV, 지브리 WITH 샌드아트",1,398.0,6750000,430.0,0.30345800988002825,15697.67441860465,6750000.0,7,복합,영남,부산문화회관,1417,서양음악+연극,서양음악,연극
제14회 안산 성황 예술제,1,765.0,0,765.0,0.4863318499682136,0,0.0,6,복합,경인,안산문화예술의전당,1573,한국음악+대중음악,한국음악,대중음악
"제155회 두레콘서트, 시와 노래가 있는 나태주 시인 토크 콘서트",1,304.0,0,304.0,1.0,0,0.0,6,복합,경인,고양아람누리,304,대중음악+한국음악,대중음악,한국음악
제17회 당진예술제,1,565.0,0,565.0,0.5644355644355644,0,0.0,5,복합,충청,당진문예의전당,1001,서양음악+무용,서양음악,무용
"제18회 당진시건강가정대축제, 우리가족 놀이터 건가월드",1,695.0,0,695.0,0.6943056943056943,0,0.0,5,복합,충청,당진문예의전당,1001,한국음악+대중무용,한국음악,대중무용
"제18회 당진예술제, 개막식",1,881.0,0,881.0,0.8801198801198801,0,0.0,5,복합,충청,당진문예의전당,1001,서양음악+연극,서양음악,연극
제1회 Physical Performance Festival 피지컬 퍼포먼스 페스티벌,11,100.0,9550000,1100.0,0.5813953488372093,8681.818181818182,868181.8181818182,2,복합,서울,공간아울,172,뮤지컬+연극,뮤지컬,연극
제1회 여수 국제 웹 페스트,3,302.0,0,906.0,1.0,0,0.0,7,복합,호남,예울마루,302,서양음악+한국음악,서양음악,한국음악
제1회 청바지 가을 음악회: 청년이 바꾸는 지방,1,504.0,0,504.0,0.9882352941176471,0,0.0,7,복합,영남,천마아트센터,510,서양음악+뮤지컬,서양음악,뮤지컬
"제20회 부산국제합창제, 대상경연 및 시상식",1,758.0,0,758.0,0.901307966706302,0,0.0,8,복합,영남,(재)영화의전당,841,서양음악+대중음악,서양음악,대중음악
"제20회 평창대관령음악제, Main Concert #18: 봄의 제전 & 신박듀오, 김지영, 이재우",1,882.0,19688000,882.0,0.6712328767123288,22321.995464852607,19688000.0,6,복합,기타,알펜시아 리조트,1314,무용+서양음악,무용,서양음악
"제21회 유엔참전용사, 영웅을 위한 음악회",1,1567.0,0,1567.0,0.7696463654223968,0,0.0,6,복합,서울,롯데콘서트홀,2036,한국음악+서양음악,한국음악,서양음악
"제22회 전주세계소리축제, re:Orient [전주]",1,70.0,370000,70.0,0.33980582524271846,5285.714285714285,370000.0,8,복합,호남,한국소리문화의전당,206,무용+대중무용,무용,대중무용
"제23회 SPAF, 구조와 의식",1,600.0,4566000,600.0,1.0,7610,4566000.0,2,복합,서울,아르코예술극장,600,무용+연극,무용,연극
"제23회 SPAF, 플레시",2,504.0,10164000,1008.0,1.0,10083.333333333334,5082000.0,1,복합,서울,대학로예술극장,504,,,
"제23회 전주세계소리축제, 소리썸머나잇 DAY1",1,3000.0,1280000,3000.0,0.42857142857142855,426.6666666666667,1280000.0,8,복합,호남,한국소리문화의전당,7000,한국음악+무용,한국음악,무용
"제23회 전주세계소리축제, 소리썸머나잇 DAY2",1,3000.0,5120000,3000.0,0.42857142857142855,1706.6666666666667,5120000.0,8,복합,호남,한국소리문화의전당,7000,무용+연극,무용,연극
"제24회 SPAF, LOD 뮤직씨어터: 우먼, 포인트 제로",2,510.0,17516000,1002.0,0.9823529411764707,17481.037924151697,8758000.0,5,복합,서울,국립극장,510,,,
"제24회 SPAF, 김재훈컴퍼니: PNO",2,415.0,19837000,830.0,0.8234126984126984,23900,9918500.0,1,복합,서울,대학로예술극장,504,,,
"제24회 대전국제음악제 DCMF, 앙상블 콘쿠오레: 쇤베르크의 밤 150 [대전]",1,376.0,1038000,376.0,0.5847589424572317,2760.6382978723404,1038000.0,7,복합,충청,대전예술의전당,643,서양음악+한국음악,서양음악,한국음악
"제25회 파주예술제, 예향 속으로",1,283.0,0,283.0,0.5279850746268657,0,0.0,9,복합,경인,파주운정행복센터,536,무용+한국음악,무용,한국음악
"제26회 광주소극장축제 공식참여작, 암향환향",1,3.0,30000,3.0,0.02,10000,30000.0,0,복합,호남,광주 민들레소극장,150,연극+무용,연극,무용
"제27회 광주소극장축제, 빛과 모래가 들려주는 음연동화",3,1.0,1110000,74.0,0.20555555555555557,15000,370000.0,6,복합,호남,국립아시아문화전당,120,,,
제28회 대한노인회 덕양구지회 노인의날 축하공연,1,366.0,0,366.0,1.0,0,0.0,8,복합,경인,고양어울림누리,366,무용+한국음악,무용,한국음악
제29회 구미음악제,1,758.0,0,758.0,0.6407438715131023,0,0.0,1,복합,영남,구미시문화예술회관,1183,서양음악+무용,서양음악,무용
"제29회 서곶문화예술제: 옛 시로 듣는다, 달달한 시",1,486.0,0,486.0,1.0,0,0.0,4,복합,경인,청라복합문화센터 블루노바홀,486,대중음악+서양음악,대중음악,서양음악
제2회 SECOME,2,220.0,690000,440.0,1.0,1568.1818181818182,345000.0,9,복합,충청,비오케이아트센터(BOK아트센터),220,서양음악+한국음악,서양음악,한국음악
제2회 롯데 러브 패밀리 동행 콘서트,1,1445.0,0,1445.0,0.7097249508840865,0,0.0,6,복합,서울,롯데콘서트홀,2036,뮤지컬+한국음악,뮤지컬,한국음악
"제2회 시민과 함께하는 남양주 예술제, 함께 피어 아름다운 꽃 예술花",1,337.0,330000,337.0,0.6794354838709677,979.2284866468842,330000.0,2,복합,경인,다산아트홀,496,한국음악+무용,한국음악,무용
제2회 이앤아이앙상블 콘서트: 날것. 놀러. OLE! 감정에 자유를 주자 [용인],1,550.0,1584000,550.0,0.9181969949916527,2880,1584000.0,5,복합,경인,용인시평생학습관 (여성회관),599,대중무용+연극,대중무용,연극
제30회 덕원예술고등학교 정기무용발표회,1,1887.0,0,1887.0,1.0,0,0.0,6,복합,경인,고양아람누리,1887,무용+대중음악,무용,대중음악
"제33회 거창국제연극제, 보드빌의 갈매기",1,330.0,707000,330.0,0.66,2142.4242424242425,707000.0,2,복합,영남,거창 수승대,500,연극+한국음악,연극,한국음악
"제34회 거창국제연극제, 광화문, 그 사내",1,537.0,6434000,537.0,0.67125,11981.378026070763,6434000.0,2,복합,영남,거창 수승대,800,,,
"제34회 거창국제연극제, 굿바이 햄릿 (7/30)",1,400.0,1942000,400.0,0.8,4855,1942000.0,2,복합,영남,거창 수승대,500,연극+뮤지컬,연극,뮤지컬
"제34회 거창국제연극제: 체어, 테이블, 체어 (08.05)",1,400.0,3816000,400.0,0.8,9540,3816000.0,2,복합,영남,거창 수승대,500,연극+한국음악,연극,한국음악
제3회 SA청소년오케스트라 정기연주회,1,373.0,0,373.0,0.9867724867724867,0,0.0,7,복합,경인,성남아트센터,378,무용+연극,무용,연극
제3회 공감플러스,1,151.0,0,151.0,0.7438423645320197,0,0.0,1,복합,경인,보노마루,203,서양음악+한국음악,서양음악,한국음악
"제3회 더 패스 정기연주회, 한 여름밤의 악몽",1,184.0,410000,184.0,0.24533333333333332,2228.2608695652175,410000.0,6,복합,충청,대전시립연정국악원,750,서양음악+한국음악,서양음악,한국음악
제3회 부산국제어린이청소년아트페어 개막식,1,758.0,0,758.0,0.901307966706302,0,0.0,8,복합,영남,(재)영화의전당,841,한국음악+뮤지컬,한국음악,뮤지컬
"제41회 제물포예술제: No Instruments, Only Voices.",1,136.0,0,136.0,0.85,0,0.0,4,복합,경인,인천수봉문화회관,160,한국음악+연극,한국음악,연극
"제47회 심훈상록문화제, 개막식",1,869.0,0,869.0,0.8681318681318682,0,0.0,5,복합,충청,당진문예의전당,1001,대중음악+연극,대중음악,연극
"제47회 심훈상록문화제, 폐막식",1,869.0,0,869.0,0.8681318681318682,0,0.0,5,복합,충청,당진문예의전당,1001,대중음악+서양음악,대중음악,서양음악
제4회 마두금 연주회: 마이동풍,1,50.0,320000,50.0,0.5,6400,320000.0,3,복합,서울,오디오가이스튜디오,100,대중음악+한국음악,대중음악,한국음악
제4회 장애인의 날 기념 위더스콘서트,1,1514.0,0,1514.0,0.8392461197339246,0,0.0,7,복합,경인,성남아트센터,1804,무용+한국음악,무용,한국음악
제55회 군산 진포예술제 개막식,1,1200.0,0,1200.0,1.0,0,0.0,4,복합,호남,군산예술의전당,1200,연극+서양음악,연극,서양음악
제56회 군산 진포예술제 개막식,1,298.0,0,298.0,0.24833333333333332,0,0.0,4,복합,호남,군산예술의전당,1200,연극+대중음악,연극,대중음악
"제60회 예술공감, 앙상블 이도: 새롭게 만난 희로애락의 소리",1,208.0,716000,208.0,0.9904761904761905,3442.3076923076924,716000.0,4,복합,영남,을숙도문화회관,210,서양음악+한국음악,서양음악,한국음악
"제63주년 2.28민주운동 헌정공연, 굳센 강물처럼",1,1389.0,0,1389.0,1.2502250225022502,0,0.0,6,복합,영남,아양아트센터,1111,뮤지컬+서양음악,뮤지컬,서양음악
"제64주년 2.28민주운동 헌정공연, 얼음 사이 핀 꽃",1,1532.0,0,1532.0,1.3218291630716135,0,0.0,3,복합,영남,수성아트피아,1159,뮤지컬+대중음악,뮤지컬,대중음악
"제6회 동천정기음악회, Fall in love with Music [대구]",1,882.0,0,882.0,0.6442658875091307,0,0.0,2,복합,영남,대구학생문화센터,1369,,,
"제6회 마포 M국악 페스티벌, 꼬레아 리듬터치 Ⅲ: 첼로가야금 2.0 콘서트",1,187.0,2280000,187.0,0.9303482587064676,12192.513368983957,2280000.0,3,복합,서울,마포아트센터,201,한국음악+무용,한국음악,무용
"제76회 (사)한국여성작곡가회 봄 정기발표회, 도약",1,336.0,174000,336.0,0.9491525423728814,517.8571428571429,174000.0,10,복합,서울,예술의전당 [서울],354,서양음악+한국음악,서양음악,한국음악
"제7회 동천정기음악회, Thank you for the music [대구]",1,120.0,0,120.0,0.08765522279035792,0,0.0,2,복합,영남,대구학생문화센터,1369,서양음악+연극,서양음악,연극
제7회 서초문화원 클래식판타지,2,519.0,0,963.0,0.6978260869565217,0,0.0,6,복합,서울,서초문화예술회관(구. 서초구민회관),690,서양음악+무용,서양음악,무용
"제88회 명품콘서트, Asia & Saha 아티스트 콜라보",1,684.0,0,684.0,0.9539748953974896,0,0.0,4,복합,영남,을숙도문화회관,717,연극+한국음악,연극,한국음악
"제896회 전남도립국악단 토요가무악희 시즌3, 그린국악",1,142.0,238000,142.0,0.25448028673835127,1676.056338028169,238000.0,1,복합,호남,남도소리울림터,558,뮤지컬+한국음악,뮤지컬,한국음악
"제9회 경기공연예술페스타, DAY 1",1,150.0,0,150.0,0.4934210526315789,0,0.0,6,복합,경인,고양아람누리,304,서양음악+대중음악,서양음악,대중음악
"제9회 경기공연예술페스타, DAY 2",1,150.0,0,150.0,0.4934210526315789,0,0.0,6,복합,경인,고양아람누리,304,뮤지컬+무용,뮤지컬,무용
"제9회 경기공연예술페스타, DAY 3",1,150.0,0,150.0,0.4934210526315789,0,0.0,6,복합,경인,고양아람누리,304,,,
제9회 사랑앤 뇌병변 장애인을 위한 자선음악회,1,200.0,110000,200.0,0.29411764705882354,550,110000.0,0,복합,서울,한국성서대학교,680,서양음악+뮤지컬,서양음악,뮤지컬
"제주해녀 이야기: 섬, 숨, 삶 [제주]",1,735.0,0,735.0,0.620777027027027,0,0.0,6,복합,제주,제주아트센터,1184,한국음악+서양음악,한국음악,서양음악
조용필 음악과 함께하는 빛의 베아트리체 [하남],2,773.0,6313000,1546.0,0.8485181119648738,4083.4411384217333,3156500.0,4,복합,경인,하남문화예술회관,911,,,
"조희창의 굿모닝 콘서트, 아리랑 온 더 로드",1,424.0,2958800,424.0,1.0,6978.301886792453,2958800.0,3,복합,영남,거제문화예술회관,424,서양음악+대중음악,서양음악,대중음악
"종교평화음악회, 팔공산은 사명대사를 모십니다 [대구]",1,1269.0,0,1269.0,0.9883177570093458,0,0.0,7,복합,영남,대구콘서트하우스,1284,서양음악+대중음악,서양음악,대중음악
주창회 정기연주회: 현대음악 그리고 사계예찬 [대전],1,152.0,200000,152.0,0.2363919129082426,1315.7894736842106,200000.0,7,복합,충청,대전예술의전당,643,서양음악+뮤지컬,서양음악,뮤지컬
"중섭, 빛깔 있는 꿈 [서귀포]",5,92.0,1553000,346.0,0.20969696969696972,4488.439306358381,310600.0,7,복합,제주,김정문화회관,330,,,
즉흥공감극장(Playback Theatre)봄 정기공연,3,182.0,5040000,566.0,0.6666666666666666,8904.59363957597,1680000.0,8,복합,서울,꿈의숲아트센터,283,연극+서양음악,연극,서양음악
지락발광 [고령],1,388.0,772000,388.0,0.6081504702194357,1989.6907216494844,772000.0,4,복합,영남,경북고령대가야문화누리 (구. 대가야국악당),638,,,
"지박컨템포러리시리즈 Vol.24, 음악전시: blur",1,100.0,1368000,100.0,0.26881720430107525,13680,1368000.0,5,복합,서울,서울문화재단 대학로극장 쿼드(예술청),372,서양음악+한국음악,서양음악,한국음악
진조크루 X 악단광칠: 리듬 오브 코리아 [대구],1,393.0,4680000,393.0,0.9247058823529412,11908.396946564886,4680000.0,5,복합,영남,어울아트센터(구. 대구북구문예회관),425,한국음악+대중음악,한국음악,대중음악
"창원문화재단과 함께하는 해군음악회, 항해 [창원]",1,750.0,0,750.0,0.7780082987551867,0,0.0,5,복합,영남,진해문화센터(진해구민회관),964,서양음악+대중음악,서양음악,대중음악
"창작산실, 김재훈의 P.N.O",2,504.0,5641000,1008.0,1.0,5596.230158730159,2820500.0,1,복합,서울,대학로예술극장,504,연극+서양음악,연극,서양음악
"천안교육지원청, 쓰담쓰담 콘서트 [천안]",1,1238.0,0,1238.0,0.7539585870889159,0,0.0,3,복합,충청,천안예술의전당,1642,무용+서양음악,무용,서양음악
"청년시점, 청년예술콘서트 1부",2,140.0,0,280.0,1.0,0,0.0,6,복합,경인,안산문화예술의전당,140,서양음악+연극,서양음악,연극
청소년 음악 페스티벌 [고창],1,224.0,0,224.0,0.3584,0,0.0,2,복합,호남,고창문화의전당,625,한국음악+뮤지컬,한국음악,뮤지컬
청소년과 함께하는 김숙진의 이야기가 있는 콘서트 [고양],1,1449.0,0,1449.0,1.0,0,0.0,6,복합,경인,고양아람누리,1449,연극+무용,연극,무용
"청소년을 위한 예술소풍 Ⅲ, 영화음악 옴니버스 콘서트",1,841.0,9420000,841.0,1.0,11200.951248513675,9420000.0,8,복합,영남,(재)영화의전당,841,무용+연극,무용,연극
"청소년을 위한 음악과 클래식의 징검다리, 음악에 색을 입히다",1,208.0,10104000,208.0,0.9004329004329005,48576.92307692308,10104000.0,7,복합,서울,국립국악원,231,서양음악+대중음악,서양음악,대중음악
"체어, 테이블, 체어 [김포]",1,217.0,2966000,217.0,1.0,13668.202764976959,2966000.0,4,복합,경인,통진두레문화센터,217,연극+무용,연극,무용
"체어, 테이블, 체어 [서울]",1,236.0,4822000,236.0,0.944,20432.20338983051,4822000.0,7,복합,서울,강동아트센터,250,연극+뮤지컬,연극,뮤지컬
"체어, 테이블, 체어 [인천]",4,495.0,13709500,1996.0,0.7897465437788018,6868.486973947895,3427375.0,1,복합,경인,인천동구문화체육센터,495,,,
체인지 오브 시즌 10: 여정 [성남],1,318.0,1200000,318.0,0.8412698412698413,3773.5849056603774,1200000.0,7,복합,경인,성남아트센터,378,,,
첼로가야금 2.0 콘서트 [용인],1,258.0,2170000,258.0,0.8896551724137931,8410.852713178294,2170000.0,5,복합,경인,용인문화예술원,290,한국음악+무용,한국음악,무용
첼로가야금 2.0 콘서트 [울산],2,353.0,3126000,692.0,0.8940568475452196,4517.341040462427,1563000.0,5,복합,영남,울주문화예술회관,387,한국음악+연극,한국음악,연극
첼로가야금 [양주],1,265.0,2400000,265.0,0.8520900321543409,9056.603773584906,2400000.0,3,복합,경인,양주문화예술회관,311,한국음악+뮤지컬,한국음악,뮤지컬
첼로가야금 [연천],1,550.0,1442000,550.0,1.0,2621.818181818182,1442000.0,4,복합,경인,연천수레울아트홀,550,한국음악+연극,한국음악,연극
"최부미 Jazz Odyssey, 가려진 여정 [인천]",1,507.0,297000,507.0,0.7211948790896159,585.7988165680473,297000.0,2,복합,경인,남동소래아트홀,703,뮤지컬+서양음악,뮤지컬,서양음악
"최영림의 음악으로 더불어창작프로젝트 Part 2, 놀자 [춘천]",1,920.0,0,920.0,0.9787234042553191,0,0.0,3,복합,기타,춘천문화예술회관,940,한국음악+뮤지컬,한국음악,뮤지컬
"최정주 아트앤뮤직 큐레이션, 음악이 흐르는 도시 베네치아",1,26.0,714000,26.0,0.14857142857142858,27461.53846153846,714000.0,4,복합,서울,JCC 아트센터,175,서양음악+연극,서양음악,연극
"춘천문화예술회관 개관 30주년, 우리 여기에: 첫째날 광장으로",1,400.0,0,400.0,0.425531914893617,0,0.0,3,복합,기타,춘천문화예술회관,940,한국음악+서양음악,한국음악,서양음악
춘천시립교향악단 패밀리콘서트1,1,930.0,3614000,930.0,0.9893617021276596,3886.021505376344,3614000.0,3,복합,기타,춘천문화예술회관,940,,,
춘하추동 디톡스 콘서트,1,431.0,2065000,431.0,0.841796875,4791.183294663573,2065000.0,4,복합,영남,상주문화회관,512,대중음악+뮤지컬,대중음악,뮤지컬
"춘하추동, 디톡스 콘서트 : 남상일&박구윤&최연화",1,647.0,3287000,647.0,0.9203413940256046,5080.370942812983,3287000.0,2,복합,경인,남동소래아트홀,703,대중음악+한국음악,대중음악,한국음악
"춘하추동, 디톡스 콘서트 [보성]",1,400.0,524800,400.0,0.8048289738430584,1312,524800.0,6,복합,호남,보성군문화예술회관,497,대중음악+한국음악,대중음악,한국음악
"춘향, 날개를 뜯긴 새 [서울]",3,267.0,10030000,801.0,0.8190184049079755,12521.847690387016,3343333.3333333335,2,복합,서울,국립정동극장,326,무용+한국음악,무용,한국음악
춘향: 날개를 뜯긴 새 [평택],1,570.0,4756000,570.0,0.9405940594059405,8343.859649122807,4756000.0,3,복합,경인,평택시남부문예회관,606,무용+한국음악,무용,한국음악
춘향탈출 [광주],1,300.0,0,300.0,0.5555555555555556,0,0.0,1,복합,호남,광산문화예술회관,540,한국음악+무용,한국음악,무용
카이스트 x 대전예당 공연실험실: X-Space,2,99.0,2952000,218.0,0.16951788491446346,13541.284403669724,1476000.0,7,복합,충청,대전예술의전당,643,,,
커피콘서트 Ⅲ. 책 읽어주는 큐레이터: 리어왕,1,281.0,4955000,281.0,0.5676767676767677,17633.451957295372,4955000.0,1,복합,경인,인천동구문화체육센터,495,서양음악+대중음악,서양음악,대중음악
케이킥 태권쇼,14,326.0,4024000,4531.0,0.9689905902480753,888.1041712646215,287428.5714285714,3,복합,서울,명보아트홀,334,서양음악+대중음악,서양음악,대중음악
코미디 애니멀 쇼 [부천],4,61.0,2580000,215.0,0.3359375,12000,645000.0,6,복합,경인,뉴코아소극장 [부천],160,무용+대중음악,무용,대중음악
콘텐츠 창의인재동반사업 쇼케이스: 데뷔를 대비하라,4,505.0,0,2020.0,0.8054226475279107,0,0.0,5,복합,서울,국립극장,627,뮤지컬+연극,뮤지컬,연극
콜드 블러드 [성남],2,1479.0,34402000,2949.0,0.8173503325942351,11665.6493726687,17201000.0,7,복합,경인,성남아트센터,1804,,,
"쿼드초이스, 무토(MUTO) x 입과손스튜디오: 두개의 눈",5,132.0,8690000,660.0,0.3548387096774194,13166.666666666666,1738000.0,5,복합,서울,서울문화재단 대학로극장 쿼드(예술청),372,한국음악+대중음악,한국음악,대중음악
"쿼드초이스, 서도와 은미: 만병통치樂",3,192.0,16760000,576.0,0.5161290322580645,29097.222222222223,5586666.666666667,5,복합,서울,서울문화재단 대학로극장 쿼드(예술청),372,무용+한국음악,무용,한국음악
"크로스파티, 두번째달 Ⅹ 김무빈: 국악 Ⅹ 월드뮤직 [과천]",1,380.0,3348000,380.0,1.0,8810.526315789473,3348000.0,5,복합,경인,과천시민회관,380,한국음악+대중음악,한국음악,대중음악
"크리스마스 이브 송년음악회: 사랑해요, 엄마! 콘서트 [포항]",1,1727.0,12135200,1727.0,0.6908,7026.751592356688,12135200.0,6,복합,영남,포항종합운동장,2500,대중음악+연극,대중음악,연극
크리스마스 칸타타 [부산],8,271.0,13768000,2168.0,0.08476696903346888,6350.553505535056,1721000.0,6,복합,영남,벡스코 (BEXCO),3197,서양음악+뮤지컬,서양음악,뮤지컬
키즈 마티네 콘서트 [김포],1,38.0,2280000,38.0,0.07554671968190854,60000,2280000.0,4,복합,경인,김포아트홀,503,뮤지컬+무용,뮤지컬,무용
"키즈콘서트2, 클래식 in 발레 [화성]",1,528.0,7026000,528.0,0.9635036496350365,13306.818181818182,7026000.0,5,복합,경인,반석아트홀(동탄복합문화센터),548,서양음악+뮤지컬,서양음악,뮤지컬
타악 & DJ퍼포먼스 BEAT OF SCHOOL,1,625.0,0,625.0,1.0,0,0.0,2,복합,호남,고창문화의전당,625,뮤지컬+서양음악,뮤지컬,서양음악
타악 & DJ퍼포먼스: BEAT OF SCHOOL,2,20.0,2684000,386.0,0.8212765957446808,6953.367875647668,1342000.0,4,복합,호남,전주한벽문화관,235,서양음악+한국음악,서양음악,한국음악
태권무 한빛,1,1116.0,6655500,1116.0,0.9425675675675675,5963.709677419355,6655500.0,6,복합,제주,제주아트센터,1184,무용+대중무용,무용,대중무용
"태권무 한빛 시즌3, 태권예술로 제주를 품다",1,1118.0,15191000,1118.0,0.9442567567567568,13587.656529516995,15191000.0,6,복합,제주,제주아트센터,1184,연극+뮤지컬,연극,뮤지컬
"태권무 한빛, 제주오백장군이야기",1,828.0,4553000,828.0,1.0,5498.792270531401,4553000.0,3,복합,제주,제주문예회관,828,뮤지컬+대중무용,뮤지컬,대중무용
"탱고, 매혹",1,984.0,38216200,984.0,0.9800796812749004,38837.60162601626,38216200.0,3,복합,서울,마포아트센터,1004,서양음악+대중음악,서양음악,대중음악
테너 조용갑과 함께하는 5人 5色 Concert 오페라 & 크로스오버,1,118.0,100000,118.0,0.19249592169657423,847.457627118644,100000.0,6,복합,서울,광림아트센터,613,연극+한국음악,연극,한국음악
테디베어와 함께하는 LED발레 & 태권 [부천],1,1041.0,440000,1041.0,1.0,422.6705091258405,440000.0,4,복합,경인,부천시민회관,1041,,,
"토크콘서트, Save the planet",1,260.0,0,260.0,0.36827195467422097,0,0.0,2,복합,영남,울산광역시학생교육문화회관,706,대중무용+뮤지컬,대중무용,뮤지컬
"토크콘서트, 추억은 몽글몽글",1,504.0,960000,504.0,0.998019801980198,1904.7619047619048,960000.0,5,복합,영남,동래문화회관,505,서양음악+연극,서양음악,연극
"통영국제음악제, 리히터스 패턴스",4,254.0,21438000,1016.0,1.0,21100.3937007874,5359500.0,6,복합,영남,통영국제음악당,254,연극+무용,연극,무용
"통영국제음악제, 해리 파치: 플렉트럼과 타악기 춤",3,254.0,18035000,762.0,1.0,23667.97900262467,6011666.666666667,6,복합,영남,통영국제음악당,254,서양음악+한국음악,서양음악,한국음악
"통영국제음악회, 온드레이 아다멕: 디너",2,254.0,10272500,508.0,1.0,20221.456692913387,5136250.0,6,복합,영남,통영국제음악당,254,서양음악+대중음악,서양음악,대중음악
"트라이보울 예술아카데미: 자라는 예술, 소년기 (4.20)",1,200.0,1678000,200.0,0.6666666666666666,8390,1678000.0,5,복합,경인,트라이보울,300,연극+대중음악,연극,대중음악
"트라이보울 예술아카데미: 잘 아는 예술, 노년기 (10.19)",2,15.0,347000,215.0,0.35833333333333334,1613.953488372093,173500.0,5,복합,경인,트라이보울,300,대중음악+서양음악,대중음악,서양음악
"팀 퍼니스트 서커스 음악극: 체어,테이블,체어 [광주]",1,345.0,2970000,345.0,0.9151193633952255,8608.695652173914,2970000.0,3,복합,호남,광주북구문화센터(양산도서관),377,뮤지컬+한국음악,뮤지컬,한국음악
"판소리 오페라, 소월 [고양]",1,304.0,2740000,304.0,1.0,9013.157894736842,2740000.0,6,복합,경인,고양아람누리,304,서양음악+뮤지컬,서양음악,뮤지컬
판타스틱 [남해],1,700.0,656000,700.0,0.7692307692307693,937.1428571428571,656000.0,7,복합,영남,남해문화센터 (구. 남해군문화체육센터),910,연극+한국음악,연극,한국음악
팜페라 콘서트,1,230.0,0,230.0,0.9871244635193133,0,0.0,6,복합,경인,별빛도서관,233,서양음악+한국음악,서양음악,한국음악
"패밀리 아이스쇼, 피터팬 온 아이스 오리지널 내한공연",9,2784.0,1463955900,38748.0,0.8610666666666666,37781.45710746361,162661766.66666666,4,복합,서울,목동 아이스링크,5000,,,
퍼커셔니즘 [충북],1,444.0,270000,444.0,0.9024390243902439,608.1081081081081,270000.0,2,복합,충청,증평문화회관,492,대중음악+한국음악,대중음악,한국음악
"퍼플엘리, 에펠탑 앞에서 사진찍기",1,1118.0,0,1118.0,0.9442567567567568,0,0.0,6,복합,제주,제주아트센터,1184,서양음악+대중음악,서양음악,대중음악
퍼플콘서트 in 서울,1,1445.0,0,1445.0,0.7097249508840865,0,0.0,6,복합,서울,롯데콘서트홀,2036,연극+뮤지컬,연극,뮤지컬
페페의 꿈 [부산],1,735.0,3936000,735.0,0.8352272727272727,5355.102040816327,3936000.0,5,복합,영남,금정문화회관,880,뮤지컬+연극,뮤지컬,연극
페페의 꿈 [상주],2,506.0,3120000,1012.0,0.98828125,3083.00395256917,1560000.0,4,복합,영남,상주문화회관,512,뮤지컬+연극,뮤지컬,연극
페페의 꿈 [춘천],4,185.0,6024000,567.0,1.3125,10624.338624338625,1506000.0,5,복합,기타,춘천인형극장,108,연극+뮤지컬,연극,뮤지컬
"평균율 너머, 우주 5회차: 왕혜인 Ⅹ 선지우 (9.21)",1,12.0,240000,12.0,0.8,20000,240000.0,0,복합,서울,사진가 김신중의 스튜디오,15,서양음악+한국음악,서양음악,한국음악
"평택시립국악관현악단, 평택시민과 함께하는 국악성가의 밤",1,742.0,2526000,742.0,0.9661458333333334,3404.3126684636118,2526000.0,2,복합,경인,평택시서부문예회관,768,서양음악+연극,서양음악,연극
"평화통일 음악회, 탈북민 애환!! 음악으로 듣는다 [사천]",1,1156.0,0,1156.0,1.41320293398533,0,0.0,4,복합,영남,사천문화예술회관,818,대중음악+대중무용,대중음악,대중무용
폴리팝 [안산],2,612.0,11536000,1224.0,0.8547486033519553,9424.83660130719,5768000.0,6,복합,경인,안산문화예술의전당,716,,,
폴링 인 트롯 with 신유 [용인],1,606.0,3867000,606.0,0.9680511182108626,6381.188118811881,3867000.0,4,복합,경인,용인시문화예술회관,626,대중음악+서양음악,대중음악,서양음악
폼 미쳤다.,5,2.0,175000,13.0,0.0016861219195849545,13461.538461538461,35000.0,2,복합,경인,메가박스 [송도],1542,,,
풍류 [안성],1,297.0,4660000,297.0,0.9801980198019802,15690.23569023569,4660000.0,7,복합,경인,안성맞춤아트홀,303,뮤지컬+대중음악,뮤지컬,대중음악
"프리뮤직 콘서트: 강태환, 김덕수, 최선배 등",1,55.0,2880000,55.0,0.7333333333333333,52363.63636363636,2880000.0,1,복합,서울,게토얼라이브,75,한국음악+서양음악,한국음악,서양음악
"프리즘홀 10주년 기념공연, 다브다 X 제이통: A.D.10",1,19.0,722000,19.0,0.2375,38000,722000.0,1,복합,서울,프리즘홀(프리즘플러스),80,대중음악+뮤지컬,대중음악,뮤지컬
"플래시콘서트, 알리 & 한동준 위드 오케스트라",1,558.0,9956000,558.0,0.7937411095305832,17842.293906810035,9956000.0,2,복합,경인,남동소래아트홀,703,서양음악+대중음악,서양음악,대중음악
피노키오와 푸른고래 [인천],14,12.0,3564400,233.0,0.09246031746031745,15297.85407725322,254600.0,2,복합,경인,아띠홀,180,,,
피아노선생님이 들려주는 국악이야기 [김해],1,625.0,5220000,625.0,0.9044862518089725,8352,5220000.0,5,복합,영남,김해서부문화센터,691,한국음악+서양음악,한국음악,서양음악
피아니스트 백채영 프로젝트 Vol. 2,1,940.0,0,940.0,1.0,0,0.0,3,복합,기타,춘천문화예술회관,940,서양음악+무용,서양음악,무용
"피카스 그림동화 음악회, 엄마 찾아 삼만리",1,354.0,7880000,354.0,1.0,22259.887005649718,7880000.0,10,복합,서울,예술의전당 [서울],354,서양음악+연극,서양음악,연극
"피카스 그림동화 음악회, 장난감 병정과 발레리나",1,100.0,2361000,100.0,1.0,23610,2361000.0,10,복합,서울,예술의전당 [서울],100,서양음악+한국음악,서양음악,한국음악
피콜로이스트 김원미와 안디아모 국악퓨전콘서트: 그리고 그 사랑,1,250.0,2190000,250.0,1.25,8760,2190000.0,6,복합,영남,아양아트센터,200,뮤지컬+서양음악,뮤지컬,서양음악
피콜리스트 김원미 & 안디아모 콘서트 [안동],1,1.0,669000,75.0,0.2717391304347826,8920,669000.0,7,복합,영남,안동문화예술의전당,276,서양음악+한국음악,서양음악,한국음악
피터와 늑대 [부산],37,1.0,35978000,4261.0,0.3691094941094941,8443.55785026989,972378.3783783783,7,복합,영남,부산문화회관,312,서양음악+연극,서양음악,연극
하모니 오브 라이트 [인천],2,421.0,6126000,827.0,0.5881934566145093,7407.496977025393,3063000.0,2,복합,경인,남동소래아트홀,703,,,
하슬라 사계 [강릉],1,595.0,5432000,595.0,0.6121399176954733,9129.411764705883,5432000.0,7,복합,기타,강릉아트센터 (구. 강릉문화예술관),972,,,
"하슬라국제예술제, 고귀한 두 여신이여 (10.18)",1,365.0,5006000,365.0,0.37551440329218105,13715.068493150686,5006000.0,7,복합,기타,강릉아트센터 (구. 강릉문화예술관),972,서양음악+무용,서양음악,무용
하우스콘서트 아리아리동동(同同) [함양],1,100.0,98000,100.0,0.205761316872428,980,98000.0,2,복합,영남,함양문화예술회관,486,연극+대중음악,연극,대중음악
한 해를 마무리 짓는 매듭달 음악회 [군포],1,1119.0,5848000,1119.0,0.9798598949211909,5226.09472743521,5848000.0,8,복합,경인,군포문화예술회관,1142,한국음악+연극,한국음악,연극
"한국 중국 일본, 발악콘서트",1,656.0,1408000,656.0,0.9149232914923291,2146.3414634146343,1408000.0,4,복합,영남,을숙도문화회관,717,한국음악+대중음악,한국음악,대중음악
한국문화 큰잔치 (K-Wave Festival),1,610.0,0,610.0,0.5803996194100857,0,0.0,1,복합,서울,예스24 라이브홀 (구. 악스코리아),1051,대중음악+대중무용,대중음악,대중무용
"한국예술융합학회, Art; Versa 시리즈 V: 동. 서양 예술의 융합",1,280.0,240000,280.0,1.0,857.1428571428571,240000.0,6,복합,서울,푸르지오아트홀,280,서양음악+한국음악,서양음악,한국음악
"한글음악집현전 시리즈3, 마법글자 한글: 뮤직 & 매직밴드를 만나다! [경산]",1,90.0,1660000,90.0,0.9473684210526315,18444.444444444445,1660000.0,0,복합,영남,예술마을 민아트홀,95,대중음악+서양음악,대중음악,서양음악
한밤의 유U;콘서트: 가을 밤 현의 풍류 (10월),1,758.0,2268000,758.0,0.901307966706302,2992.0844327176783,2268000.0,8,복합,영남,(재)영화의전당,841,한국음악+서양음악,한국음악,서양음악
"한빛예술단, 음악에 피어나는 시의 향기 [서울]",2,100.0,0,200.0,0.14406606851549755,0,0.0,8,복합,서울,성신여자대학교 운정그린캠퍼스,800,,,
한양대학교 무용학과 60주년 창작 춤 페스티벌,1,745.0,0,745.0,0.8764705882352941,0,0.0,7,복합,서울,강동아트센터,850,무용+연극,무용,연극
한일 교류음악회,1,231.0,2644000,231.0,1.0,11445.887445887445,2644000.0,7,복합,서울,국립국악원,231,한국음악+서양음악,한국음악,서양음악
"한하운의 삶과 시, 파랑새 [김포]",1,38.0,760000,38.0,0.07554671968190854,20000,760000.0,4,복합,경인,김포아트홀,503,,,
할망에게 묻고 답하다 [제주 서귀포],2,90.0,0,228.0,0.34545454545454546,0,0.0,7,복합,제주,김정문화회관,330,연극+대중음악,연극,대중음악
"함께하는 사랑밭 감사 콘서트, 담다 닮다",1,729.0,345000,729.0,0.9055900621118013,473.2510288065844,345000.0,8,복합,서울,건국대학교 새천년관,805,대중음악+한국음악,대중음악,한국음악
"함께하는 사랑밭 감사콘서트: 사랑의 시간, 온기를 더하다",1,540.0,9500000,540.0,0.675,17592.59259259259,9500000.0,8,복합,서울,성신여자대학교 운정그린캠퍼스,800,서양음악+대중음악,서양음악,대중음악
함께하는 순간 [공주],1,400.0,2440000,400.0,0.6359300476947536,6100,2440000.0,5,복합,충청,공주문예회관,629,서양음악+한국음악,서양음악,한국음악
"해금병창, 사철에 꽃길로 님을 모십니다",1,50.0,340000,50.0,0.6666666666666666,6800,340000.0,1,복합,서울,게토얼라이브,75,대중음악+한국음악,대중음악,한국음악
해설이 있는 오페라 갈라 뮤지컬 합창 [경기 광주],1,254.0,683000,254.0,0.9407407407407408,2688.9763779527557,683000.0,8,복합,경인,남한산성아트홀,270,,,
"해설이 있는 음악회, 가족 음악회 [온양]",1,262.0,0,262.0,0.9290780141843972,0,0.0,3,복합,영남,온양문화복지센터,282,뮤지컬+서양음악,뮤지컬,서양음악
해피 아트: 크리스마스 선물,1,1118.0,0,1118.0,0.9442567567567568,0,0.0,6,복합,제주,제주아트센터,1184,대중음악+대중무용,대중음악,대중무용
햄릿: 소리의심리학,2,171.0,180000,342.0,0.9,526.3157894736842,90000.0,3,복합,서울,한국콘텐츠진흥원 CKL스테이지,190,뮤지컬+연극,뮤지컬,연극
"행복한 동행, 모두의 예술",1,139.0,0,139.0,0.33902439024390246,0,0.0,7,복합,영남,부산문화회관,410,연극+대중음악,연극,대중음악
허튼소리 Corea Beats [오산],1,480.0,836000,480.0,0.6,1741.6666666666667,836000.0,2,복합,경인,오산문화예술회관,800,한국음악+무용,한국음악,무용
"현대음악앙상블 위로, 빛의 음악",1,306.0,2096000,306.0,0.8693181818181818,6849.673202614379,2096000.0,5,복합,서울,성수아트홀(성수문화복지회관),352,,,
"호국보훈의달 기념콘서트, 아! 대한민국",1,470.0,0,470.0,0.8768656716417911,0,0.0,4,복합,영남,대덕문화전당,536,서양음악+한국음악,서양음악,한국음악
호두까기 인형 [화성],2,528.0,35550000,1056.0,0.9635036496350365,33664.77272727273,17775000.0,5,복합,경인,반석아트홀 (동탄복합문화센터),548,연극+서양음악,연극,서양음악
홍지민과 함께하는 판타스틱 쇼 [성주],1,822.0,11542000,822.0,1.0,14041.362530413626,11542000.0,6,복합,영남,성주문화예술회관,822,뮤지컬+서양음악,뮤지컬,서양음악
홍지민과 함께하는 판타스틱 쇼 [연천],1,550.0,7207000,550.0,1.0,13103.636363636364,7207000.0,4,복합,경인,연천수레울아트홀,550,,,
홍지민과 함께하는 판타스틱쇼 [하남],1,773.0,28178000,773.0,0.8485181119648738,36452.781371280726,28178000.0,4,복합,경인,하남문화예술회관,911,뮤지컬+대중음악,뮤지컬,대중음악
홍지민과 함께하는 판타스틱쇼 시즌2,2,922.0,8457500,1432.0,0.9946351931330473,5906.075418994414,4228750.0,3,복합,기타,삼척문화예술회관,932,뮤지컬+서양음악,뮤지컬,서양음악
홍지민과 함께하는 판타스틱쇼 시즌2 [고령],1,1.0,2871600,554.0,0.8683385579937304,5183.393501805054,2871600.0,4,복합,영남,경북고령대가야문화누리 (구. 대가야국악당),638,대중음악+뮤지컬,대중음악,뮤지컬
홍지민과 함께하는 판타스틱쇼 시즌2 [함양],1,486.0,3268400,486.0,1.0,6725.102880658436,3268400.0,2,복합,영남,함양문화예술회관,486,대중음악+뮤지컬,대중음악,뮤지컬
화통콘서트 [거창],1,645.0,6580000,645.0,0.9402332361516035,10201.550387596899,6580000.0,4,복합,영남,거창문화센터,686,,,
화합콘서트 동행 [전남 영광],1,183.0,148500,183.0,0.3160621761658031,811.4754098360655,148500.0,5,복합,호남,영광예술의전당,579,한국음악+서양음악,한국음악,서양음악
환대 (歡待),2,1445.0,3677500,2890.0,0.7097249508840865,1272.491349480969,1838750.0,6,복합,서울,롯데콘서트홀,2036,,,
환상노정기,1,765.0,1046000,765.0,1.0,1367.3202614379086,1046000.0,7,복합,영남,밀양아리랑아트센터,765,,,
환상덜미 [수원],1,348.0,2242000,348.0,1.3488372093023255,6442.528735632184,2242000.0,3,복합,경인,정조테마공연장,258,한국음악+서양음악,한국음악,서양음악
황금 물고기 [화성],3,1.0,4000,2.0,0.006666666666666667,2000,1333.3333333333333,0,복합,경인,민들레연극마을,100,,,
효 콘서트 [청양],1,565.0,0,565.0,0.8800623052959502,0,0.0,5,복합,충청,청양문예회관,642,뮤지컬+대중음악,뮤지컬,대중음악
"효 콘서트, 소리정감",1,258.0,0,258.0,0.9148936170212766,0,0.0,3,복합,영남,온양문화복지센터,282,한국음악+대중음악,한국음악,대중음악
"흔들리며 피는 꽃 22, 괭이갈매기와 땅채송화의 섬, 독도",1,578.0,0,578.0,0.9649415692821369,0,0.0,7,복합,영남,대구어린이회관 꾀꼬리극장,599,연극+한국음악,연극,한국음악
힐링음악회 [안산],1,1400.0,50000000,1400.0,0.8900190718372537,35714.28571428572,50000000.0,6,복합,경인,안산문화예술의전당,1573,대중무용+무용,대중무용,무용
