공연장규모,장르조합,현재 점수,기준선,격차,dU,dS,dA,개선 후 예측,여유,전환
대규모,대중무용+한국음악,32.25357468936553,41.30793873126814,9.054364041902609,0.18,0.18,0.02,39.995235571061286,-1.3127031602068513,False
대규모,대중음악+무용,17.016754948870332,42.474080472994615,25.457325524124283,0.2,0.18,0.15,37.61211350381272,-4.861966969181893,False
대규모,무용+서양음악,38.795454434330566,48.76326434312011,9.967809908789548,0.16,0.0,0.0,48.89943898380835,0.13617464068823892,True
대규모,무용+연극,35.71243078155407,48.053034462519946,12.340603680965877,0.2,0.05,0.08,41.80932068357837,-6.243713778941576,False
대규모,무용+한국음악,36.703655383186735,48.15785154261514,11.454196159428406,0.2,0.05,0.0,41.80932068357837,-6.348530859036771,False
대규모,뮤지컬+서양음악,39.12801944477535,46.93114337000998,7.80312392523463,0.2,0.08,0.03,45.66501434173088,-1.2661290282790958,False
대규모,뮤지컬+한국음악,32.37517702935227,46.32573056950501,13.95055354015274,0.15,0.0,0.0,46.44562552759473,0.1198949580897164,True
대규모,서양음악+연극,44.49103044224839,47.15582717016066,2.6647967279122753,0.06,0.0,0.0,48.35206794724964,1.196240777088974,True
대규모,서양음악+한국음악,37.55969704842115,47.26064425025586,9.700947201834708,0.2,0.2,0.14,46.01283178342756,-1.2478124668283002,False
대규모,연극+한국음악,37.98380486510762,46.5504143696557,8.566609504548076,0.2,0.0,0.12,46.59031160757948,0.03989723792378186,True
소규모,대중무용+무용,36.341827233562256,41.74852282681364,5.406695593251385,0.17,0.02,0.0,41.827440741193016,0.07891791437937457,True
소규모,대중무용+뮤지컬,24.206728651025628,41.59026558486634,17.38353693384071,0.18,0.19,0.18,40.51174737756796,-1.07851820729838,False
소규모,대중음악+뮤지컬,8.283383762091574,38.200615776072624,29.91723201398105,0.19,0.2,0.2,29.92115852425497,-8.279457251817654,False
소규모,대중음악+서양음악,32.29764434581447,36.69653297422704,4.398888628412571,0.0,0.02,0.0,37.656474727315825,0.9599417530887848,True
소규모,대중음악+연극,31.36004391117119,39.02082089237712,7.660776981205927,0.02,0.07,0.04,39.16844549311927,0.1476246007421551,True
소규모,대중음악+한국음악,26.606048767471385,38.504172476040594,11.898123708569209,0.12,0.2,0.0,38.968797936971754,0.46462546093115975,True
소규모,무용+서양음악,37.03024985874505,41.69927471857952,4.669024859834465,0.02,0.09,0.02,41.80833904635088,0.10906432777136388,True
소규모,무용+연극,35.857942777403935,44.02356263672961,8.165619859325673,0.02,0.01,0.0,45.31492238347085,1.291359746741243,True
소규모,무용+한국음악,37.53782925762109,43.50691422039308,5.969084962771987,0.1,0.0,0.0,44.54499087777303,1.0380766573799534,True
소규모,뮤지컬+한국음악,33.69334605777649,43.348656978445774,9.655310920669287,0.04,0.1,0.03,43.474270971933294,0.12561399348751934,True
소규모,서양음악+연극,28.720908726090855,42.36122259293672,13.640313866845865,0.2,0.07,0.0,42.77292975986985,0.4117071669331267,True
소규모,연극+한국음악,28.90906575466367,44.16886209475028,15.259796340086613,0.18,0.0,0.0,44.57298965597775,0.40412756122746885,True
중규모,대중무용+대중음악,19.96733097246561,44.11183175697336,24.14450078450775,0.14,0.2,0.2,38.840630022200315,-5.271201734773044,False
중규모,대중무용+무용,39.45316455071142,48.490939308940185,9.037774758228764,0.2,0.17,0.16,47.44407522240912,-1.046864086531066,False
중규모,대중음악+무용,33.3328564034762,49.261586287081855,15.928729883605655,0.2,0.1,0.14,42.17926515157787,-7.082321135503982,False
중규모,대중음악+서양음악,41.40587051342917,46.94553967979017,5.539669166361001,0.06,0.0,0.0,47.165702749873816,0.22016307008364322,True
중규모,대중음악+연극,47.423091963089085,49.69280954426665,2.2697175811775665,0.09,0.0,0.0,50.08561993614427,0.39281039187761735,True
중규모,대중음악+한국음악,44.63249831478944,47.17505460654577,2.542556291756334,0.01,0.0,0.0,47.646332411103614,0.4712778045578432,True
중규모,무용+뮤지컬,40.9574990971757,50.729707232009744,9.772208134834045,0.19,0.0,0.18,51.12373425991717,0.39402702790742694,True
중규모,무용+서양음악,40.51739805846354,51.324647231757,10.807249173293457,0.17,0.02,0.07,51.39109734297786,0.06645011122085975,True
중규모,무용+한국음악,37.868269728754825,51.5541621585126,13.685892429757772,0.19,0.19,0.17,51.71297018261405,0.15880802410145378,True
중규모,뮤지컬+서양음악,38.2818757446276,48.41366062471807,10.131784880090471,0.19,0.03,0.0,48.88173905444347,0.46807842972540215,True
중규모,뮤지컬+연극,45.28533083259376,51.16093048919454,5.875599656600784,0.2,0.0,0.0,51.3139707795473,0.1530402903527559,True
중규모,뮤지컬+한국음악,42.28560823275097,48.64317555147367,6.357567318722701,0.09,0.01,0.0,50.07345401253981,1.4302784610661448,True
중규모,서양음악+연극,46.14802021245388,51.7558704889418,5.607850276487923,0.14,0.0,0.0,52.69563749273448,0.9397670037926744,True
중규모,서양음악+한국음악,40.13545436722772,49.23811555122092,9.102661183993199,0.18,0.01,0.0,49.44169021012123,0.20357465890030824,True
중규모,연극+한국음악,42.6693435808587,51.985385415697394,9.316041834838693,0.17,0.19,0.04,52.000091913334785,0.01470649763739118,True
