공연명,분류,주 장르,확정 조합,첫째 확률 평균,둘째 확률 평균,둘째 확률 최솟값
아웃 오브 더 블루,주 장르만 확정,서양음악,,0.99545728,0.00072371288,0.00017461058
이색콘서트,주 장르만 확정,뮤지컬,,0.9999981666666667,0.001340506226,2.4853678e-05
"차세대열전, 이어지음 프로젝트",주 장르만 확정,한국음악,,0.9382489333333334,0.0016703345666666666,0.0002972293
"헨젤과 그레텔, 토선생 용궁가다 (패키지)",주 장르만 확정,한국음악,,0.9999505833333333,0.0035283895999999996,0.0023388003
최정주의 아트앤뮤직 큐레이션: 20세기를 빛낸 화가들Ⅱ,주 장르만 확정,대중음악,,0.9957639333333334,0.08435971766666667,0.015593123
최정주의 아트앤뮤직 큐레이션: 20세기를 빛낸 화가들Ⅲ,판단 불가,,,0.9634874966666667,0.34329834433333334,0.003055983
LED비바츠 태권발레 [철원],판단 불가,,,0.99998518,0.33387782484,0.00020092522
"ACC 브런치 콘서트, 타악그룹 타고의 MAN AND DRUM",주 장르만 확정,한국음악,,0.9917661,0.04537549333333333,0.037552025
전영랑 온희정의 국악과 트로트 크로스오버,판단 불가,,,0.9963448733333333,0.4186908323333334,0.031322367
경주아티스트 페스티벌: 꿈의콘서트,판단 불가,,,0.7719467233333334,0.2733372316666667,0.088891305
고희전＆조용주 희망 콘서트 [안성],판단 불가,,,0.2244410066666667,0.031046180333333336,0.006575811
"3시 공연산책, 나태주 시인과 함께하는 풍류 위의 시",주 장르만 확정,한국음악,,0.9998923466666668,0.0015117225333333333,0.0009809728
최정주의 아트앤뮤직 큐레이션: 20세기를 빛낸 화가들Ⅳ,주 장르만 확정,대중음악,,0.9959717333333334,0.19544234399999996,0.018568425
유홍의 MIXTUM,주 장르만 확정,한국음악,,0.99992028,0.03144376923066667,2.1342692e-05
공간,주 장르만 확정,뮤지컬,,0.9994542666666667,0.0187314201,0.0015799513
"메이드오브트리 Vol.5, 최용석 & 신문수",판단 불가,,,0.6269400766666666,0.1876754323333333,0.054026287
pan123mE1,주 장르만 확정,연극,,1.0,8.606538666666666e-05,1.5424554e-05
ONE MOMENT,판단 불가,,,0.9995285633333332,0.6867301333333332,0.29856846
"문화가 있는 날, 연극인 박정자 낭독 콘서트: 영영이별 영이별",주 장르만 확정,연극,,0.9468388566666667,0.20703220906,0.00019669718
I have a dream,조합 확정,,뮤지컬+연극,0.9502008200000001,0.7961174533333333,0.6575766
전원경의 미술관 옆 음악당 시즌 5,판단 불가,,,0.6939469533333334,0.2524282033333333,0.02382382
오페라와 뮤지컬의 향연,주 장르만 확정,서양음악,,0.9999802866666666,8.137696283333333e-05,8.7543485e-06
베토벤X클림트 운명의 키스,판단 불가,,,0.4039554966666667,0.018878493333333333,0.016444266
최정주의 아트앤뮤직 큐레이션: 인상주의 화가들 시리즈 Ⅱ,주 장르만 확정,대중음악,,0.9845080166666667,0.12134493333333334,0.09151633
"온쉼표, 하루 (10월)",주 장르만 확정,연극,,0.9970716200000002,0.022077953866666666,0.0014807836
"짬콘서트:조선클럽, 재비＆유엔젤보이스 [용인]",주 장르만 확정,대중음악,,0.6790981666666666,0.43258816799999994,0.114249304
점프 [울산],주 장르만 확정,뮤지컬,,0.7476495433333333,0.17128026,0.1371164
Volare sul teatro (패키지),주 장르만 확정,무용,,0.9816552166666667,0.23240313266666668,0.008106078
김영임 & 김용임과 함께하는 희희낙락 [영주],주 장르만 확정,한국음악,,0.9723830833333333,0.44671197666666657,0.26107073
찰리채플린 시네마 콘서트 with 신나는섬 [태안],주 장르만 확정,한국음악,,0.9999489333333335,0.11782710226666666,0.0027798938
제16회 남양주 예술제,판단 불가,,,0.7674041466666667,0.3909697433333333,0.18766388
금요공감 (11월),판단 불가,,,0.5269909433333333,0.0245601829,0.0073646507
"수봉IN꿈노리, 샌드아트와 음악 안녕 비류야",주 장르만 확정,연극,,0.7938306,0.5046195600000001,0.27806395
제15회 열린심포니오케스트라 정기연주회,주 장르만 확정,서양음악,,0.42582817,0.004856386933333333,0.0023675065
"봉포유 Ⅳ, 다시만난 세상으로- 봄바람 쐬러가자",판단 불가,,,0.7971325166666667,0.2648011633333333,0.11573583
밀양아리랑: 날 좀 보소,주 장르만 확정,한국음악,,0.8829667899999999,0.39501717333333336,0.2438961
선율기록: BIG VIOLIN PLAYER,주 장르만 확정,서양음악,,0.9930843433333333,0.4276741315666667,0.0031728547
장르불문 십분발휘,주 장르만 확정,무용,,0.85052555,0.081820357,0.008523311
동지섣달 꽃 본 듯이,주 장르만 확정,한국음악,,0.9867886466666667,0.036943545,0.018753607
Shall we Tango?,주 장르만 확정,서양음악,,0.8737986466666667,0.03394559103333333,0.0042433073
친절한 돼지씨,주 장르만 확정,한국음악,,0.95900394,0.04003747756666667,0.0022314547
지역문화예술활성화를 위한 문화 예술 여행,판단 불가,,,0.5806911933333333,0.40886396666666663,0.2526541
코리아윈드필하모니 국악과 함께하는 이색콘서트,판단 불가,,,0.8551522500000001,0.14130030353333334,0.0056995666
"11시 음악산책, 공병우의 내 사랑",주 장르만 확정,서양음악,,0.8625525866666667,0.10205065533333334,0.0795546
BEST OF THE BEST [대구],주 장르만 확정,서양음악,,0.9622489,0.04429488066666667,0.03044795
수험생을 위한 가족음악회 덕분에 콘서트,주 장르만 확정,서양음악,,0.99910985,0.0046255545,0.0005435725
제4회 S.Festa,주 장르만 확정,연극,,0.9927780166666667,0.0024483194866666666,0.00013657066
제14회 서울국제문화공연,판단 불가,,,0.8846796366666666,0.07740483253333333,0.0009795256
축하 음악회 [부산],판단 불가,,,0.9432559833333333,0.35693829166666663,0.04419584
춘천시립교향악단과 강원도립국악관현악단이 함께하는 신년음악회,판단 불가,,,0.84333685,0.451059508,0.011415024
세종 예술제,주 장르만 확정,서양음악,,0.88367669,0.218046816,0.011057493
세종시문화재단 공연장상주단체 페스티벌,판단 불가,,,0.7318061266666667,0.20718876333333336,0.06475507
"제19회 의정부음악극축제, 이희문＆프렐류드＆놈놈 잠비나이 VOMLab",주 장르만 확정,한국음악,,0.99993643,0.0065502483666666665,0.0026460611
영남필하모니오케스트라와 함께 하는 가족 클래식 음악회,주 장르만 확정,서양음악,,0.8618659000000001,0.09422113933333333,0.026122972
제19회 강릉국제청소년 예술축전,판단 불가,,,0.9761358333333333,0.3536749333333334,0.19697154
"STAGE.5, 기술의 예술",주 장르만 확정,무용,,0.9393905666666665,0.29926214999999995,0.14980248
대구문화예술회관 개관 30주년 기념 공연,판단 불가,,,0.6686869833333334,0.12133655766666666,0.044204883
"그림 읽어주는 베토벤 THE CONCERT, 고흐vs고갱",주 장르만 확정,서양음악,,0.99530029,0.08678625933333334,0.040338118
악가무서화(樂歌舞書畵) [영주],판단 불가,,,0.8313003366666667,0.143372627,0.033246327
"수성월드뮤직페스티벌, 신노이",판단 불가,,,0.9044907733333334,0.3635398666666667,0.23900983
"짬콘서트:조선클럽, 오단해아트랩＆서울발레시어터 [용인]",주 장르만 확정,한국음악,,0.9598371666666666,0.18613805333333333,0.04156474
현대인을 위한 메디아트 콘서트 I [안동],주 장르만 확정,서양음악,,0.5000814433333333,0.017496365333333333,0.006950667
"짬콘서트:조선클럽, 이날치 & 앰비규어스댄스컴퍼니 [용인]",주 장르만 확정,대중음악,,0.7049253166666666,0.48404866999999996,0.24066131
텐트 속 가을 콘서트,판단 불가,,,0.9810745,0.5679525733333333,0.02049826
진성&남상일의 희희낙락 콘서트 [여주],주 장르만 확정,한국음악,,0.9913231233333333,0.24203298066666665,0.051155582
코로나 극복기원 다큐·갈라콘서트 울림IV,주 장르만 확정,서양음악,,0.9999276500000001,0.0036475234533333337,0.00071711506
최정주의 아트앤뮤직 큐레이션: 인상주의 화가들 시리즈 Ⅲ,판단 불가,,,0.9873437333333334,0.5716016605,0.0011163215
BEST OF THE BEST,주 장르만 확정,서양음악,,0.99720953,0.0038335218999999998,0.0014961909
최정주의 아트앤뮤직 큐레이션: 도시의 미술관 산책 I,판단 불가,,,0.9485177533333333,0.31470307,0.07509956
신년음악회 [군포],주 장르만 확정,서양음악,,0.9998077933333333,0.0017684191900000001,0.00025092947
부채소녀,조합 확정,,서양음악+한국음악,0.8629024466666667,0.6824942533333335,0.5265934
코미디 애니멀 쇼 [인천],판단 불가,,,0.9499312433333333,0.2879389283666667,0.0017182351
"＃의정부아트스테이지, 걱정말아요 그대",판단 불가,,,0.8281626933333334,0.15654848200000002,0.028087966
최정주의 아트앤뮤직 큐레이션: 도시의 미술관 산책 Ⅱ,주 장르만 확정,대중음악,,0.98502089,0.2978080916666666,0.011170355
대구문화예술회관 새해희망콘서트,판단 불가,,,0.8346269133333332,0.33705134,0.02821826
천막극장,판단 불가,,,0.4277006666666667,0.23457743,0.15966563
코미디 애니멀쇼 [의정부],주 장르만 확정,뮤지컬,,0.9978793033333333,0.031914653966666665,0.0010717129
"대전문화예술지킴이 감사콘서트, 제4편 그리운 그대여",주 장르만 확정,대중음악,,0.42468033666666666,0.041574515666666666,0.032335855
최정주의 아트앤뮤직 큐레이션: 도시의 미술관 산책 Ⅲ,주 장르만 확정,대중음악,,0.9926492133333333,0.09906419966666667,0.005306089
"통영국제음악제, 디어 루나",주 장르만 확정,서양음악,,0.16142293866666668,0.032807602600000006,0.0021146808
"통영국제음악제, 이날치",주 장르만 확정,한국음악,,0.9976935299999999,0.0057612137333333336,0.0022304857
비올라 tuitti와 가야금의 FOREST SOUNDS,판단 불가,,,0.9165728533333333,0.23578477826666666,0.0003855748
코미디애니멀쇼 [부천],주 장르만 확정,뮤지컬,,0.9999991666666667,0.03856684658833333,0.000114469185
"춘천시립합창단 어린이음악회, 친구야노올자: 콩쥐팥쥐",판단 불가,,,0.4206008383333333,0.05386700866666666,0.012817406
"안산시립예술단 기획공연, 목요보노음악회",주 장르만 확정,서양음악,,0.8239544666666667,0.3581193436666667,0.020563181
청산 The 그리다,주 장르만 확정,한국음악,,0.9999978533333334,0.0012566925193333333,2.4187668e-05
"한국음악, 여섯 개의 길로 떠나는 음악여행 레게, 판소리를 만나다",판단 불가,,,0.8308236933333334,0.5149110800000001,0.18225794
Body ＆ Voice [인제],판단 불가,,,0.7858663866666666,0.4077086333333333,0.2865606
최정주의 아트앤뮤직 큐레이션: 도시의 미술관 산책 Ⅳ,판단 불가,,,0.9871202133333333,0.4353173396666667,0.012700919
"해설이 있는 11시콘서트, 블랙스트링 [천안] (4월)",판단 불가,,,0.8839008,0.30396766466666664,0.010284514
"K-Brunch Concert, 우리의 아침을 여는 한국음악: 첼로가야금 [대전]",주 장르만 확정,한국음악,,0.9999690333333334,0.0014100779333333334,0.0010740678
"금욜로 시리즈, 첼로가야금 [포항]",주 장르만 확정,한국음악,,0.9998323533333333,0.013721508033333335,0.0006635054
"ACC 창제작 어린이공연, 괴물 연을 그리다",주 장르만 확정,연극,,0.9998286200000001,0.0029921713666666663,0.000149393
코미디 애니멀 쇼 [구로],주 장르만 확정,뮤지컬,,0.9998480000000001,0.0010661475433333333,0.00045670973
봄내려온다,주 장르만 확정,뮤지컬,,0.9989889999999999,0.001808151666666667,0.0010205689
한웅원밴드 With 유태평양 [충주],판단 불가,,,0.8727637366666666,0.32439011333333334,0.17064437
출범기념 오프닝 콘서트 [경기 광주],주 장르만 확정,한국음악,,0.9986837199999999,0.0037481621000000002,0.0027250033
PICAS와 함께하는 어린이날 그림동화 음악회 Ⅷ,주 장르만 확정,서양음악,,0.9997518333333333,0.0005397392666666666,0.00035049923
크로이처 소나타,주 장르만 확정,연극,,0.9999050899999999,0.00269009634,0.0002466779
김영임 & 김용임과 함께하는 희희낙락 [통영],주 장르만 확정,한국음악,,0.9821967333333333,0.16978536333333336,0.10386155
갈라쇼 [대전],주 장르만 확정,뮤지컬,,0.98882621,0.0024846504,0.00052280654
탈피 [인천],판단 불가,,,0.6303048733333333,0.006741612655666667,4.9723167e-05
"요즘예술, 경기도극단 & 경기필하모닉오케스트라",조합 확정,연극,서양음악+연극,0.83203422,0.4326813866666666,0.33265486
대동춤Ⅱ,판단 불가,,,0.5211000033333333,0.051760532,0.017777976
"교육가족 공감 콘서트, 쉼",주 장르만 확정,대중음악,,0.6928441766666666,0.17494554549333333,7.224648e-05
둥글고 둥글게 [부산],판단 불가,,,0.9110241,0.34592730599999993,0.011150794
해피콘서트 [군포],주 장르만 확정,한국음악,,0.9999977333333333,0.00451084762,0.0002698396
쇼그맨 [밀양],판단 불가,,,0.36898601999999997,0.10165309566666668,0.056069337
스쿨 온 스테이지,주 장르만 확정,한국음악,,0.99968453,0.009704238066666667,0.0018021478
최정주의 아트앤뮤직 큐레이션: 도시의 미술관 산책 Ⅴ,판단 불가,,,0.93435477,0.41991052999999995,0.13736197
"네버랜드 in 군포 Ⅰ, 동화 읽어주는 콘서트: 방귀며느리",판단 불가,,,0.7349855,0.314672573,0.025202759
가야금 & 클래식 현(絃)의 풍류 [안동],판단 불가,,,0.6302674666666667,0.3462602266666666,0.25745645
"트라이보울 시리즈, 우기부기",주 장르만 확정,한국음악,,0.6900146466666667,0.25137867666666663,0.17765377
"서현진과 함께하는 브런치 콘서트, 춤출까요? [인천] (5월)",판단 불가,,,0.38826129800000003,0.06494672333333333,0.034271713
콜링,주 장르만 확정,서양음악,,0.8443482466666666,0.016588995,0.00270005
재즈보컬 나혜영과 함께하는 시네마 뮤직 콘서트,주 장르만 확정,대중음악,,0.8446714466666666,0.017243362666666668,0.003854902
최정주의 아트앤뮤직 큐레이션: 도시의 미술관 산책 Ⅵ,주 장르만 확정,대중음악,,0.9992595166666667,0.0395219951,0.0041990983
"서현진과 함께하는 브런치 콘서트, 춤출까요? [인천] (6월)",판단 불가,,,0.4382295233333333,0.28060905333333336,0.07964143
무한열전 [대구],판단 불가,,,0.38264268533333334,0.011277031666666666,0.00181752
아직 가 닿지 못한 그곳 찬란한 벌판,판단 불가,,,0.28309855700000003,0.0013484456833333335,0.00044370565
JAZZ에 빠진 영화 OST 그리고 탭댄스 [김제],판단 불가,,,0.7226266,0.48685216333333337,0.39789844
"공연으로 떠나는 세계여행, 아르헨티나",주 장르만 확정,서양음악,,0.6287078666666667,0.0361290112,0.0051756036
KKun in 용인 페스티벌: 국악과 재즈의 만남,주 장르만 확정,대중음악,,0.9689013633333334,0.17978025166666667,0.102608845
Spanish Heart,판단 불가,,,0.9850806733333334,0.053513572,0.011877188
오정해·유태평양과 함께하는 한여름밤의 콘서트 [대구],주 장르만 확정,한국음악,,0.9913735333333333,0.01531407276,0.00016185803
제15회 현대음악앙상블 뉴던 정기연주회,주 장르만 확정,서양음악,,0.9992900133333333,0.0017385648555666667,7.3096467e-06
최정주의 아트앤뮤직 큐레이션: 도시의 미술관 산책 Ⅶ,주 장르만 확정,대중음악,,0.9904669333333334,0.37547454933333335,0.033114668
한낮의 유U;콘서트 (7월),판단 불가,,,0.49879094333333335,0.02330755695,0.00096410385
무령 (7.24),주 장르만 확정,한국음악,,0.8270099933333332,0.012532802366666667,0.0012082154
무령 (7.25),주 장르만 확정,한국음악,,0.9091868666666666,0.013074532,0.004610095
자스무지쿠스 정기연주회 [대전],주 장르만 확정,대중음악,,0.9999980466666667,1.79021441e-05,6.9432663e-06
"경기도예술단원 창작무대, Spero Spera: 마마 [수원]",판단 불가,,,0.5173467433333333,0.16627238866666666,0.075967476
"봉포유 렉처스테이지 I, 김설진X토리스 [대구]",주 장르만 확정,한국음악,,0.9978773166666667,0.009031984266666666,0.0050935824
8월 토마토,판단 불가,,,0.8226007066666666,0.16091442573333334,0.0007105572
박애리와 함께하는 무브먼트 코리아 3 [부산],주 장르만 확정,한국음악,,0.8916824666666666,0.24726267666666668,0.11136601
"온쉼표, 국악 플라잉 퍼포먼스: 하루 (8월)",주 장르만 확정,연극,,0.7295845066666667,0.0265284737,0.0005988631
문화보물선을 만나러 가자,주 장르만 확정,대중음악,,0.99999941,0.00017348210366666667,1.7554747e-05
춘천문화예술회관 기획공연 (패키지),주 장르만 확정,뮤지컬,,0.9999839933333333,0.0012266229833333333,0.00047564955
"수봉IN꿈노리, 뮤직트립",판단 불가,,,0.7564952533333332,0.3940015766666667,0.18495841
"봉포유 렉처스테이지 II, 최석민 무용단X프렐류드 [대구]",주 장르만 확정,대중음악,,0.9924889833333334,0.17416858733333332,0.011027682
"아리랑, 택견과 만나다 [수원]",판단 불가,,,0.9457148566666667,0.33670677,0.06671405
음악이 춤을추다 [대전],주 장르만 확정,대중음악,,0.8198325266666666,0.49586962000000007,0.18760021
드림스테이지 [김포],판단 불가,,,0.7350892333333333,0.35389632666666665,0.1741107
The Magic 팬텀&퀸 [안산],주 장르만 확정,서양음악,,0.9999749666666666,0.0008966681533333333,0.00016235946
젊은 예술가 초청 시리즈,주 장르만 확정,연극,,0.9963088999999999,0.14769179766666665,0.029458323
제32회 백제가요 정읍사문화제,판단 불가,,,0.7769277233333334,0.08078161576666666,0.0012275173
김영임 & 김용임과 함께하는 희희낙락 [용인],주 장르만 확정,한국음악,,0.9982036966666666,0.12644193333333334,0.0435506
화려한 조명이 나를 비출 때 [안산],판단 불가,,,0.7250766666666667,0.5790851833333334,0.34789023
벽을 뚫고 나온 꽃 [계양],조합 확정,대중음악,대중음악+무용,0.9938793,0.89629555,0.75499314
아트로드 [용인],판단 불가,,,0.52079406,0.22372735000000002,0.17916417
마디와 매듭 쇼케이스,주 장르만 확정,한국음악,,0.6989189666666666,0.06049855233333334,0.018587722
"안동문화예술의전당 브런치콘서트, 레젤 트리오: 여인의 향기 (10월)",주 장르만 확정,대중무용,,0.97852873,0.2375827433333333,0.03890069
"제60회 탐라문화제, 개막식",주 장르만 확정,한국음악,,0.99971412,0.15920895626666667,0.000688179
"제60회 탐라문화제, 회원단체 공연",주 장르만 확정,한국음악,,0.9995196333333333,0.07433590303333333,0.0024652341
별 헤는 밤 빼앗긴 들에서 꽃처럼 침묵을 깨다 [세종],주 장르만 확정,한국음악,,0.97767448,0.0022074708433333333,0.00043893253
"제60회 탐라문화제, 시상식 및 폐막공연",주 장르만 확정,한국음악,,0.9903413233333334,0.11174634633333332,0.016433349
Change Of Season 7,주 장르만 확정,연극,,0.6176266833333334,0.005322158366666667,0.0008777731
MASK TOWEL DANCE for Orchestra,주 장르만 확정,서양음악,,0.9990485666666666,0.008043036443333334,0.00017899433
친정엄마와 함께 감정 분리수거 [수원],주 장르만 확정,뮤지컬,,0.9955655333333334,0.0006773918766666666,0.00031470158
타파21,판단 불가,,,0.99705985,0.3313433966666667,0.001922298
와일드 와일드,주 장르만 확정,뮤지컬,,0.9989209666666666,0.11467038283333335,0.0018885155
세종의 꿈: 스물여둟짜랄의 신비,판단 불가,,,0.47413593666666665,0.041622753666666665,0.024690403
"The ART SPOT Series, 공간이 만든 공간",주 장르만 확정,한국음악,,0.9862564799999999,0.0575922089,0.0038797634
명화 배달부,주 장르만 확정,무용,,0.9989636466666667,0.200929153031,7.029493e-06
THE 하랑콘서트: 끄적끄적,판단 불가,,,0.97639978,0.5216917753866667,0.00065352616
"서현진과 함께하는 브런치 콘서트, 춤출까요?: 광기, 무섭도록 아름다운 [인천]",판단 불가,,,0.37285986666666665,0.12741297333333332,0.05811354
월드뮤직그룹 공명 & 비보이 & 전통무용의 콜라보 콘서트,판단 불가,,,0.17717562333333334,0.03976694866666667,0.015355628
문화를 꿈꾸며 삶을 노래하며,주 장르만 확정,서양음악,,0.9844841366666667,0.0020747108000000003,0.0016625188
"플러스: 강권순X송홍섭 앙상블, 이희문과 프렐류드",주 장르만 확정,한국음악,,0.9995345700000001,0.011884109266666667,0.0035807888
With CAD,판단 불가,,,0.4420637966666667,0.005781457793333333,0.00021128538
1687,주 장르만 확정,무용,,0.9999403566666666,0.053167847466666675,0.0054506394
김영임 & 김용임과 함께하는 희희낙락 [보령],조합 확정,,대중음악+한국음악,0.9825081766666667,0.7378479833333333,0.5477838
동물의 사육제 [의정부],주 장르만 확정,뮤지컬,,0.7903654766666666,0.05969926566666667,0.028322892
중구 어린이와 함께하는 코로나 극복 희망콘서트 1부,주 장르만 확정,대중음악,,0.8190405766666666,0.0926172242,0.0006999026
처음인 오늘,판단 불가,,,0.9998836999999999,0.33679684643333335,0.0016499833
중구 어린이와 함께하는 코로나 극복 희망콘서트 2부,주 장르만 확정,대중음악,,0.9954648666666667,0.10089332699999999,0.004248541
IMAGE of MUSIC 이은결 Ⅹ 조재혁 [의정부],판단 불가,,,0.9260549233333334,0.05739746833333333,0.029927775
쇼팽: 음악적 독립투사 이야기,판단 불가,,,0.9017049733333332,0.28453245566666663,0.025842607
음악에 날다 [고양],판단 불가,,,0.9863350133333334,0.16945432800000002,0.029240774
리듬 오브 코리아 [함양],판단 불가,,,0.7910971566666666,0.38794291666666664,0.08386382
미스테리우스 [해남],판단 불가,,,0.6669583459999999,0.05599312466666667,0.010059441
삼성현 열린 가족콘서트 [경산],판단 불가,,,0.8056020300000001,0.025167430985,1.4451055e-05
바람은 소리없이.. 두번째 이야기: 자유의 초상,판단 불가,,,0.9999998,0.34035169014100003,1.3631423e-05
"서현진과 함께하는 브런치 콘서트, 춤출까요?: 우리 안의 아이에게, 호두까기 인형 [인천]",판단 불가,,,0.5631044486666666,0.051488174,0.039580368
열린음악회 [창녕],판단 불가,,,0.7270307666666667,0.09741112966666667,0.012707049
눈으로 보이지 않는 마음의 소리 [의정부],주 장르만 확정,서양음악,,0.94766882,0.023731216833333332,0.0034305379
하나카드와 함께하는 예술기부 스페셜 콘서트: Dear.Me : 친애하는 나에게,주 장르만 확정,무용,,0.9559065533333334,0.023121131666666666,0.006015479
무용詩 낭송회 [춘천],주 장르만 확정,무용,,0.9935767133333333,0.0016379642566666667,0.00026513397
"제33회 고양행주문화제, 행주 코로나19 국난극복 여민락 콘서트 [아람누리]",주 장르만 확정,대중음악,,0.9994692766666667,0.008573656546666666,9.268113e-05
"제33회 고양행주문화제, 행주 코로나19 국난극복 여민락 콘서트 [어울림누리]",주 장르만 확정,대중음악,,0.9998059433333334,0.00094813211,0.00025545343
"클래식인문학특강1, 조희창의 러시아 피아노 음악이야기",판단 불가,,,0.70336513,0.25640835,0.14759259
쏘울브릿지 기획공연: 단사 에스파뇰,주 장르만 확정,서양음악,,0.8601714666666666,0.037169404903333335,0.00024020001
unCERTAINTY 서수진 단독공연 (Feat.Coloris Trio x 정수동 x Park 8),주 장르만 확정,대중음악,,0.9999450900000001,0.010040939466666668,0.0027249244
악가무서화 X 춤추는 미술관,판단 불가,,,0.040706946333333334,0.018720826,0.008697329
여수 시립예술단과 함께하는 송년음악회,주 장르만 확정,서양음악,,0.93165339,0.23526307333666666,4.616863e-05
Adieu 송년음악회 [대구],주 장르만 확정,서양음악,,0.9924813,0.026875962966666667,0.0017140132
청청 PASSION 제,주 장르만 확정,연극,,0.8367290900000001,0.18315007000000003,0.12376372
안산시립예술단 특별기획공연: Winter Concert,판단 불가,,,0.7258078266666667,0.2681049933333333,0.15154205
Chair Table Chair,주 장르만 확정,연극,,0.9900606999999999,0.010261679286666667,0.00030808186
크리스마스 콘서트 [대구],주 장르만 확정,서양음악,,0.9710364733333332,0.00034389889333333334,0.00012976538
굿: 마른오구,주 장르만 확정,무용,,0.7483292833333334,0.015548861399999997,0.0035593382
와일드 와일드,주 장르만 확정,뮤지컬,,0.9872331666666666,0.04019046123333333,0.0011819077
虎氣: 범의 기운,주 장르만 확정,연극,,0.98727352,0.15057871316666668,0.0062977695
어린왕자 [부산],주 장르만 확정,연극,,0.9965032866666667,0.20720443389666668,9.660169e-05
용인특례시 출범 전야제: 다시 새롭게 특례시 용인,주 장르만 확정,한국음악,,0.9998301233333334,0.009318262733333334,0.0024039038
울산공업센터 지정 60주년 기념 신년음악회: 앙코르! 울산 1962,판단 불가,,,0.6741719866666668,0.07994382833333334,0.015302568
"DAC플러스스테이지, 찾아오는 공연",주 장르만 확정,서양음악,,0.9917376566666668,0.2907073054,0.0020913112
토요국악동화,주 장르만 확정,한국음악,,0.9998411866666667,0.41831207333333337,0.0257318
Eternal Moments 영원한 순간,주 장르만 확정,한국음악,,0.9999610666666666,0.0015299518533333333,0.00022562296
NU PUNK IS HIPHOP,판단 불가,,,0.7510010133333332,0.17859099201333337,0.00018314204
새로운 시작 새로운 희망 콘서트,주 장르만 확정,서양음악,,0.6434557833333333,0.05489660615333333,0.00048757446
제40회 파주시립예술단 신년음악회: Begin Aagain,판단 불가,,,0.42760609,0.14396184333333334,0.12665091
소리꾼 고영열 & 조윤성 트리오의 JAZZ IN NANBONGA,주 장르만 확정,대중음악,,0.9999996466666667,7.188698133333333e-05,3.426287e-05
"방방곡곡 페스타, 코카카와 함께 하는 일상회복 힐링콘서트: 희망의 다리를 놓다 (2.20)",주 장르만 확정,서양음악,,0.8567639533333334,0.049188800000000005,0.013048555
"안동윈터아트페스티벌, 안동아코디언동호회 & 웅부실버악단 크로스오버 신바람콘서트 [안동]",판단 불가,,,0.7981448166666668,0.30115607,0.21129437
"방방곡곡 페스타, 코카카와 함께 하는 일상회복 힐링콘서트: 희망의 다리를 놓다 (2.21)",주 장르만 확정,서양음악,,0.8564648833333334,0.12673647366666665,0.107877746
"방방곡곡 페스타, 코카카와 함께 하는 일상회복 힐링콘서트: 희망의 다리를 놓다 (2.22)",주 장르만 확정,서양음악,,0.9987282,0.002784354083333333,0.00044214935
어린이예술아카데미 발표회 (2부),판단 불가,,,0.3391442433333334,0.016114137466666668,0.0012155772
"Spring Baroque, 댄싱 바로크",주 장르만 확정,서양음악,,0.9989495833333333,0.0006706855816666666,4.5320445e-05
고양특례시 출범 지역 예술인 축하콘서트,판단 불가,,,0.6912220733333333,0.09905396766666667,0.020227386
새로운 시작을 위한 힐링콘서트: 탠텀&퀸 The magic [순천],주 장르만 확정,서양음악,,0.96011995,0.049033791666666666,0.030875968
오페라마 토크 콘서트: 바리톤 정경의 정신 나간 작곡가와 키스하다,판단 불가,,,0.9880576533333333,0.146990296,0.008532318
"김남진피지컬씨어터, LINE: 줄 [부산]",주 장르만 확정,무용,,0.9999588033333334,0.0071748624,0.0034630022
비발D마와 함께하는 씨네마콘서트,판단 불가,,,0.5813106833333334,0.33706657333333334,0.19494206
"전원경의 아트살롱, 그림콘서트: 봄을 맞은 파리",주 장르만 확정,서양음악,,0.7000508233333335,0.057829143,0.048102897
아우름 콘서트 [대구],주 장르만 확정,서양음악,,0.9991015799999999,0.010757926873333332,5.557212e-05
"을숙도문화회관 개관 20주년 기념콘서트, 조항조, 박애리 & 오케스트라",주 장르만 확정,대중음악,,0.9329190333333334,0.027042697333333334,0.010045799
을숙도문화회관20주년 콘서트,주 장르만 확정,대중음악,,0.9504098666666666,0.13925140133333333,0.051256824
이영섭 ＋ 양승환 듀오콘서트: WE,주 장르만 확정,한국음악,,0.9998585333333333,0.0036521162,0.0023874615
노래와 춤이 함께하는 봄의 로망스,주 장르만 확정,서양음악,,0.9783569333333334,0.01699397756666667,0.0013453477
안산시립예술단 특별기획공연: 안산의 사계,주 장르만 확정,서양음악,,0.9869972866666666,0.04510231766666666,0.002989693
"아세안 어린이공연, 거인 앙갈로",주 장르만 확정,연극,,0.8701539166666666,0.14205553,0.03329667
안산시립예술단과 함께하는 수수콘(수요일 수려한 콘서트),판단 불가,,,0.5950092133333333,0.3237951966666667,0.21113631
수원시립교향악단 키즈콘서트,주 장르만 확정,서양음악,,0.9999011766666667,0.0013128766333333332,0.0010259032
불켜는아이,주 장르만 확정,연극,,0.5934543033333334,0.3429376266666666,0.26392677
오월어머니의 노래 순회공연,주 장르만 확정,대중음악,,0.98572428,0.001717645867,1.2007701e-05
장사익 & 홍지민과 함께하는 음악회: 어우름 [하남],판단 불가,,,0.23285359000000003,0.14287898133333332,0.100075744
신중신 시인 등단 60주년 문학콘서트,판단 불가,,,0.06502676733333333,0.047425129333333337,0.028159648
"라스트 스트라디움, 까도까도 30",판단 불가,,,0.5349109933333333,0.05694121056666667,0.0045818277
"통진 마티네 콘서트, 판소리와 탭댄스의 만남: 소리꾼, 탭꾼 [김포]",판단 불가,,,0.7725909633333333,0.5723021433333333,0.2819077
제주하모니 (5월),판단 불가,,,0.5547979066666667,0.24344555666666667,0.18544242
음으로 그린 樂 [부산],판단 불가,,,0.9009536333333333,0.37343283666666666,0.13712841
"제9회 예술공감, 샌드아트와 음악만들기",주 장르만 확정,서양음악,,0.9999948333333334,1.4827855000000003e-05,4.417315e-06
"ACC 브런치콘서트, 팀 퍼니스트 서커스 음악극: 체어, 테이블, 체어 (5월)",판단 불가,,,0.9106667433333334,0.4352364833333333,0.18907925
장사익 & 김영임 with 웨스턴심포니오케스트라 [경주],주 장르만 확정,한국음악,,0.9960189833333334,0.0373311592,0.0033312866
"체어, 테이블, 체어",판단 불가,,,0.7501365666666667,0.21518868666666666,0.11577278
춤과 함께하는 봄의 대향연,주 장르만 확정,서양음악,,0.7653327466666666,0.025522706566666668,0.0006433017
아시아 콘텐츠 공연개발 쇼케이스: 고래씨 이상해,주 장르만 확정,한국음악,,0.9999020533333333,0.15096288,0.06849942
"별별페스티벌, 단테: 지옥 편",주 장르만 확정,연극,,0.7102913700000001,0.0038337903,0.0021101146
매헌윤봉길의사 상하이의거 90주년 기념 음악축제,주 장르만 확정,서양음악,,0.31701545433333334,0.004571216866666667,0.0009337545
"제3회 이머시브 랩, 빈공간, 극장놀이",판단 불가,,,0.5364062333333334,0.0005487006566666666,0.00021547287
익산시립무용단 풍물단 합동공연: 넥스트모션Ⅳ,주 장르만 확정,한국음악,,0.5870648733333333,0.06168771133333333,0.03808793
빨간망토와 함께 떠나는 뮤직 트립,판단 불가,,,0.17602771033333334,0.033976044000000004,0.014119234
강아지 똥 [의정부],주 장르만 확정,뮤지컬,,0.9748836666666666,0.023202865333333333,0.012053939
두번째달X김준수X채수현: 새로운 세상으로의 초대 [인천],주 장르만 확정,한국음악,,0.9989422666666666,0.039744286766666664,0.0065898933
제22회 거창예총제,판단 불가,,,0.7968750566666666,0.385600872,0.076689646
"꽃, 나무",주 장르만 확정,서양음악,,0.9992155866666667,0.0010562022533333333,6.174656e-05
"신박한 스테이지, 고래의 노래",주 장르만 확정,한국음악,,0.6285378313333333,0.02708692289,0.00042206267
"GAC 화요극장, 위대한 낙서",판단 불가,,,0.5615690066666666,0.18792461000000002,0.08979285
춘향 예화담 [연천],주 장르만 확정,한국음악,,0.99999598,0.00075347643,9.314869e-05
"전영랑, 강유진의 국악과 트로트의 만남",판단 불가,,,0.24215520999999998,0.14302839666666667,0.10065999
민들레 가족극장,주 장르만 확정,연극,,0.97361903,0.6086876233333333,0.25864187
자동차의 정맥 by OddVein,주 장르만 확정,대중무용,,0.9999071900000001,0.5623275799999999,0.04548245
"아리랑, 택견과 만나다 [수원]",주 장르만 확정,한국음악,,0.6957326,0.04955332233333334,0.041529942
BOOMI's Jazz Odyssey: 조선,주 장르만 확정,서양음악,,0.93519204,0.1678864,0.02948741
꽃이 핍니다 [영천],주 장르만 확정,한국음악,,0.9999928666666666,0.04585741266666667,0.017155245
HYANGGA,주 장르만 확정,대중음악,,0.9830361000000001,0.03532429333333333,0.015035502
제17회 부산국제어린이청소년영화제 개막식,판단 불가,,,0.9841422999999999,0.020412158533333332,0.0033386026
사유하는 극장: 요즘 것들의 사유,판단 불가,,,0.378649411,0.2614602858333333,0.0003401471
제31회 아트레온 갤러리 콘서트,판단 불가,,,0.8887217333333334,0.10514974033333334,0.006113755
민선8기 축하음악회 [천안],주 장르만 확정,한국음악,,0.34340988,0.07812784866666667,0.041923292
GoGoGo: 연주하Go 노래하Go 춤추Go [안성],판단 불가,,,0.3624213033333333,0.013643369833333334,0.0023094895
은곡마을 마실콘서트,주 장르만 확정,서양음악,,0.99981498,0.013839983200000001,0.0071768686
시詩작作: 과정과 공유,주 장르만 확정,연극,,0.9998558466666667,0.01796970799,0.00089450437
Letter (서신): Greeting from No Sign Lab,주 장르만 확정,서양음악,,0.6821617283333333,0.00979495841,7.611873e-05
"전원경의 아트살롱, 그림콘서트: 로마의 여름 햇살",주 장르만 확정,서양음악,,0.9908001999999999,0.012990172999999999,0.011654999
"체어, 테이블 체어 [의정부]",주 장르만 확정,뮤지컬,,0.9999409133333333,0.0038413844999999995,0.000436899
LED 비바츠태권발레 [창녕],판단 불가,,,0.34957409333333334,0.068607117,0.019776255
"여우락 페스티벌, 밤 새 Baum Sae Communication",판단 불가,,,0.9175794366666666,0.35966014066666663,0.008530692
생생 락樂 [울산],주 장르만 확정,무용,,0.9977406000000001,0.0040977206,0.0005558538
코미디 애니멀쇼 [안산],주 장르만 확정,뮤지컬,,0.9842939633333333,0.259121606,0.009995634
거꾸로프로젝트: Gukpop Concert [평택],판단 불가,,,0.7104640666666667,0.3883464566666666,0.33199784
"스테이지 인 세종 시즌 1, 국악과 오케스트라의 앙상블: 세종실락",주 장르만 확정,뮤지컬,,0.9991995499999998,0.27727931266666667,0.031983
샌드 팝페라: 금빛 모래의 향연 [수원],주 장르만 확정,뮤지컬,,0.70743073,0.06320566123333334,0.0008410284
"여우락페스티벌, 차승민 X 장진아: Base Is Nice",주 장르만 확정,대중음악,,0.6382647033333334,0.0011959245999999999,0.00010707252
"여우락페스티벌, 지혜리 오케스트라: 너나:음양",주 장르만 확정,한국음악,,0.9999999666666667,0.0006727242200000001,0.00026703233
"코리아 탭 오케스트라, 올댓리듬 [통영]",주 장르만 확정,서양음악,,0.9374380133333333,0.3229600633333333,0.04147526
"판페라, 소리의 서막을 열다",판단 불가,,,0.8827604833333332,0.4081574133333333,0.19042149
"제32회 거창국제연극제, 한여름밤의 꿈",판단 불가,,,0.8550217133333332,0.2393938799666667,0.0025964899
제3회 대구학생문화센터 합창단·합주단·국악단 연합 정기연주회,판단 불가,,,0.7732629533333334,0.18335278333333335,0.13880959
한빛예술단의 일 더하기 We,판단 불가,,,0.9828294866666667,0.13974879508466667,4.1475254e-05
음악으로 듣는 마술극장 [김해],주 장르만 확정,서양음악,,0.5649831533333334,0.009152064533333332,0.0006928685
그림이 오감을 만났을때: 감각주의 [대구],주 장르만 확정,서양음악,,0.9940431466666667,0.0013518619666666668,0.000942145
WAVEON 아트 페스티벌,판단 불가,,,0.7926141566666667,0.4590071633333333,0.09494323
"제32회 거창국제연극제, 춘향전",주 장르만 확정,서양음악,,0.9943411366666667,0.5079870483333333,0.067041345
등,주 장르만 확정,연극,,0.8241904066666667,0.0011584342819999998,3.0278346e-05
김준수 X 두번째달 콘서트 with 손에손에 뮤직 페스타,조합 확정,대중음악,대중음악+한국음악,0.9815503699999999,0.7130845166666667,0.58718055
국악 IN 가요 [수원],주 장르만 확정,한국음악,,0.7244309700000001,0.00012465284533333333,1.4301711e-05
자연-적 [대구],주 장르만 확정,한국음악,,0.9463685133333333,0.04835561066666667,0.010842658
청춘만발,주 장르만 확정,한국음악,,0.9984351533333333,0.05686486500000001,0.0402674
"울주 어린이 오감체험 축제, 공연",판단 불가,,,0.7346930133333333,0.32179261666666664,0.14263381
파포스,주 장르만 확정,연극,,0.9136166166666667,0.11397414440999999,0.00029204253
"수봉IN 기획공연, 樂 & 민yo!: 유쾌 경쾌 통쾌한 삼쾌 콘서트",판단 불가,,,0.5965959,0.31672874666666667,0.24571754
비제의 어린이놀이와 한국의 전래놀이 콘서트 [인천],주 장르만 확정,서양음악,,0.9999205,4.3133795566666665e-05,2.2208037e-06
"대한민국 치유예술제, 제이리의 Piano Drama Concert: Afterglow",판단 불가,,,0.6446578199999999,0.153770083,0.016567769
"한여름밤의 작은극장, 헨젤과 그레텔 인 서커스 (Hansel and Gretel in Circus)",주 장르만 확정,연극,,0.9340566699999999,0.03491192548,0.00011456244
"플라멩코 X 국악, 소리로 타오르다",판단 불가,,,0.5114104733333333,0.4007498533333333,0.339623
점입가경 (漸入歌境),판단 불가,,,0.9787429800000002,0.48539532066666674,0.006545572
소나기,판단 불가,,,0.3657278366666667,0.05063435266666667,0.014088768
지음지기 (知音知己),판단 불가,,,0.6464685866666666,0.011873200366666668,0.0016736884
김영임 & 김용임과 함께하는 희희낙락 [대구],판단 불가,,,0.5880719166666667,0.23715441999999998,0.11583757
재미있는 음악이야기 오페라 & 뮤지컬,판단 불가,,,0.7513697733333333,0.27037883586666667,0.0060163746
전북 9인9색,주 장르만 확정,서양음악,,0.78853213,0.003585565246666667,0.00054454844
K팝페라로 들려주는 성남민권운동 이야기: 그 날이 올 때 까지,판단 불가,,,0.7499550233333333,0.28482560191733336,1.8545752e-05
"그 여름, 나의 탱고 [천안]",판단 불가,,,0.34377824966666665,0.03999123733333334,0.015420881
태권무 한빛,주 장르만 확정,뮤지컬,,0.6452286133333334,0.142892084,0.019718552
"제주해녀의 숨결에 실린 푸르고 깊은 노래: 숨,빛,소리",판단 불가,,,0.7071467,0.36036851666666664,0.20278108
성남예총과 함께하는 withus concert,판단 불가,,,0.9726448666666667,0.5119314806333334,0.0006083319
비바체스와 함께하는 사랑의 하모니 정기연주회,주 장르만 확정,서양음악,,0.6773070066666667,0.0036598770666666663,0.0006883882
"대구 고교 특화형 문화예술 프로그램 D-ART, 오페라&뮤지컬 갈라콘서트",주 장르만 확정,서양음악,,0.9994906666666666,0.003786939718333333,1.5079985e-05
"동,서양의 음악을 핫하고 힙하게!",주 장르만 확정,서양음악,,0.9964019199999999,0.0021839124059999998,1.5116183e-05
"저녁을 닮은 음악 3rd Stage, 신명으로 어울리다!",판단 불가,,,0.32888492733333335,0.044520523,0.009024296
新 광대의 외침 시너어,주 장르만 확정,한국음악,,0.85632997,0.03756971546666667,0.0017235464
우울한 대로: 기억의 조각,판단 불가,,,0.9973858333333334,0.4642505133333333,0.10231526
프리소울의 희망리듬: 춤추는 클래식,주 장르만 확정,서양음악,,0.9393225033333333,0.15651187566666666,0.058451977
비제의 어린이놀이와 한국의 전래놀이 콘서트 [부평],주 장르만 확정,서양음악,,0.99999992,2.5456442666666667e-06,3.910855e-07
"현대자동차그룹 대학 연극 뮤지컬 페스티벌, 시상식",주 장르만 확정,연극,,0.99785602,0.03533134113333334,0.0017471304
"제8회 대전음악제, 대전의 앙상블 동서양의 조화",주 장르만 확정,서양음악,,0.9998907999999999,0.0020675806306666667,6.402177e-06
영감 7 - 절기 2,주 장르만 확정,서양음악,,0.9410974,0.013680057166666667,0.0064931405
윤형주의 쎄시봉 콘서트,판단 불가,,,0.9848546800000001,0.5132769979999999,0.045722224
에코백,주 장르만 확정,뮤지컬,,0.3995852766666667,0.20222457666666668,0.12794784
일상이 되고픈 특별한 하루,주 장르만 확정,서양음악,,0.3215370653333333,0.024275237666666668,0.014058445
예그리나 in 제물포구락부 1926 [인천],판단 불가,,,0.4430558633333333,0.0004898100393333333,5.1083978e-05
라임의 왕 김삿갓 [춘천],주 장르만 확정,연극,,0.9999587433333333,3.354101933333333e-05,1.795266e-05
"그림자극으로 만나는 환상의 음악여행, 동물의 사육제 & 피터와 늑대",판단 불가,,,0.7182836666666667,0.2746989166666667,0.09206095
제8회 셈플리체 정기연주회,판단 불가,,,0.3191080533333333,0.0144598601,0.0005381233
레인보우프로젝트 vol.2 [대구],판단 불가,,,0.9542843,0.497350354,0.010216612
"전원경의 아트살롱, 그림콘서트: 가을 고독한 뉴요커",주 장르만 확정,서양음악,,0.6283138066666667,0.11524070666666665,0.024290094
"수요공감, 황인유의 流 Ⅰ",주 장르만 확정,무용,,0.8944212533333333,0.3877728233333333,0.09459326
서리풀 음악회,판단 불가,,,0.6634430666666666,0.14339793466666667,0.029006554
제103회 전국(장애인)체전 기념 콘서트: 함께 뛰는 우리 with 초대,판단 불가,,,0.49572062333333333,0.24206170533333335,0.093203776
소월 시극: 산산이 부서진 이름이여,주 장르만 확정,서양음악,,0.92375532,0.0010500457134333333,6.1301103e-06
"월간뮤지크, 동양고주파",판단 불가,,,0.7066233,0.18015145,0.10764608
"제27회 서곶문화예술제, 개막공연",주 장르만 확정,한국음악,,0.99694842,0.10282036433333334,0.04889217
"아트콘서트, 마티스가 사랑한 음악",판단 불가,,,0.5170401366666667,0.33559031999999994,0.21913256
"부산시립예술단, 재밌는 클래식 맛있는 클래식",판단 불가,,,0.8550141333333334,0.19517133333333336,0.0684351
수궁으로 떠나는 상상여행 [수원],판단 불가,,,0.15619849866666669,0.013106106433333334,0.0033122273
특별한 만남,판단 불가,,,0.9999986499999999,0.5110092766666666,0.05892525
The Magic 팬텀 & 퀸 [연천],주 장르만 확정,대중음악,,0.8665112666666667,0.5324075333333332,0.22614703
마디와 매듭,판단 불가,,,0.5616103266666667,0.29199782,0.20541921
"최정주 아트앤뮤직 큐레이션, 프로방스 2",주 장르만 확정,서양음악,,0.96877946,0.31307351433333336,0.009076233
"제22회 SPAF, 꼭두각시",주 장르만 확정,한국음악,,0.9430738533333334,0.34390522000000007,0.08641534
"서울국제공연예술제 협력프로그램, 불이 되는 숨",주 장르만 확정,무용,,0.9999994533333334,0.045312554459999994,0.00039048938
태권유랑단 녹두 [하남],주 장르만 확정,뮤지컬,,0.9985743833333333,0.01837069416666667,0.0044112275
"비욘드 더 클래식 Ⅱ, 음악맛집 클래식당",주 장르만 확정,서양음악,,0.9993936333333334,0.0007567775633333334,0.0006761276
The magic 팬텀 & 퀸 [과천],조합 확정,,대중음악+서양음악,0.9357449966666667,0.7498609333333333,0.5652999
"비욘드 클래식, 음악맛집 클래식당",판단 불가,,,0.9029649333333333,0.09659759533333334,0.006638732
"토요키즈클래식, 클래식으로 만나는 뮤지컬 with 할로윈 [용인]",주 장르만 확정,서양음악,,0.95854133,0.027892921666666667,0.008486195
심청길 비밀레시피,주 장르만 확정,연극,,0.9999436999999999,6.048939866666666e-05,2.0096875e-05
황보종태 단독공연,주 장르만 확정,한국음악,,0.5369479733333334,0.12662621286666667,0.0048151286
최정원과 함께하는 문화가 있는날 [제주],판단 불가,,,0.5937198133333333,0.07252918373333334,0.0028136172
말라죽지 않을 정도만: 위기테라피 to 식물 놀 궁리 디너쇼,주 장르만 확정,연극,,0.9995187866666666,0.022227079766666668,0.0021288404
"음악, 탱고를 만나다: Passion of TANGO [공주]",주 장르만 확정,서양음악,,0.7199128766666667,0.16591076666666668,0.06605153
비오케이 문화산책 (10월),판단 불가,,,0.5259360133333334,0.05066520066666667,0.003439117
햄릿: 소리의 심리학,주 장르만 확정,연극,,0.7340722066666666,0.008489385733333334,0.0016482867
방구 대 방구 [의정부],주 장르만 확정,뮤지컬,,0.9974130866666667,0.08900373833333332,0.010749195
24시간 프로젝트 시즌 5,주 장르만 확정,서양음악,,0.9998362666666667,0.023580531200000004,0.0028776159
"월간뮤지크, 소리꾼 고영열X조윤성 트리오",주 장르만 확정,한국음악,,0.9994206466666666,0.02339142816666667,0.0066645825
"제2회 N티스트페스티벌, 조선의 다빈치코드",판단 불가,,,0.9966022433333332,0.31695381368,0.00089841604
호루이안 인민 없는 경제,판단 불가,,,0.9712551333333334,0.5182824333333333,0.2600244
제주해녀 평화음악회,주 장르만 확정,뮤지컬,,0.9999833533333332,0.006312992613333333,0.00069902564
다르미가틈,주 장르만 확정,대중음악,,0.9007084466666667,0.005398487433333332,0.0011762712
Sea Of Love,주 장르만 확정,연극,,0.31694696066666667,0.0125303139,0.0036993097
"최정주 아트앤뮤직 큐레이션, 도시의 미술관 산책: 피렌체",주 장르만 확정,대중음악,,0.9877266133333333,0.34156327566666667,0.024813177
앙상블 클라비어 힙클 [안동],주 장르만 확정,대중음악,,0.9975074666666667,0.05514523993333334,0.0016374408
제6회 대구국제컴퓨터음악제,판단 불가,,,0.9235000533333334,0.38126353,0.06364517
세종메세나 콘서트,주 장르만 확정,연극,,0.9999961199999999,0.00011577853760000001,2.6903228e-06
"M.I.H 프로젝트 예술단 통합기획공연, MADE IN 화성",판단 불가,,,0.8006424533333334,0.24115528500000002,0.115366265
데뷔를 대비하라,주 장르만 확정,뮤지컬,,0.7628208233333335,0.005902679186666667,0.00016686966
크로이체르 소나타: 베토벤과 톨스토이의 만남 [용인],주 장르만 확정,연극,,0.5630760966666667,0.282601604,0.032160312
The Modern 402,주 장르만 확정,연극,,0.9300039833333335,0.03765436913333333,0.0024483744
The Magic 팬텀 & 퀸 [대구],조합 확정,,대중음악+서양음악,0.94127478,0.70282723,0.66597974
화려,주 장르만 확정,뮤지컬,,0.5123591266666666,0.004048770433333334,0.0003895203
신노이 SINNOI [수원],주 장르만 확정,한국음악,,0.9959327600000001,0.0087869185,0.001185665
물의감각,주 장르만 확정,한국음악,,0.9999833966666668,0.0010844204333333334,0.0002814917
"전원경의 아트살롱, 그림콘서트: 상트페테르부르크의 겨울바람",주 장르만 확정,서양음악,,0.9914989,0.007120816999999999,0.0016293755
"그림자극으로 만나는 환상의 음악여행, 동물의 사육제 & 피터와 늑대 [김제]",판단 불가,,,0.8219407200000001,0.3862087733333333,0.20575988
문밖의 사람들: 門外漢 이번 생은 주관식입니다,주 장르만 확정,대중음악,,0.9579773333333333,0.019386315623333334,0.00033816427
대한민국 동화축제 [포항],주 장르만 확정,대중음악,,0.99999766,0.00016470214266666667,6.415788e-06
크로키키 브라더스 [안양],판단 불가,,,0.8323905966666666,0.30892337666666664,0.01737875
THE BOUNDLESS TWIST,판단 불가,,,0.39822510666666666,0.11404562800000001,0.081320114
"SAC ON SCREEN, 위대한 낙서 [제주]",판단 불가,,,0.7283645500000001,0.31481295666666664,0.16244507
청소년 교과서 음악회,판단 불가,,,0.35628718033333334,0.025175817333333333,0.00496294
Recovery 춘천: 놀我YOU,판단 불가,,,0.75889609,0.00647113446,0.00013837358
기존의 인형들: 인형의 조건들,주 장르만 확정,연극,,0.9998645966666665,0.3356955186933333,0.00018885508
노크,판단 불가,,,0.9279629833333334,0.5581593699999999,0.19947952
제32회 아트레온갤러리콘서트,주 장르만 확정,대중음악,,0.9791483166666666,0.05327299986666667,0.0036829626
김영임 & 김용임과 함께하는 희희낙락 [경기 광주],조합 확정,한국음악,대중음악+한국음악,0.9913270566666667,0.7597228666666668,0.6319892
성남아트센터 후원회 음악회: Love of winter,주 장르만 확정,서양음악,,0.69034099,0.006146610126666667,0.00023207288
"얼리 윈터페스티벌, 잇쇼",판단 불가,,,0.9311746,0.42429532,0.24023128
김영임 김용임과 함께하는 희희낙락 [오산],판단 불가,,,0.9584424666666665,0.4005379466666667,0.20646572
극단 선인장 갈라콘서트: 씨앗,판단 불가,,,0.65565582,0.10562154672333333,0.00020740417
"흔들리며 피는 꽃 21, 낙동강 블루스",주 장르만 확정,연극,,0.9903867433333332,0.010680457666666665,0.003123567
"삼청각 수요상설공연, 거꾸로프로젝트: 흥보와 놀다",주 장르만 확정,한국음악,,0.80805573,0.2829542733333333,0.05659463
제주-싱가포르 교류 공연: 순환,판단 불가,,,0.9033400966666667,0.26984299666666667,0.12554288
희망 나눔 콘서트 [파주],주 장르만 확정,무용,,0.9934293,0.19798193666666666,0.014068176
"제15회 예문학생예술단음악회, 예문학생윈드오케스트라, 예문학생시어터 공연: 홈커밍데이(Homecoming Day)",판단 불가,,,0.5253506333333333,0.31209634333333336,0.2630816
"아홉번째 스윙-바이, 김바리X정은혜: 박동",판단 불가,,,0.9912443999999999,0.44881308306666673,0.0032808492
디렉션 후원 나이트,판단 불가,,,0.14003945483333333,0.007458283976666667,0.00012213393
앙상블 노엘의 매지컬 싱어롱,주 장르만 확정,뮤지컬,,0.9977650866666666,0.019311508333333335,0.015276938
송년음악회 [보령],주 장르만 확정,서양음악,,0.7280789333333333,0.020454016833333335,0.011019296
제60회 K-Theater Awards,주 장르만 확정,연극,,0.99992637,0.01469233924,0.00044443522
마주보는집 & 공감토크쇼,판단 불가,,,0.32307123,0.01588722485,0.00091029285
송년문화행사 [인천],주 장르만 확정,대중음악,,0.99982506,0.01231145452,0.00056020916
방구 대 방구 [의정부],주 장르만 확정,서양음악,,0.8651315933333333,0.200480922,0.009967554
신년음악회,주 장르만 확정,서양음악,,0.08454779433333333,0.012972295,0.005196852
Happy New Year [인천],주 장르만 확정,대중음악,,0.9132748833333334,0.14073016693333332,0.0005318208
"신년음악회, 소복다복(笑福多福): 계묘년",판단 불가,,,0.9352041333333334,0.38783575666666664,0.07182189
"창작산실, 김재훈의 P.N.O",판단 불가,,,0.41078019666666665,0.017552644316666668,0.00025201295
신년음악회 [보령],판단 불가,,,0.5101381100000001,0.42057770333333333,0.37175828
국립정동극장 신년음악회,판단 불가,,,0.72440955,0.2162162013333333,0.086794674
"제9회 경기공연예술페스타, DAY 1",판단 불가,,,0.9887360166666667,0.5251090033333333,0.13832057
"제9회 경기공연예술페스타, DAY 2",판단 불가,,,0.8476187533333333,0.29504060666666665,0.1824965
the Black Show 003,판단 불가,,,0.9326100633333333,0.24875990533333334,0.029618056
동물의 사육제 [세종],조합 확정,,무용+서양음악,0.6834776666666667,0.5688119866666667,0.3319953
3.1절 기념 한용운이 부르는 님의 침묵,주 장르만 확정,서양음악,,0.9994996433333334,0.00014674797066666667,1.6092106e-05
예감살롱콘서트,판단 불가,,,0.25810606999999997,0.05787427666666667,0.054272525
ACC 브런치콘서트 (패키지),판단 불가,,,0.8244738033333333,0.37991447287999996,0.00059096864
소리가 춤을 부른다,주 장르만 확정,한국음악,,0.8351849333333333,0.2876129546333333,0.0014954339
"탱고, 매혹",판단 불가,,,0.7510588966666667,0.12990076660000002,0.0025185298
삼일절 104돌 기념 성남시민 어울림 한마당,판단 불가,,,0.9999840666666667,0.3595758685666666,0.0032650107
"모도다프로젝트, 감정: 팔이",판단 불가,,,0.67806756,0.39106380999999996,0.03377348
피콜리스트 김원미 & 안디아모 콘서트 [안동],주 장르만 확정,서양음악,,0.9656454166666667,0.013379189033333334,0.0071941046
"최정주 아트앤뮤직 큐레이션, 음악이 흐르는 도시 베네치아",주 장르만 확정,대중음악,,0.9806218933333334,0.26125400666666665,0.04179658
즉흥공감극장(Playback Theatre)봄 정기공연,주 장르만 확정,연극,,0.9999997233333334,0.000116465879,1.9863102e-05
벌나비가 찾아와서 봄소식을 전하는데,주 장르만 확정,한국음악,,0.9580795466666666,0.25082996016666664,0.0061384905
"제88회 명품콘서트, Asia & Saha 아티스트 콜라보",주 장르만 확정,서양음악,,0.8369123333333334,0.032437773,0.010821317
"오픈씨어터 오발콘 시리즈 Ⅰ, Vamonos! 돈키호테",주 장르만 확정,서양음악,,0.99979569,0.012826927786666666,6.431556e-05
"김준수와 함께하는 하남명무전, 봄, 춤으로 피어나다 [하남]",판단 불가,,,0.7418212566666665,0.24807249466666667,0.040790174
토케토리 골방콘서트,조합 확정,,무용+서양음악,0.9113617433333334,0.7209930133333332,0.497681
HAKUEI KIM X 이봉근 X 하윤주 콘서트: 3,주 장르만 확정,한국음악,,0.9657219333333334,0.5541770973333333,0.049880352
"마티네콘서트 마실, 협궤열차의 꿈",주 장르만 확정,대중음악,,0.9980744333333332,0.10135102333333333,0.02208695
"아침음악나들이 1, 존노 & 고영열",판단 불가,,,0.9710116000000001,0.26573659,0.04416555
"통영국제음악제, 해리 파치: 플렉트럼과 타악기 춤",판단 불가,,,0.8933934,0.26682730833333335,0.039606005
첼로가야금 [연천],주 장르만 확정,한국음악,,0.9431680533333333,0.13411414200000002,0.008969202
읽은척 판소리 북 콘서트: 나는 고양이로소이다.,판단 불가,,,0.6803530400000001,0.27540207533333333,0.108335026
개구리왕자,주 장르만 확정,뮤지컬,,0.9908659166666668,0.026833208286666663,0.00049554376
춘하추동 디톡스 콘서트,판단 불가,,,0.8524387633333333,0.11484527299999998,0.006640053
"통영국제음악회, 온드레이 아다멕: 디너",판단 불가,,,0.48124262999999995,0.06434412833333333,0.019106463
Talk Talk Talk,판단 불가,,,0.7246609433333333,0.026911656046666666,0.00022537314
"춘천문화예술회관 개관 30주년, 우리 여기에: 첫째날 광장으로",주 장르만 확정,무용,,0.7885149133333332,0.17218784143333332,0.0042228843
제4회 장애인의 날 기념 위더스콘서트,주 장르만 확정,무용,,0.9994987666666667,0.3556294823333333,0.007215787
Re:born과 함께하는 Refresh Concert,주 장르만 확정,서양음악,,0.7309710866666667,0.07924264683333333,0.0082180295
"아름다운 동행 우리함께, SING A SONG",판단 불가,,,0.7523179,0.4020443866666667,0.3157471
"퍼플엘리, 에펠탑 앞에서 사진찍기",주 장르만 확정,서양음악,,0.9237752833333334,0.022958013666666666,0.006685855
소녀의 꿈,판단 불가,,,0.3963105683333333,0.05768707066666667,0.02128913
룰루랄라와 함께하는 동화책 콘서트,주 장르만 확정,연극,,1.0,0.0007880882833333334,8.9265e-06
"제76회 (사)한국여성작곡가회 봄 정기발표회, 도약",주 장르만 확정,서양음악,,0.9971689733333333,0.00281763418,5.877089e-05
더 퍼스트 뮤직 IN 슬램덩크,판단 불가,,,0.3319467956666667,0.00280916395,0.00055517745
별주부전,주 장르만 확정,연극,,0.9998436666666667,0.0056323001866666654,0.00018439876
광주상설공연(5월),주 장르만 확정,서양음악,,0.9994993,0.003518867656666667,0.00066526217
원주시민과 함께하는 열린음악회 [원주],주 장르만 확정,한국음악,,0.9998827133333333,0.007433729600000001,0.0020117948
"광주시립교향악단, 그림자극과 함께하는 키즈클래식",주 장르만 확정,서양음악,,0.9944136333333334,0.01902240133333333,0.011518569
"피카스 그림동화 음악회, 장난감 병정과 발레리나",주 장르만 확정,서양음악,,0.9996625733333332,0.00029048358000000003,0.00020862672
페페의 꿈 [춘천],주 장르만 확정,연극,,0.9987011266666667,0.012126316766666667,0.0048360513
가슴이 콩닥콩닥 [창원],주 장르만 확정,서양음악,,0.5054942333333333,0.004299124533333333,0.0014009399
방귀 며느리 [통영],주 장르만 확정,연극,,0.7242567666666666,0.20551096000000002,0.13773163
내시십분 콘서트 [부산],주 장르만 확정,대중음악,,1.0,0.001004244702,3.040535e-06
수상한스테이지 (5월),주 장르만 확정,대중음악,,0.9999966233333333,1.5978342643333332e-05,5.6570263e-07
봄 ＆ 희망 콘서트 [대구],주 장르만 확정,서양음악,,0.9999996066666667,9.939332666666667e-06,5.109171e-06
반짝반짝 그 찬란한 날 [대구],판단 불가,,,0.6962774166666668,0.40659417,0.12118918
스페이스 크루즈(SPACE CRUISE),주 장르만 확정,서양음악,,0.9873722333333333,7.625452333333333e-05,8.371884e-06
"브람스의 구연동화 연가곡, 아름다운 마겔로네",주 장르만 확정,서양음악,,0.9999993000000001,0.00011821830433333334,6.013993e-07
"천재 모차르트, 라마",주 장르만 확정,서양음악,,0.08513102066666667,0.00392978201,0.00014914748
"Asia & Saha Ⅱ, 중국편 (5.17)",판단 불가,,,0.16150194766666667,0.1376759418,0.0029038424
"오월국제교류음악회, 평화와 희망을 기원하는 함께가자 희망찬 세상으로",판단 불가,,,0.8772809133333332,0.458361286,0.027760768
동물의 사육제 & 피터와 늑대 [광양],주 장르만 확정,서양음악,,0.8314141433333333,0.20510953983333333,0.0053628455
"춘향, 날개를 뜯긴 새 [서울]",주 장르만 확정,무용,,0.9770929366666667,0.17958455413333332,0.0076077124
Reflection,판단 불가,,,0.9788810033333334,0.3475970366666667,0.01911489
예술봄소리와 함께하는 EQ－UP (오전),주 장르만 확정,서양음악,,0.9980305,0.0017769331666666669,0.0007777328
신현대 콘서트: 파키스탄 카라코람 히말라야 히스파빙하 원정대 후원콘서트,판단 불가,,,0.9376795133333333,0.02838860707733333,4.9321232e-05
마티네 콘서트 [용인],판단 불가,,,0.09816775166666668,0.048413887666666676,0.026160423
DUO RECITAL,판단 불가,,,0.9560223766666667,0.6003984400000001,0.1480996
"일상문화도시 페스티벌, 강북Festa",판단 불가,,,0.4695720566666666,0.38005564,0.1608848
"노래극,  오월",판단 불가,,,0.4477852066666667,0.0469997027,0.0012093241
김봉곤 훈장과 함께하는 NEW 조선통신사,주 장르만 확정,한국음악,,0.99997135,0.04745185826666667,0.0020147888
옹칼의 비밀 [강릉],주 장르만 확정,뮤지컬,,0.8073198,0.010699540333333334,0.007886629
"꿈 같은 마술이야기, 몽환록 [세종]",판단 불가,,,0.8182530533333333,0.163774564,0.025392072
저녁을 닮은 음악 (5월),주 장르만 확정,대중음악,,0.40487467200000005,0.03860090213333333,0.0062588924
"키즈콘서트2, 클래식 in 발레 [화성]",주 장르만 확정,서양음악,,0.9989977766666667,0.0008627644800000001,0.00033681164
그림자극과 함께하는 동물의 사육제,주 장르만 확정,서양음악,,0.9940716133333334,0.001214462264,7.850102e-06
꿈꾸는 어린이 예술극장 [공주],판단 불가,,,0.7052444766666667,0.4803239666666667,0.2700382
광주상설공연(6월),판단 불가,,,0.6620653233333335,0.3280596733333333,0.20927727
단오지향,판단 불가,,,0.08160003233333334,0.054300924333333334,0.04068672
낭만 정원 콘서트: 낭만가객 조선판 풍류 [순천],주 장르만 확정,대중음악,,0.8780893866666668,0.41767924999999995,0.04043358
"제21회 정기공연 마상무예, 선기대 화성을 달리다",주 장르만 확정,뮤지컬,,0.96519069,0.4031606966666667,0.12356895
만해 한용운 선생 79주기 추모예술제,판단 불가,,,0.10948884706666667,0.08838431376666667,0.0010996253
아웃풋 부산 6주년 [서울],주 장르만 확정,대중음악,,0.9999999666666667,4.178881916666667e-05,1.20662335e-05
어느 삐에로의 사랑 이야기,판단 불가,,,0.6750520899999999,0.08456408067233333,4.3802487e-05
"브런치 콘서트, 김효영의 아름답고 신비한 생황의 초대 (6월)",주 장르만 확정,한국음악,,0.9974317633333333,0.13553463100000002,0.038445253
"The e-끌림 국악 콘서트, 유네스코 창작품 우리네 보물찾기",주 장르만 확정,한국음악,,0.9999327533333333,0.001969245356666667,0.00057063927
타악 & DJ퍼포먼스 BEAT OF SCHOOL,주 장르만 확정,뮤지컬,,0.9883276066666666,0.0037159001000000003,0.0007398306
"굿모닝콘서트, 비원 of No boundary",주 장르만 확정,한국음악,,0.9583678366666666,0.09386531158666667,0.00081332476
"토크콘서트, Save the planet",주 장르만 확정,대중무용,,0.9321955566666666,0.5503175766666666,0.35704026
"JUKEBOX OPERA, 내가 너라면? BODY CHANGE [광주]",주 장르만 확정,서양음악,,0.9978392133333335,0.010054157466666666,0.0007039734
begin again 타쇼 time [안산],주 장르만 확정,연극,,0.8454082333333334,0.11100218913333333,0.0017026237
제2회 SECOME,주 장르만 확정,서양음악,,0.9997174766666667,0.0020282013119999995,2.5092211e-05
"11기 안산디자인문화고등학교 공연콘텐츠과 졸업발표회, a11 for ONE",주 장르만 확정,연극,,0.9999991166666667,0.00218433621,0.00029719813
제12회 실용음악 & 댄스 콘서트,주 장르만 확정,무용,,0.9955137500000001,0.3707691926666667,0.015262348
"제25회 파주예술제, 예향 속으로",주 장르만 확정,무용,,0.9996500999999999,0.0032073904766666667,0.00048295793
"호국보훈의달 기념콘서트, 아! 대한민국",주 장르만 확정,서양음악,,0.7420334433333333,0.28799736000000004,0.12460438
페페의 꿈 [부산],주 장르만 확정,뮤지컬,,0.9992328666666666,0.029046325766666662,0.0014097543
진조크루 X 악단광칠: 리듬 오브 코리아 [대구],주 장르만 확정,한국음악,,0.9980636866666667,0.008678677666666667,0.002499777
허튼소리 Corea Beats [오산],판단 불가,,,0.362274951,0.008198191516666667,0.00076946855
COLORFULL RUN [세종],조합 확정,,무용+연극,0.9868163666666666,0.6491496266666666,0.38340512
"콘서트 가이드 김성민과 떠나는 아르헨티나 탱고여행, 피아졸라",주 장르만 확정,서양음악,,0.9176293633333333,0.10747179566666666,0.044306587
5히려 좋아,주 장르만 확정,한국음악,,0.99101718,0.050646966866666664,0.0033667276
열린음악회: 국악신동김태연＆클라무오케스트라＆퓨전국악이희정밴드 [오산],주 장르만 확정,서양음악,,0.6479259333333333,0.047742956,0.030638194
젊은날의 초상,판단 불가,,,0.5466605699999999,0.12098839133333333,0.014093974
영남국악관현악단의 The Big Concert,주 장르만 확정,한국음악,,0.9999979733333332,0.0015183172966666666,0.00020851675
"일상으로 녹아내린 V, Real K-pop",판단 불가,,,0.9700671766666668,0.508494194,0.057256922
테너 조용갑과 함께하는 5人 5色 Concert 오페라 & 크로스오버,주 장르만 확정,서양음악,,0.20535408900000005,0.006226680633333333,0.0016083791
"The e-끌림 국악 콘서트, 토끼의 간을 찾아라",주 장르만 확정,한국음악,,0.9999956333333332,0.0004703383066666667,0.00023978903
"브라소닛 빅밴드와 앰비규어스댄스컴퍼니, Body ＆ Voice [부천]",주 장르만 확정,대중음악,,0.97990313,0.38639801,0.06018859
"꿈나무극장 오감똑똑 어린이공연, 싸운드 써커스",판단 불가,,,0.74730185,0.32646179999999997,0.27159974
코미디 애니멀 쇼 [부천],판단 불가,,,0.9977687466666666,0.34631402066666667,0.001606502
"시대 융화 콘서트, 이:음 [경기 광주]",판단 불가,,,0.17251063616666665,0.0141072556,0.0030207068
광주상설공연 (7월),판단 불가,,,0.7194481,0.12356075466666666,0.08411352
JAZZ & 국악 With 웅산 [인천],주 장르만 확정,한국음악,,0.9999998333333333,0.000244501268,6.6099274e-05
이천시민을 위한 희망음악회,주 장르만 확정,서양음악,,0.9934519433333334,0.18868968898833335,0.000100959965
"3인 3색, 동행",판단 불가,,,0.14056402933333334,0.05557965833333333,0.01181572
The Magic 팬텀 & 퀸 [논산],주 장르만 확정,대중음악,,0.8737862666666668,0.39663061000000005,0.08082043
세상의 모든 피리,주 장르만 확정,서양음악,,0.9973776766666665,0.027069886336666668,0.00013672702
"쿼드초이스, 서도와 은미: 만병통치樂",주 장르만 확정,무용,,0.9998561666666665,0.014475614566666664,0.0025425812
"아트캠프, 패밀리 펀펀데이",판단 불가,,,0.5711855733333333,0.2703590833333333,0.18058892
"국립국악관현악단, 베스트컬렉션 [장흥]",판단 불가,,,0.09125016566666666,0.007402055166666667,0.0046972195
제30회 덕원예술고등학교 정기무용발표회,주 장르만 확정,무용,,0.8896106333333332,0.007691561666666667,0.0011665124
열린음악회: 국악신동김태연＆클라무오케스트라＆퓨전국악이희정밴드 [김제],판단 불가,,,0.9997247666666667,0.00105558416978,3.9759934e-07
"쿼드초이스, 무토(MUTO) x 입과손스튜디오: 두개의 눈",주 장르만 확정,한국음악,,0.9999713466666668,0.00020602013066666665,5.4915712e-05
"여우락 페스티벌, 모듈라서울: lull~유영",주 장르만 확정,한국음악,,0.6144846563333334,0.004710606966666667,0.0028863251
팜페라 콘서트,판단 불가,,,0.9135616999999999,0.6195787066666667,0.45113805
아트그룹 AMuse가 들려주는 지혜로운 전래동화 이야기 [대구],주 장르만 확정,서양음악,,0.9996069233333333,3.8346389900000004e-05,3.3166427e-06
페페의 꿈 [상주],주 장르만 확정,뮤지컬,,0.9992119766666666,0.17108015666666668,0.008650371
제134회 광주시립국악관현악단 정기연주회: 평화를 향한 역동과 진혼,주 장르만 확정,한국음악,,0.99988397,0.0061945942,0.0019935463
"전원경의 아트살롱, 그림콘서트: 로마의 여름 햇살",판단 불가,,,0.89408544,0.09738045683333334,0.0013050565
"제3회 더 패스 정기연주회, 한 여름밤의 악몽",주 장르만 확정,서양음악,,0.9999896666666667,0.0001302448374666667,2.7541087e-06
재즈& 국악 울림콘서트,주 장르만 확정,대중음악,,0.8853106966666666,0.284094332,0.049614266
"싱크넥스트23, 서사무엘x지후트리: 그러면 사랑 얘기는 누가 하지",주 장르만 확정,연극,,0.8203077666666667,0.23988186306666667,0.0006204992
뽀로로 매직 싱어롱쇼: 슈퍼스타 뽀로로 드림콘서트,주 장르만 확정,뮤지컬,,1.0,1.1963762333333335e-05,8.14986e-06
"월드뮤직 페스티벌, 국악 & 트로트 Sweet콘서트 [의령]",주 장르만 확정,한국음악,,0.5363534099999999,0.11605760466666666,0.042747214
"발레와 국악의 조합, 마블링 [화성]",판단 불가,,,0.5209088333333334,0.38183665000000006,0.21287265
모래의 마법사,주 장르만 확정,연극,,0.77150449,0.07498673072366667,2.2827671e-05
광주상설공연 (8월),주 장르만 확정,서양음악,,0.9994143333333333,0.0006914674913333334,9.5539464e-05
"발레와 국악의 조합, 마블링 [포항]",주 장르만 확정,무용,,0.8090048166666667,0.26290297,0.19363295
"제20회 평창대관령음악제, Main Concert #18: 봄의 제전 & 신박듀오, 김지영, 이재우",주 장르만 확정,무용,,0.9999574733333333,0.0019509820833333335,0.00056350505
"공연장상주단체 페스티벌, 한 여름 밤의 선물 [세종]",주 장르만 확정,연극,,0.4636626133333333,0.13314845,0.03315642
"열세번째 스윙-바이, 이중중첩 & Slow Steps",주 장르만 확정,대중음악,,0.99425774,0.004249199459999999,0.00018251238
샌드쉐도우쇼,판단 불가,,,0.8189722433333334,0.2199522433333333,0.03295558
빛고을 뮤직페스티벌 [광주],주 장르만 확정,대중음악,,0.99855415,0.015107272210666668,3.0635132e-05
국립극장 달빛 상영회,주 장르만 확정,한국음악,,0.8018203700000001,0.3800191133333333,0.07391272
"춘하추동, 디톡스 콘서트 [보성]",주 장르만 확정,대중음악,,0.9999995300000001,0.00020961666733333335,2.534839e-06
"제33회 거창국제연극제, 보드빌의 갈매기",주 장르만 확정,연극,,0.9328277266666666,0.06856604533333334,0.01727852
한여름밤 Ice Coffee 콘서트,주 장르만 확정,대중음악,,0.9881211333333333,0.04357062059,0.00090112427
"Chair, Table,  Chair",판단 불가,,,0.8690324633333333,0.4415339733333334,0.42513737
"싱크넥스트23, 광광,굉굉",주 장르만 확정,대중음악,,0.8661277666666667,0.42571827333333334,0.15175854
Swing Train(스윙 트레인),판단 불가,,,0.9032262166666666,0.43673310666666665,0.18112822
음악이 춤을 추다 [울산],판단 불가,,,0.91824876,0.5529449733333333,0.38166437
늦은 여름밤의 군민응원콘서트 [옥천],주 장르만 확정,대중음악,,0.9887548233333333,0.039739056733333326,0.0021291582
"애국찬가 드라마콘서트, 동고동락 [안산]",판단 불가,,,0.37841116333333336,0.032547807333333324,0.00948458
"남산골 밤마실, 기담야행2: 망혼일 축제",판단 불가,,,0.42397485333333335,0.010231874766666668,0.0022078666
스피리또앙상블과 함께하는 베토벤 & 클림트 운명의 키스,주 장르만 확정,서양음악,,0.9157281666666668,0.014107472866666667,0.0060056136
"싱크넥스트23, 모니카xCIFIKA: 쓰인 적 없는 ㅅ",주 장르만 확정,서양음악,,0.8314299666666667,0.21151626333333332,0.06354132
Orange Music,판단 불가,,,0.8564969533333334,0.41799470766666663,0.011638723
피터와 늑대 [부산],주 장르만 확정,서양음악,,0.6914780533333333,0.029574011566666666,0.0003317767
JAZZ & 국악 With 웅산 [군산],주 장르만 확정,한국음악,,0.9896572333333333,0.025385879666666666,0.013932618
김준수 & 두 번째 달 콘서트 [평택],주 장르만 확정,한국음악,,0.91156,0.13704756833333334,0.080074675
발레 메카닉 [강동],주 장르만 확정,서양음악,,0.9782607766666667,0.06356998766666667,0.042563368
"세상 풍경, 소리에 담다",주 장르만 확정,서양음악,,0.5896580833333332,0.028698528433333332,0.0069681033
"애국찬가 드라마콘서트, 동고동락 [고양]",판단 불가,,,0.9437047366666667,0.41910713,0.3653219
누모리쇼,주 장르만 확정,한국음악,,0.9555501333333334,0.032186776,0.004981868
"문화공감터 렉처 콘서트: 원도심 재생의 아름다움, 나의 일상에 들어오다",주 장르만 확정,대중음악,,0.9622883999999999,0.04975434166666667,0.022279365
세종이네 복숭아나무,주 장르만 확정,서양음악,,0.66855433,0.0020780141413333335,1.9224894e-05
"K-예술축제 아.우.름, 대전국악방송 공개음악회: 북새통 [대전]",판단 불가,,,0.46067741,0.140257845,0.040039115
"박순아 & 키무라 슌스케: mortal, immortal",주 장르만 확정,한국음악,,0.9951267866666665,0.044487779000000005,0.001602063
김태연과 함께하는 열린음악회 [영광],판단 불가,,,0.31236362,0.09821654466666667,0.038561754
"싱크넥스트23, 궁리소 묻다의 우주 양자 마음",주 장르만 확정,연극,,0.9761013666666667,0.04052691756666667,0.0027423184
One Free Drink Concert [대전],주 장르만 확정,서양음악,,0.9689793600000001,0.011332555433333334,0.0030217725
우드로우,주 장르만 확정,대중음악,,0.78429132,0.3833102,0.17737934
"플래시콘서트, 알리 & 한동준 위드 오케스트라",주 장르만 확정,서양음악,,0.9124559333333333,0.02557720466666667,0.024687111
"브런치콘서트 피아니스트 김용진과 함께하는 이달의 공연: 보이는 콘서트, 현대무용 (8월)",주 장르만 확정,서양음악,,0.78782107,0.11006119333333332,0.06573596
하우스콘서트 아리아리동동(同同) [함양],판단 불가,,,0.43501154000000003,0.02563607238,0.00060077914
광주상설공연 (9월),주 장르만 확정,한국음악,,0.9216173533333333,0.0124023117,0.0009451061
"싱크넥스트23, 백현진 쑈: 공개방송",주 장르만 확정,대중음악,,0.9999641666666665,0.0017107816399999998,0.00043195172
Movie & Musical과 함께하는 음악산책 [홍주],주 장르만 확정,서양음악,,0.6970188533333334,0.0014221682833333333,0.0003589913
제9회 사랑앤 뇌병변 장애인을 위한 자선음악회,주 장르만 확정,서양음악,,0.9812496366666666,0.0031955278700000005,9.230231e-05
광주학생 탈렌트 페스티벌,판단 불가,,,0.6410528166666666,0.06885679103333334,0.0008343461
"이앤아이앙상블 콘서트, 칼레이도 사이클 [용인]",판단 불가,,,0.48784071333333334,0.123261574,0.013943792
"태권무 한빛, 제주오백장군이야기",판단 불가,,,0.5593573466666667,0.4631288066666667,0.27090725
"김천시립예술단 서울공연, Memory in 김천",주 장르만 확정,서양음악,,0.6916471566666665,0.05334423933333334,0.007516295
"몽골국립예술단 초청공연, Nomad, met as art [예산]",주 장르만 확정,무용,,0.99915291,0.016095256333333332,0.008648968
JAZZ & 국악 with 웅산 [장흥],주 장르만 확정,한국음악,,0.9642500100000001,0.42240568910000004,0.0023550673
홍지민과 함께하는 판타스틱쇼 시즌2,판단 불가,,,0.7352205433333333,0.19408873000000004,0.06550666
"가족과 함께하는 카툰 콘서트, 셜록홈즈 With POLYSYMPHONIC [대전]",주 장르만 확정,대중음악,,0.99598112,0.00023915305333333336,0.00021257822
"춘하추동, 디톡스 콘서트 : 남상일&박구윤&최연화",주 장르만 확정,대중음악,,0.9995977466666667,0.014588960999999998,0.004856392
어머니 달의신화,판단 불가,,,0.8036324833333334,0.3078931066666667,0.08474095
뷰티힐링 콘서트 with VIPIST [고양],판단 불가,,,0.35998005000000005,0.028466167333333334,0.007293975
퍼플콘서트 in 서울,판단 불가,,,0.8035861733333333,0.44671970833333335,0.050244365
김영임 & 김용임과 함께하는 희희낙락 [문경],주 장르만 확정,한국음악,,0.9882580233333332,0.3743899,0.07344838
"남구청년예술제, 함께푸르다: 해야청청",판단 불가,,,0.5398909333333334,0.07025359833333333,0.034667175
오라토리오 마르티레스,판단 불가,,,0.40235143833333337,0.053832871899999996,0.0065145907
그림자야 놀자 [부천],판단 불가,,,0.67283969,0.33798700000000004,0.20070422
"동고동락 청년 예술 콘서트, 청신호: 파동이 우리를 주파할 때 [안산]",주 장르만 확정,서양음악,,0.7603338333333333,0.05879458166666667,0.011567561
"전주세계소리축제 개막공연, 상생과 회복 [전주]",주 장르만 확정,한국음악,,0.9595975,0.028942060333333335,0.023615738
"제14회 부산마루국제음악제, 프롬나드 콘서트IV, 지브리 WITH 샌드아트",주 장르만 확정,서양음악,,0.9999886333333333,0.00011426490100000001,7.758653e-06
"서리풀악동문화공연, 매직컬 피터팬",판단 불가,,,0.8972154433333334,0.36305333666666667,0.12344344
"전원경의 아트살롱, 그림콘서트: 고독한 뉴요커",판단 불가,,,0.7304849399999999,0.252413332,0.028756566
제113회 강릉시립합창단 정기연주회,주 장르만 확정,서양음악,,0.9996078533333334,0.00832997992,0.000274412
호수 위 우주 [충주],주 장르만 확정,무용,,0.99863401,0.0010277102533333333,0.0008507383
형형색색 3인 3색 콘서트 [창원],조합 확정,,대중음악+서양음악,0.89115745,0.49937029666666666,0.31805226
시네마 음악회 [부산],주 장르만 확정,서양음악,,0.7264779666666666,0.14565122333333333,0.06157037
을숙도문화회관 재개관기념 공연,주 장르만 확정,서양음악,,0.84371838,0.010136505500000002,0.009680291
"제22회 전주세계소리축제, re:Orient [전주]",판단 불가,,,0.49954653433333335,0.020059791333333334,0.000819054
"서구愛마토콘서트, 서풍: 이찬원, 정미애, 민요 김단희, 영남국악관현악단",주 장르만 확정,한국음악,,0.9762885333333333,0.3161880833333333,0.09171582
브런치콘서트 피아니스트 김용진과 함께하는 이달의 공연: 국악이 흐르는 클래식 (9월),주 장르만 확정,서양음악,,0.53170048,0.14903271666666668,0.03565051
"삼국유사교육문화회관 가을밤 콘서트, 모던민요: 송소희 & 두번째달 & 오단해",주 장르만 확정,뮤지컬,,0.9601987766666666,0.2959796353333333,0.124467626
광주상설공연 (10월),판단 불가,,,0.8868516333333334,0.3669261513333333,0.041339274
"브라소닛 빅밴드와 앰비규어스댄스컴퍼니, Body ＆ Voice [안동]",판단 불가,,,0.9193922433333332,0.14576078,0.04012353
제14회 안산 성황 예술제,주 장르만 확정,한국음악,,0.9999999666666667,0.029070262146666668,0.00043627844
"제12회 당진시민의 날, 기념식",주 장르만 확정,연극,,0.85519957,0.09118824866666668,0.035342056
제55회 군산 진포예술제 개막식,판단 불가,,,0.7863561433333333,0.2878920873333333,0.038784012
"신라, 천년의 비상 [경주]",주 장르만 확정,서양음악,,0.9982521000000001,0.0003701853266666667,0.00024048598
발레 메카닉 [LG아트센터],판단 불가,,,0.73660984,0.0666387245,0.0077711255
호수 위 우주 [세종],주 장르만 확정,무용,,0.9903588666666666,0.006682299533333334,0.002888383
제17회 당진예술제,판단 불가,,,0.9708687133333335,0.0018933444306666665,5.469647e-06
그림 속으로 들어간 소녀,주 장르만 확정,한국음악,,0.9959988700000001,0.00046002859799999996,3.8163074e-05
재즈 온 메이플스토리 [고양],주 장르만 확정,서양음악,,0.8067278333333334,0.3822045166666667,0.21996462
홍지민과 함께하는 판타스틱쇼 시즌2 [함양],주 장르만 확정,뮤지컬,,0.9916324599999999,0.14292390866666668,0.018345686
SBS 뽕사활동과 함께하는 희망나눔 열린음악회 [대구],판단 불가,,,0.6438286766666667,0.07428335333333334,0.022514945
"창원문화재단과 함께하는 해군음악회, 항해 [창원]",주 장르만 확정,서양음악,,0.9816991133333333,0.0057088005200000005,6.899296e-05
가을 콘서트 [광양],주 장르만 확정,대중음악,,0.6053194633333333,0.09333484669999999,0.0014829801
"신라, 천년의 비상 [울산]",주 장르만 확정,서양음악,,0.9964881000000001,0.00037910887333333335,0.00028435522
"제11회 자문밖문화축제, 오프닝공연",주 장르만 확정,서양음악,,0.9925692633333334,0.0030458605333333333,0.0012362743
예술로 fantastic collaboration!,주 장르만 확정,서양음악,,0.13059242,0.014441457,0.002802503
디스이즈잇 [제주],판단 불가,,,0.9031223766666666,0.29146061666666667,0.10145248
"그림이 오감을 만났을 때, 감각주의 Ep.2: 르누아르를 느끼다 [대구]",주 장르만 확정,서양음악,,0.8506480466666666,0.09314361389999999,0.001181134
Jazz & 국악 With 웅산,주 장르만 확정,한국음악,,0.9997007333333333,0.005174287133333334,0.0024578047
"제23회 SPAF, 구조와 의식",주 장르만 확정,무용,,0.976988,0.27973002076666664,0.0005354283
햄릿: 소리의심리학,판단 불가,,,0.7107255666666666,0.2325062933333333,0.08976551
홍지민과 함께하는 판타스틱쇼 시즌2 [고령],주 장르만 확정,뮤지컬,,0.70291124,0.21864962000000002,0.13515724
"방방곡곡 문화공감, 누모리쇼",주 장르만 확정,한국음악,,0.9999875,0.0006127735199999999,0.00014945756
月간 경지: 두개의 Moon,주 장르만 확정,한국음악,,0.9669377233333334,0.31333386999999996,0.03575251
제29회 구미음악제,주 장르만 확정,서양음악,,0.9909214333333334,5.308383599999999e-05,1.7499888e-05
가을밤의 음악회,주 장르만 확정,서양음악,,0.3251059823333333,0.054996972000000005,0.025669722
"제63주년 2.28민주운동 헌정공연, 굳센 강물처럼",주 장르만 확정,뮤지컬,,0.9470963366666667,0.5168962566666667,0.30124676
"제26회 광주소극장축제 공식참여작, 암향환향",주 장르만 확정,연극,,0.9748821666666666,0.03053463153333333,0.0017434326
"프리즘홀 10주년 기념공연, 다브다 X 제이통: A.D.10",주 장르만 확정,대중음악,,0.7359754000000001,0.06568439633333334,0.002453314
자유를 향한 소리 [부천],주 장르만 확정,서양음악,,0.96274557,0.005264411899999999,0.0003176747
속 시원한 음악회,주 장르만 확정,서양음악,,0.9999979699999999,3.8151848e-05,5.954719e-06
"해금병창, 사철에 꽃길로 님을 모십니다",주 장르만 확정,대중음악,,0.9439187699999999,0.08322394200000001,0.0331537
비오케이 문화산책 (10월),주 장르만 확정,서양음악,,0.9992075166666666,0.0007287408366666667,0.00020186385
Mr 오페라 Miss 뮤지컬 [경주],주 장르만 확정,서양음악,,0.9999747666666666,4.0821335333333334e-05,1.8650253e-05
제10회 이데일리 문화대상 시상식,판단 불가,,,0.9703954866666668,0.0028493834666666663,0.0014482733
광주상설공연 (11월),판단 불가,,,0.9399036000000001,0.37880182599999995,0.047569238
"어텀바로크, 비바헨델: 아르카디아의 사랑 시즌2",주 장르만 확정,서양음악,,0.9998295700000001,3.950409820166666e-05,3.1744605e-08
화합콘서트 동행 [전남 영광],판단 불가,,,0.12287448999999999,0.05317729599999999,0.016701687
"최부미 Jazz Odyssey, 가려진 여정 [인천]",판단 불가,,,0.20007821999999997,0.069167872,0.03929615
동물의 사육제와 피터와 늑대,판단 불가,,,0.9994535433333334,0.1065656,0.01140616
방과후 공연놀이터,판단 불가,,,0.73703159,0.33325899666666664,0.29866612
"부산국악방송 개국12주년기념 공개음악회, 좋아海 사랑海",주 장르만 확정,한국음악,,0.9999984333333334,0.0011938027599999999,6.768448e-05
"팀 퍼니스트 서커스 음악극: 체어,테이블,체어 [광주]",주 장르만 확정,뮤지컬,,0.9889759666666667,0.014706973933333334,0.0037706438
깽판: 우리가 살판 [양주],판단 불가,,,0.7202538066666667,0.281298145,0.009306815
콘텐츠 창의인재동반사업 쇼케이스: 데뷔를 대비하라,주 장르만 확정,연극,,0.8845070566666666,0.009069899633333335,0.0007172163
숨 S:UM,주 장르만 확정,한국음악,,0.99998744,0.0020207332666666664,0.0012125913
고양 학생 뮤지컬&연극&영화 축제,판단 불가,,,0.7021458766666666,0.22648085000000004,0.05265003
"제41회 제물포예술제: No Instruments, Only Voices.",판단 불가,,,0.6924897633333335,0.5206817533333333,0.19921325
"관현악시리즈Ⅱ, 관현악의 기원: 이머시브 1인 관람극 (11.23)",주 장르만 확정,한국음악,,0.9983078533333334,0.06279534706666667,0.0024483872
"관현악시리즈Ⅱ, 관현악의 기원: 이머시브 1인 관람극 (11.24)",주 장르만 확정,한국음악,,0.9964964900000001,0.07447059133333334,0.010521567
제1회 청바지 가을 음악회: 청년이 바꾸는 지방,판단 불가,,,0.5986634,0.02304505046373333,4.1236312e-06
울산에이팜,주 장르만 확정,대중음악,,0.9190383666666667,0.012397402766666664,0.0012077983
폴링 인 트롯 with 신유 [용인],판단 불가,,,0.9707354633333333,0.43703530333333335,0.1191715
"서구愛마토콘서트, 나팔바지: X세대 엄빠의 가요 톱텐",주 장르만 확정,무용,,0.9979473166666667,0.0032528832566666665,0.00090168597
제11회 성남시 통고구마 축제,주 장르만 확정,서양음악,,0.92823581,0.0037585286799999996,0.00035107994
세종메세나 콘서트,판단 불가,,,0.6639185933333333,0.027890630099999997,0.0022665963
주창회 정기연주회: 현대음악 그리고 사계예찬 [대전],주 장르만 확정,서양음악,,0.9974579333333334,0.017552465333333333,0.010752749
The House Of M,판단 불가,,,0.9681009833333333,0.5650533966666668,0.00965509
광주상설공연 (12월),주 장르만 확정,뮤지컬,,0.5865418666666666,0.36130451,0.28285816
드림 희망 콘서트 [김제],주 장르만 확정,대중음악,,0.8961515833333333,0.07184018055000001,0.00068743405
"AAA, 한재석 X 송지윤",주 장르만 확정,대중음악,,0.9877704999999999,0.68087277,0.07121441
"무장애 문화향유 활성화 지원사업, 이심전심 문화공감",판단 불가,,,0.975224,0.10159192586666665,0.0072798226
"대한문화예술제전, 회.귀",주 장르만 확정,한국음악,,0.45349982000000005,0.27352154666666667,0.13318555
국악이 흐르는 클래식 [오산],주 장르만 확정,서양음악,,0.6968244,0.017074507800000003,0.0027387934
"남상일 & 리사의 뮤지컬, 국악을 만나다 [연천]",판단 불가,,,0.35588759999999997,0.11112565,0.09052712
"AAA, 김혜연 X 최여완: 완연",판단 불가,,,0.9838997966666666,0.34423263,0.14006679
경민대학교 공연예술과 졸업공연,판단 불가,,,0.29188045933333334,0.0171675381,0.0031595193
"한국예술융합학회, Art; Versa 시리즈 V: 동. 서양 예술의 융합",주 장르만 확정,서양음악,,0.9999905666666667,3.04859585e-06,3.2481705e-07
크리스마스 칸타타 [부산],조합 확정,서양음악,뮤지컬+서양음악,0.9598247133333334,0.43798021666666664,0.33135927
"배익한 재즈오케스트라, 소리: 흥을 더하다",판단 불가,,,0.6414561133333333,0.045278478799999994,0.0017680051
"DSAC 문화나눔 프로젝트, 아모르 콘서트: 크로스 오버",주 장르만 확정,대중음악,,0.9871992566666666,0.018371631666666666,0.010489146
부안 송년 콘서트,주 장르만 확정,한국음악,,0.9962278333333333,0.011435547933333333,0.0017223188
"행복한 동행, 모두의 예술",주 장르만 확정,서양음악,,0.98329625,0.19627553166666667,0.006611026
"예술동호회 교류 축제, 우다다다 미니콘서트",판단 불가,,,0.7676783333333334,0.114420676,0.04261977
프렉티스: 사운드 엔텔레키 [서울],주 장르만 확정,대중음악,,0.9947660833333334,0.008210269393333334,0.00036379168
"AAA, Mohani X 마롱: 들고 나는 소리",주 장르만 확정,대중음악,,0.96965602,0.015760829733333332,0.0006706102
IT중소기업을 위한 송년음악회,주 장르만 확정,서양음악,,0.9999995200000001,1.4932524166666667e-05,4.480279e-06
"바리톤 정 경의 오페라마, 정신나간 작곡가와 키스하다",주 장르만 확정,서양음악,,0.5343443933333334,0.08988496923333333,0.0041068057
PIUM Project 크리스마스 스페셜 콘서트 [대전],주 장르만 확정,서양음악,,0.9998155133333334,0.0006768751166666667,0.0005272919
송년콘서트 [광양],판단 불가,,,0.84789306,0.23188888566666666,0.016728092
송년행복콘서트,주 장르만 확정,서양음악,,0.9489411466666667,0.007050958733333334,0.0045581125
가라지 콘서트,판단 불가,,,0.8626700433333334,0.18318313194599997,1.7215838e-05
김준수 X 두번째달 콘서트 [광주],주 장르만 확정,한국음악,,0.7681261200000001,0.34052751333333325,0.14379202
"함께하는 사랑밭 감사 콘서트, 담다 닮다",주 장르만 확정,대중음악,,0.99530998,0.0055362534,0.0015927062
"송년음악회, 우리가 함께한 순간들",주 장르만 확정,서양음악,,0.9996165533333334,0.0014936266546666666,9.3475064e-05
힐링음악회 [안산],판단 불가,,,0.8281097700000001,0.6117722566666667,0.4972307
12월의 사랑가 [수원],판단 불가,,,0.4317574266666666,0.06656896,0.009514372
동백꽃 여인 (La Traviata) [충주],주 장르만 확정,서양음악,,0.9889387333333333,0.0003759233292,6.0103976e-06
"예술창작활동지원사업 선정 프로젝트, Live, Electronics in Forest",판단 불가,,,0.10725867900000001,0.042839889,0.014795677
"송년콘서트: 수고했어, 올해도! [함양]",판단 불가,,,0.18391721000000003,0.104284355,0.036080185
송년음악회 [논산],주 장르만 확정,서양음악,,0.96928415,0.08053907766666667,0.0398409
"제2회 시민과 함께하는 남양주 예술제, 함께 피어 아름다운 꽃 예술花",주 장르만 확정,한국음악,,0.92231708,0.003169139286666667,0.00018413486
MBC 뮤직페스티벌 송년음악회,주 장르만 확정,서양음악,,0.9997873,0.00012950137499999998,8.2833045e-05
뮤지컬배우 박해미와 함께하는 열린음악회 [부안],판단 불가,,,0.5624435066666666,0.029210053,0.005011994
"김천시립예술단 송년음악회, CHRISTMAS CONCERT",주 장르만 확정,서양음악,,0.9536554766666666,0.07739274347333333,0.00028326342
루비뮤직 Ruby music Vin chaud Christmas,판단 불가,,,0.9950887333333335,0.2688884160166667,0.00053142355
예문학생예술단 정기연주회,판단 불가,,,0.6902097833333333,0.34127425666666666,0.20241885
송년음악회 [칠곡군],주 장르만 확정,서양음악,,0.9992153199999999,0.0009700935333333332,0.00025811
"AAA, 최지송 X 양희진: 소리와 시간의 연무",주 장르만 확정,대중음악,,0.9999986500000001,8.470570933333335e-05,5.0791798e-05
ACC 송년음악회,조합 확정,,대중음악+서양음악,0.95790023,0.72142888,0.5987286
해피 아트: 크리스마스 선물,판단 불가,,,0.9257389566666667,0.2512941753333333,0.038166806
"흔들리며 피는 꽃 22, 괭이갈매기와 땅채송화의 섬, 독도",판단 불가,,,0.6076080823333333,0.006601567599999999,0.0032561508
"AAA, 더 클라이머스: 남겨진 소리와 어떤 희망",주 장르만 확정,한국음악,,0.9971947333333334,0.121392273,0.009537095
그림자극과 함께하는 호두까기 인형 [수원],판단 불가,,,0.6397970599999999,0.09254493966666666,0.009542687
"청소년을 위한 예술소풍 Ⅲ, 영화음악 옴니버스 콘서트",판단 불가,,,0.8923313866666667,0.32045714965966665,6.58979e-07
뮤지컬군과 오페라양의 사랑이야기 [수원],주 장르만 확정,서양음악,,0.99999988,5.7773620333333335e-06,7.92893e-08
"단오장단과 함께하는 피아노의 향연, 일곱 번째 이야기",주 장르만 확정,대중음악,,0.95994402,0.0003269317046666667,3.6777394e-05
"이장희 프로젝트, 비인집: Home & Home [대구]",주 장르만 확정,한국음악,,0.9962483666666667,0.05946382816666667,0.0029640265
INTERCONNECTIONS: 상호연결,주 장르만 확정,한국음악,,0.99999793,0.00025347715666666667,0.0001609695
한 해를 마무리 짓는 매듭달 음악회 [군포],주 장르만 확정,한국음악,,0.9999740133333334,0.0007414758666666666,0.0005807193
"성동문화나눔 송년 공연, 송년콘서트: 수고했어, 올해도!",주 장르만 확정,서양음악,,0.7434834433333334,0.43766544333333335,0.18052943
수원시민과 함께하는 수원시립예술단 송년음악회,주 장르만 확정,서양음악,,0.9998877,0.0007118740133333334,0.0004500107
WeSA Festival: Sound is the New Music,주 장르만 확정,대중음악,,0.7592628466666667,0.003094447361533333,5.7876846e-06
"스물한번째 스윙-바이, Improvisations",주 장르만 확정,서양음악,,0.7465828933333333,0.012715263646666669,0.00016872594
모래의 마법사,주 장르만 확정,연극,,0.9999176466666667,0.011503021899999999,6.3177e-05
"신년음악회: 문화의 비상, 국민과 함께",주 장르만 확정,서양음악,,0.9922741466666666,0.0015921733566666666,0.00021685501
광주상설공연 (2월),판단 불가,,,0.7672596333333334,0.40789909333333335,0.11516145
Invocation,주 장르만 확정,대중음악,,1.0,3.382485806666667e-07,4.9542702e-08
"신은미, 유진규, 배일동이 떠나는 신유배 기행",주 장르만 확정,연극,,0.9982976433333333,0.098387717,0.005564471
피아노선생님이 들려주는 국악이야기 [김해],주 장르만 확정,한국음악,,0.8448850966666667,0.018927342833333336,0.0013349779
그림자극으로 만나는 비발디의 사계,판단 불가,,,0.46529586666666667,0.020817341666666666,0.011573326
봄의향연 [오산],주 장르만 확정,뮤지컬,,0.36620424,0.10510068333333333,0.06488559
In & Around C,판단 불가,,,0.03088025333333333,0.013971136166666667,0.0020185355
"그림 읽어주는 베토벤, THE CONCERT: 플란다스의 개 [울산]",주 장르만 확정,서양음악,,0.7955439000000001,0.08279020766666667,0.009155986
Just 바리X운정X은용,주 장르만 확정,한국음악,,0.9993726366666666,0.5919776766666667,0.1491825
광주상설공연 (3월),주 장르만 확정,무용,,0.47261900000000007,0.0050748165999999996,0.0027404074
"이데일리TV 신춘 오페라마 콘서트, A New Beginning",주 장르만 확정,서양음악,,0.9994991333333333,0.006285462360000001,0.00024637938
"삼성생명, 삼성화재와 함께하는 오페라마 음악회: 한국 가곡의 봄",주 장르만 확정,서양음악,,0.8492015299999999,0.029860062000000003,0.013432418
"시네마 클래식, 꽃피는 봄이 오면",주 장르만 확정,서양음악,,0.9988197033333334,0.0026081784199999997,0.00055891846
Colorful Music Gala Concert,판단 불가,,,0.67763522,0.36977378000000005,0.13008432
3.1절 기념 한용운이 부르는 님의침묵 [광주],주 장르만 확정,서양음악,,0.9718097133333333,0.00035046347399999997,2.9612842e-05
라움 마티네 콘서트,주 장르만 확정,서양음악,,0.9999118166666667,0.000184843555,8.9427245e-05
3.1절 기념 한용운이 부르는 님의침묵 [대구],주 장르만 확정,서양음악,,0.9778173333333333,0.0004596323813333333,2.2778024e-05
"파동 입자 13: 김지효, Joss Turnbull",주 장르만 확정,대중음악,,0.9998914133333333,0.043329840416666675,0.00063249125
"서울신문 창간 120주년 기념, 봄날음악회",판단 불가,,,0.5059486799999999,0.14668041833333334,0.026231125
"ON:明 창단 연주회, ON:明: 20.5",판단 불가,,,0.9099666333333333,0.2169287301846667,9.4340554e-05
"프리뮤직 콘서트: 강태환, 김덕수, 최선배 등",주 장르만 확정,한국음악,,0.9811137166666667,0.008832283766666666,0.0031143436
"국악 트롯 콘서트, 동락 [안동]",주 장르만 확정,한국음악,,0.9962112733333334,0.071704959,0.04108005
"수성아트피아 렉처콘서트 시리즈, 정호승의 작업노트",주 장르만 확정,서양음악,,0.8714953866666666,0.09684385,0.020522656
한일 교류음악회,주 장르만 확정,한국음악,,0.9998563833333334,0.018895780366666667,0.0005650411
"국립남도국악원 토요상설, 국악이 좋다: 국악의 향연: 꽃 피는 봄날",판단 불가,,,0.6894544033333334,0.0095406803,0.0038829695
"일본민주음악협회 교류공연, 한일교류 음악회",주 장르만 확정,한국음악,,0.9911353366666665,0.0003489252423333333,4.934127e-06
"모두뮤직페스타, Belonging Ⅳ: 해방 Emancipation",주 장르만 확정,연극,,0.5190586866666667,0.115398481,0.015661143
빨간풍선,주 장르만 확정,대중음악,,0.9521086833333333,0.09975087666666667,0.03932665
"EHWAJANG 326 ARTSTREET BORN SS CONCERT, Stage concert",판단 불가,,,0.3214579634666667,0.0013813736846666669,4.1385054e-05
열린 음악회 [정읍],판단 불가,,,0.19788277333333334,0.09480351166666667,0.02487788
"제155회 두레콘서트, 시와 노래가 있는 나태주 시인 토크 콘서트",판단 불가,,,0.7425110333333333,0.2973904857933333,0.00019843738
"국립남도국악원 토요상설, 국악이 좋다: 엿장수 허쟁강",주 장르만 확정,한국음악,,0.9999674066666667,0.12028551836666668,0.0011011101
"통영국제음악제, 리히터스 패턴스",판단 불가,,,0.5746403,0.0012217874466666668,0.00032051944
"판소리 오페라, 소월 [고양]",주 장르만 확정,서양음악,,0.47210597000000004,0.027663262999999997,0.017631244
국립정동극장 신년음악회,판단 불가,,,0.46135149333333336,0.09987586133333333,0.07326656
그대 먼 데서 이기고 돌아온 사람아,주 장르만 확정,서양음악,,0.7862843866666668,0.0010699465683333333,9.1116905e-05
4.4 독립만세운동 기념음악회: 달의 춤,주 장르만 확정,서양음악,,0.9913306,0.013754276800000001,0.0015730298
"스물네번째 스윙-바이, 자유즉흥연주",판단 불가,,,0.6671480566666667,0.179799123,0.079096414
"국립남도국악원 토요상설, 국악이 좋다: 국악의 향연",주 장르만 확정,한국음악,,0.9999908666666667,0.0019728408333333333,0.0004996984
광주상설공연 (4월),주 장르만 확정,뮤지컬,,0.4603609533333333,0.026562877033333335,0.0017197471
케이킥 태권쇼,판단 불가,,,0.6042442533333333,0.05155284663333334,0.0036518169
섀도우 콘서트 & 벽화체험,주 장르만 확정,서양음악,,0.9999918866666667,0.000278742081,1.8882763e-05
"신춘콘서트, 국악과 트로트의 만남 [함양]",주 장르만 확정,한국음악,,0.96332582,0.07918045666666666,0.03482954
"강릉아트센터 기획공연, 스트라빈스키의 병사이야기",판단 불가,,,0.52279068,0.08348823333333333,0.013771504
라임의 왕 김삿갓 [춘천],주 장르만 확정,연극,,0.9999988466666667,0.000146348427,1.1285364e-05
"체어, 테이블, 체어 [김포]",판단 불가,,,0.72329972,0.10770877166666666,0.076268695
미야자키 하야오 영화음악 콘서트 with 샌드애니메이션 [대전],주 장르만 확정,서양음악,,0.9999893433333334,8.847479866666666e-05,6.8700996e-05
"은평과 마주해, 봄 콘서트",주 장르만 확정,대중음악,,0.87721728,0.026103751933333332,0.0008573568
서커스 클래식,주 장르만 확정,연극,,0.9905958766666667,0.32814273366666663,0.012024463
"3rd GPD FORUM 예술뉴런 뮤지카,  with 권은비, 프라우드먼",판단 불가,,,0.9912862800000001,0.342431399,0.029989667
"장사익 & 충남교향악단, 봄맞이 소리愛 [예산]",주 장르만 확정,서양음악,,0.7944372333333334,0.008757728666666667,0.0014482113
"트라이보울 예술아카데미: 자라는 예술, 소년기 (4.20)",판단 불가,,,0.9964571533333334,0.33152388,0.12662527
동아시아문화도시 개막식 [김해],판단 불가,,,0.3306408033333334,0.19837724766666665,0.060931243
피콜로이스트 김원미와 안디아모 국악퓨전콘서트: 그리고 그 사랑,판단 불가,,,0.08636181666666666,0.03215575166666667,0.021042401
"스물여섯번째 스윙-바이, 자유즉흥연주",판단 불가,,,0.5677288566666666,0.152934076,0.042189658
"토크콘서트, 추억은 몽글몽글",주 장르만 확정,뮤지컬,,0.67462254,0.0226676021,0.0024412863
세종예술의전당 국립심포니오케스트라 신년음악회,주 장르만 확정,서양음악,,0.9590427133333334,0.030324432,0.01446377
적로: 이슬의 노래,주 장르만 확정,한국음악,,0.9999973233333334,0.00024195200666666663,9.767507e-05
"피카스 그림동화 음악회, 엄마 찾아 삼만리",주 장르만 확정,서양음악,,0.9999214200000001,0.0006196035833333334,0.00043078655
광주상설공연 (5월),판단 불가,,,0.8517127133333333,0.4466392166666666,0.2611445
"일루젼매지컬, 몽환록 [대전]",주 장르만 확정,한국음악,,0.9888237133333334,0.1765279266666667,0.07120596
효 콘서트 [청양],주 장르만 확정,연극,,0.23181947566666664,0.023385705166666663,0.0088446755
제56회 군산 진포예술제 개막식,주 장르만 확정,서양음악,,0.6596195453333333,0.32030499817999997,4.280254e-05
모래에 이야기 꽃을 피우다 [인천],판단 불가,,,0.7673288133333335,0.49603996666666667,0.422188
"태권무 한빛 시즌3, 태권예술로 제주를 품다",판단 불가,,,0.8196161166666668,0.33136550728999997,0.00017839187
The K콘서트: Like a Star,판단 불가,,,0.6992387033333333,0.30122893666666667,0.06583527
에코백 [보성],주 장르만 확정,뮤지컬,,0.9997847833333333,0.020552389333333334,0.007153605
오월 어머니의 노래 [제주],주 장르만 확정,서양음악,,0.9397871666666666,0.0009414385233333333,0.00012853977
"효 콘서트, 소리정감",주 장르만 확정,한국음악,,0.9946618133333334,0.058710447666666665,0.014840813
"안산시립예술단 기획연주회, 목요보노음악회",주 장르만 확정,서양음악,,0.5015039299999999,0.1628171833333333,0.06838889
"가정의 달 기념공연, 가정음악회 [천안]",주 장르만 확정,대중음악,,0.98640381,0.044971216,0.007871548
"가족과 함께하는 카툰 콘서트, 셜록홈즈 [당진]",판단 불가,,,0.6927806866666666,0.2482753266666667,0.13844632
Printemps: Via Trio,주 장르만 확정,서양음악,,0.67895837,0.054527234,0.027383752
FINEDAY FESTIVAL,주 장르만 확정,대중음악,,1.0,1.08572561e-05,7.924643e-07
"김주원의 사색여정 with 소리꾼 이자람, 동행",주 장르만 확정,무용,,0.33115384333333336,0.091345886,0.012783693
몽환록: 꿈 같은 마술 이야기 [세종],주 장르만 확정,연극,,0.9934107866666667,0.019120833253333334,0.00029191116
"평균율 너머, 우주 1회차: 왕혜인 X 김용성",주 장르만 확정,서양음악,,0.9999313666666666,0.0009854375986666666,1.3489816e-05
커피콘서트 Ⅲ. 책 읽어주는 큐레이터: 리어왕,주 장르만 확정,서양음악,,0.8632097133333333,0.029779707266666667,0.0037957518
"제18회 당진시건강가정대축제, 우리가족 놀이터 건가월드",판단 불가,,,0.9857235566666667,0.3977553733333334,0.09141129
오월 어머니의 노래 [광주],판단 불가,,,0.189914393,0.0039946708,0.002223899
"제주빌레앙상블, 열린음악회",주 장르만 확정,뮤지컬,,0.06054709266666667,0.003418017243333333,0.00052689173
"The Strangers Strange Songs, 이방인의 낯선 노래",판단 불가,,,0.7444095900000001,0.05172452889133333,3.5861674e-05
5월 오픈마이크,주 장르만 확정,서양음악,,0.9792373533333333,0.14736347489999999,0.0015298687
"해설이 있는 음악회, 가족 음악회 [온양]",주 장르만 확정,뮤지컬,,0.9120119666666667,0.14089266733333333,0.060497902
할망에게 묻고 답하다 [제주 서귀포],주 장르만 확정,연극,,0.7534162633333334,0.0027618849166666667,0.00020018805
광주상설공연 (6월),주 장르만 확정,한국음악,,0.9771390933333334,0.582574396,0.027536718
오월 어머니의 노래 [서울],판단 불가,,,0.2008746097333333,0.0009812130833333334,0.00072548015
미야자키 하야오 영화음악 콘서트 with 샌드애니메이션 [과천],판단 불가,,,0.4253053633333333,0.08045672266666666,0.0378631
청소년과 함께하는 김숙진의 이야기가 있는 콘서트 [고양],판단 불가,,,0.66621129,0.18633028933333332,0.026240438
"평화통일 음악회, 탈북민 애환!! 음악으로 듣는다 [사천]",판단 불가,,,0.99084443,0.56364518,0.36719024
"조희창의 굿모닝 콘서트, 아리랑 온 더 로드",주 장르만 확정,서양음악,,0.9778470366666667,0.0138568831,0.0011654405
비르투오소 인 클래식 [하남],주 장르만 확정,서양음악,,0.9997199233333335,0.0006857506933333333,0.00014340488
"강릉단오제, 추억의 단오 [강릉]",주 장르만 확정,뮤지컬,,0.9989572166666667,0.003248503366666667,0.0021316977
"스물아홉번째 스윙-바이, 자유즉흥연주",주 장르만 확정,대중음악,,0.9967108533333334,0.01201352501,0.000527105
제10회 서울페스티발앙상블 정기연주회,주 장르만 확정,서양음악,,0.9999994433333333,3.0200845333333334e-07,1.9701133e-07
"내가 농섬보다 외롭다, 사유의 시간 (06.22)",주 장르만 확정,한국음악,,0.9809899166666667,0.036167812333333334,0.001185088
홍지민과 함께하는 판타스틱 쇼 [성주],판단 불가,,,0.8285312666666668,0.285948639,0.013930457
"대한민국 청년축제, 청춘뉴런",판단 불가,,,0.9950897533333333,0.5817329266666666,0.18569958
"배익한 재즈 오케스트라, 재즈와 판소리의 만남: 재즈 x 판",판단 불가,,,0.4168456166666667,0.09040529746666666,0.0008872324
"아이티 아이들 돕기 프로젝트, 헤이쥬드 콘서트 [고양]",판단 불가,,,0.033505836000000004,0.0018532914766666668,0.00095281383
6월 오픈마이크,주 장르만 확정,대중음악,,0.9671371666666667,0.114167742,0.034966506
"최영림의 음악으로 더불어창작프로젝트 Part 2, 놀자 [춘천]",주 장르만 확정,연극,,0.47324178899999997,0.08790101973333332,0.0006588252
광주상설공연 (7월),판단 불가,,,0.41108693999999996,0.2802964666666667,0.15349457
"H-issue vol.1, 아트필드: 청 with 오정해 [하남]",판단 불가,,,0.5103476833333334,0.14681581942333333,0.00012440827
"아트캠프, 패밀리 펀펀데이",주 장르만 확정,뮤지컬,,0.9905204533333333,0.04751543933333333,0.035758402
"국립남도국악원 토요상설, 국악이 좋다: 기획공연 명인전 Ⅰ",판단 불가,,,0.4431919733333333,0.012902311166666666,0.004932887
미야자키 하야오 영화음악 콘서트 with 샌드애니메이션 [창원],주 장르만 확정,서양음악,,0.9992153333333333,0.013326560966666666,0.0020768829
우리가 기억 속에 간직하고 있는 장소들,판단 불가,,,0.3513564866666667,0.08690549833333333,0.02333184
"매드라인 x 날라리와 쟁이, 화합과 교류의 두드림 [대구]",주 장르만 확정,서양음악,,0.99999964,6.3608023e-06,5.4107823e-06
"서른두번째 스윙-바이, 자유즉흥연주",판단 불가,,,0.40166262799999997,0.06697422766666668,0.009593727
"K-클래식 콘서트 3, 충남예술고등학교 [천안]",주 장르만 확정,뮤지컬,,0.8770683433333333,0.07546380400000001,0.005763194
"로사오케스트라심포닉아트, 뮤직스펙트럼 오브 가야금오케스트라",주 장르만 확정,한국음악,,0.99999869,2.54991686e-05,2.6596038e-06
"The Strangers Strange Songs, 이방인의 낯선 노래 BY 서린사랑",판단 불가,,,0.9933513566666666,0.5768933386666667,0.015793616
벽을 뚫고 나온 꽃 [과천],주 장르만 확정,무용,,0.99998439,0.00029672347333333334,5.717543e-05
"한글음악집현전 시리즈3, 마법글자 한글: 뮤직 & 매직밴드를 만나다! [경산]",주 장르만 확정,대중음악,,0.6668883800000001,0.035199369333333334,0.012584754
한여름밤 Ice Coffee 콘서트,주 장르만 확정,대중음악,,0.9351870999999999,0.06056218900000001,0.011719677
"체어, 테이블, 체어 [서울]",판단 불가,,,0.9083786866666667,0.4382563433333333,0.17558557
"브런치&리너 콘서트, 피아니스트 김용진과 함께하는 이달의 공연: 7월의 발레",주 장르만 확정,서양음악,,0.9986263666666666,0.0008666317999999999,0.0005234662
대구학생문화센터 합창단·합주단·국악단 연합 정기연주회,주 장르만 확정,서양음악,,0.6960431233333333,0.02892307266666667,0.015009651
Acculturation (문화접변) 求音 (구음),주 장르만 확정,한국음악,,0.9182289200000001,0.3945669963333333,0.004755299
"제34회 거창국제연극제, 굿바이 햄릿 (7/30)",주 장르만 확정,연극,,0.9999551000000001,0.0003363042233333333,6.924362e-05
알레스아트 야간개장,주 장르만 확정,서양음악,,0.9999992133333334,2.2170842333333333e-05,1.3446621e-05
더 호러쇼: 기묘한 마을의 비밀,판단 불가,,,0.8477719166666665,0.5805365499999999,0.5469181
광주상설공연 (8월),판단 불가,,,0.7503399433333332,0.29731443333333335,0.19935378
"제34회 거창국제연극제: 체어, 테이블, 체어 (08.05)",주 장르만 확정,연극,,0.9206032666666667,0.23339582166666664,0.098950855
"토요 특별기획공연, 여름방학",판단 불가,,,0.6936516166666666,0.29841919333333333,0.10628242
재즈와 탱고 그리고 성악이 흐르는 Happy Summertime Concert,주 장르만 확정,서양음악,,0.9115806833333333,0.11232997707999999,0.00017594124
"이랑 만남시리즈 Ⅹ 기념 특별공연, 매직앙상블: 세계의 명화 [김해]",주 장르만 확정,서양음악,,0.6551493466666667,0.003589394346666667,0.00054218294
제7회 서초문화원 클래식판타지,주 장르만 확정,서양음악,,0.9997716,4.7478150666666665e-05,1.4781718e-05
타악 & DJ퍼포먼스: BEAT OF SCHOOL,판단 불가,,,0.3341960133333333,0.07426391833333333,0.01662302
"제23회 전주세계소리축제, 소리썸머나잇 DAY1",주 장르만 확정,한국음악,,0.9989807533333334,0.57860426,0.19273698
"제23회 전주세계소리축제, 소리썸머나잇 DAY2",판단 불가,,,0.9717766133333333,0.367110211,0.026915533
"제1251회 서초금요음악회, Summer Night",주 장르만 확정,뮤지컬,,0.7473070066666666,0.33294690666666665,0.20745188
온가족이 함께하는 유모차 콘서트 [대전],주 장르만 확정,서양음악,,0.9999994433333333,3.0050605333333333e-05,9.849886e-06
키즈 마티네 콘서트 [김포],판단 불가,,,0.48006672333333333,0.3728343966666667,0.34366754
"김주원의 사색여정 with 소프라노 황수미, 선물",판단 불가,,,0.52904374,0.18060642333333332,0.09143943
"제896회 전남도립국악단 토요가무악희 시즌3, 그린국악",주 장르만 확정,한국음악,,0.9971349666666667,0.06229064683333333,0.0014022785
"손병호 & 최지연과 함께하는 여민락 콘서트, 지금 뛰다: NOW JUMP [세종] (8월)",판단 불가,,,0.6168204,0.33771405486666667,0.0058191046
전국 농어촌 청춘토크쇼: 황금들녘 [천안],주 장르만 확정,대중음악,,0.9159494833333333,0.002343223283333333,2.217195e-05
"K-예술축제 아.우.름, 대전국악방송 개국 7년 기념 공개 음악회",주 장르만 확정,한국음악,,0.32168803,0.10040714333333334,0.034251865
"공연장상주단체 페스티벌: 한 여름의 축제, YOU [세종]",주 장르만 확정,서양음악,,0.7292104033333334,0.07169284766666667,0.006365706
안드로메다 유랑기 [원주],주 장르만 확정,뮤지컬,,0.9841279166666667,0.54416292,0.29994664
Triangle X sal?n de luna 03: 비유클리드 기하학,주 장르만 확정,무용,,0.9998545833333333,0.12826638199999998,0.076134406
"국립정동극장 예술단, 모던정동",판단 불가,,,0.1591935866666667,0.09077165033333333,0.039828327
"수면콘서트, 베스트드림콘서트",주 장르만 확정,서양음악,,0.8639042533333333,0.00306998801,0.00032325397
"익산 브랜드 공연, WEST & EAST: 서쪽남자 & 동쪽여자",주 장르만 확정,무용,,0.95374588,0.0009734203766666666,0.0007611216
ACC 빅도어콘서트,주 장르만 확정,대중음악,,0.9382740733333333,0.010740648066666665,0.0011331955
서도와 은미: 만병통치樂 [화성],주 장르만 확정,무용,,0.9757120333333335,0.013643894166666665,0.003215031
8월의 오픈마이크,판단 불가,,,0.84505182,0.08485254833333333,0.041870445
"구름, 나무, 연못",판단 불가,,,0.97062272,0.3117052713333333,0.008812716
"제24회 대전국제음악제 DCMF, 앙상블 콘쿠오레: 쇤베르크의 밤 150 [대전]",주 장르만 확정,서양음악,,0.9990743866666666,0.0020001061933333335,7.151006e-05
서른다섯번째 스윙-바이: Time Machine,주 장르만 확정,대중음악,,0.9953149166666667,0.016371228800000002,0.0012040684
"싱크넥스트24: 광광, 굉굉",판단 불가,,,0.34108463666666666,0.10559347233333334,0.03510018
"지박컨템포러리시리즈 Vol.24, 음악전시: blur",주 장르만 확정,서양음악,,0.7733541033333333,0.11926290876666668,0.0077190963
광주상설공연 (9월),주 장르만 확정,한국음악,,0.9935506766666666,0.4557119566666667,0.06518819
제1회 여수 국제 웹 페스트,주 장르만 확정,서양음악,,0.9999926166666667,0.00038910351833333336,2.4297646e-05
판타스틱 [남해],판단 불가,,,0.8393647866666667,0.089224364,0.008405086
에코백 [담양],주 장르만 확정,뮤지컬,,0.8804788499999999,0.18852805166666667,0.005847235
춘향: 날개를 뜯긴 새 [평택],주 장르만 확정,무용,,0.9999181233333334,0.0323652563,0.0007640699
"서울 컬쳐 클럽 예술 축제, ...한 당신을 위하여 건배!",판단 불가,,,0.6967853566666666,0.041040038333333334,0.002457522
[데이터 분리] 바흐 Ⅹ 무브먼트 (패키지) (앵콜),주 장르만 확정,서양음악,,0.9999300533333333,0.00047850330866666663,4.8405986e-05
"바흐 Ⅹ 무브먼트, 무반주 첼로 모음곡 (앵콜) (9.7)",주 장르만 확정,서양음악,,0.9999746466666667,0.00016753002333333333,0.00012817454
"종교평화음악회, 팔공산은 사명대사를 모십니다 [대구]",주 장르만 확정,서양음악,,0.99941675,0.0021514257829999997,1.3289649e-05
퍼커셔니즘 [충북],판단 불가,,,0.06100876008666667,0.0007054569196666666,5.9869595e-05
"피아노 파 드 되, Dancing with Pierrot",주 장르만 확정,서양음악,,0.076015075,0.014305623333333331,0.008462711
"제47회 심훈상록문화제, 개막식",주 장르만 확정,대중음악,,0.9999828666666667,0.002607715588666667,7.825891e-06
"바흐 Ⅹ 무브먼트, 무반주 바이올린 소나타 & 파르티타 (09.08) (앵콜)",주 장르만 확정,서양음악,,0.9999927766666666,0.000122640505,1.2959385e-05
"제47회 심훈상록문화제, 폐막식",주 장르만 확정,대중음악,,0.9999998333333333,4.5909221566666665e-06,6.3280027e-07
"KOREAN DRUM Ⅲ: THE DRUM SHAMAN, 영혼의 맥박소리",주 장르만 확정,무용,,0.9986268666666667,0.003198485856666667,0.00052955747
방과후 공연놀이터,판단 불가,,,0.6860834166666666,0.38250381,0.33435273
반석산피크닉: 미야자키하야오 영화음악 콘서트 with 샌드아트 애니메이션 [화성],주 장르만 확정,서양음악,,0.99264516,0.009208291,0.003613365
매직컬 판타지 콘서트 [동해],주 장르만 확정,뮤지컬,,0.5083643033333333,0.04588864296666667,0.0016685359
WeSA UNDER: THE DOOR,판단 불가,,,0.45758378266666666,0.00473082989,0.00039466817
"평균율 너머, 우주 5회차: 왕혜인 Ⅹ 선지우 (9.21)",주 장르만 확정,서양음악,,0.9907404833333334,0.4408959833333333,0.1854243
"풍금 & 박세욱 WITH 현앙상블 콘서트, 신이 내린 목소리: 클래식과의 만남",주 장르만 확정,대중음악,,0.9973903333333333,0.0013664744014333333,3.4291043e-06
"9월 토요콘서트, 앰비규어스댄스컴퍼니 x 추다혜차지스 [창원]",주 장르만 확정,한국음악,,0.9713349133333334,0.1328358,0.10140068
첼로가야금 [양주],판단 불가,,,0.8698932666666667,0.13813795133333331,0.002272776
"글자공상, Daydreaming of Letter [통영]",주 장르만 확정,대중음악,,0.9672861233333334,0.005695913776666668,0.00016005273
비르투오소 인 클래식 [부천],주 장르만 확정,서양음악,,0.8783065033333334,0.052660229366666665,0.0031080581
"스즈메의 문단속, 날씨의 아이, 너의 이름은. 갈라 콘서트 (9월)",판단 불가,,,0.362273131,0.045734576666666665,0.00887528
서구! 서풍 콘서트 [대구],주 장르만 확정,대중음악,,0.9503132233333332,0.40249146333333335,0.19921434
에버하트 콘서트,판단 불가,,,0.9852696666666668,0.31281806733333334,0.006172077
"제1252회 서초금요음악회, 헝가리 국립무용단 특별공연: 카르파티아인의 메아리",주 장르만 확정,뮤지컬,,0.8091833766666667,0.3497077933333334,0.31446016
"돈키호테, 엉뚱하면 어때? [남양주]",판단 불가,,,0.6655990116666667,0.155299105,0.085094295
반고흐 콘서트 [김천],판단 불가,,,0.7451528433333333,0.12573069166666667,0.080386795
풍류 [안성],판단 불가,,,0.5175356666666666,0.028633584599999998,0.0033034158
"제29회 서곶문화예술제: 옛 시로 듣는다, 달달한 시",주 장르만 확정,대중음악,,0.9919992666666667,0.004989005405333333,5.5918616e-05
문학주간 2024,판단 불가,,,0.9427147466666668,0.47210629,0.28132743
"칠곡교육가족한마음, 樂 콘서트 [칠곡]",판단 불가,,,0.6587568166666667,0.015309771333333333,0.0017282177
"한국 중국 일본, 발악콘서트",주 장르만 확정,한국음악,,0.5121663933333334,0.07939949466666665,0.02446225
모나드 서울: 변화하는 각,주 장르만 확정,연극,,0.9935307133333334,0.0034916024,0.0009998735
"청년시점, 청년예술콘서트 1부",주 장르만 확정,서양음악,,0.9970255900000001,0.010426761233333333,0.006844533
클나무오케스트라 & 팝핀현준 & 박애리 열린음악회 [부안],판단 불가,,,0.7527508966666666,0.048013844,0.011830685
부산국제공연예술마켓 (BPAM) (전일권),주 장르만 확정,한국음악,,0.93117538,0.41892062333333335,0.06412853
"제18회 당진예술제, 개막식",주 장르만 확정,서양음악,,0.94378402,0.6235589656666668,0.050893467
"김주원의 사색여정 with 무용가 김매자, 배정혜, 국수호 그리고 이정윤의 별",주 장르만 확정,무용,,0.9999982966666666,0.00170913694,0.00036292188
광주상설공연 (10월),주 장르만 확정,대중음악,,0.9999998400000001,0.0008764938776666667,3.7923593e-05
제28회 대한노인회 덕양구지회 노인의날 축하공연,판단 불가,,,0.9999962333333334,0.04873899075666666,7.324925e-05
서울아트마켓 (PAMS) [달오름극장],주 장르만 확정,한국음악,,0.9170761466666667,0.262796828,0.066505484
서울아트마켓 (PAMS) [하늘극장],판단 불가,,,0.6761093099999999,0.2703982733333334,0.09769438
소리동화: 팥죽할멈과 호랑이 & 방귀쟁이 며느리 편,판단 불가,,,0.7636167166666666,0.014499682466666669,0.0011223264
엄마의 일기장 [부산],판단 불가,,,0.03927608266666666,0.008902931346666667,0.00053092104
"이천국제음악제, icmf 오프닝 콘서트: 동서양의 하모니",주 장르만 확정,서양음악,,0.8500556899999999,0.017226942999999998,0.010112936
여성: 삶의 노래 WOMEN: THE LIFE OF SONG,주 장르만 확정,서양음악,,0.9835522000000001,0.00019327685516666666,1.7414665e-06
하이커 페스타,주 장르만 확정,뮤지컬,,0.9017528866666668,0.27112593333333335,0.05882712
"크로스파티, 두번째달 Ⅹ 김무빈: 국악 Ⅹ 월드뮤직 [과천]",판단 불가,,,0.24616807666666665,0.053426333666666666,0.009464309
"NPAF, Harmony of 4 Piano & Magic: 4대 피아노와 마술의 하모니 [인천]",주 장르만 확정,서양음악,,0.8781669666666666,0.011148686800000002,0.0021008244
"TABLAO DE NUEVO, POR EL MAR [제주]",판단 불가,,,0.42906751000000004,0.08547427233333332,0.032766163
제1회 Physical Performance Festival 피지컬 퍼포먼스 페스티벌,판단 불가,,,0.59978802,0.1751349043,0.0017048629
"글자공상, 최노아X계수정 라이브 퍼포먼스",판단 불가,,,0.8082476666666668,0.32954358833333336,0.027884515
고양 학생 뮤지컬&연극&영화 축제,판단 불가,,,0.9751990666666667,0.29458342233333334,0.023242803
3팀 3색 가을 콘서트 [울진],주 장르만 확정,무용,,0.46111783000000006,0.25941982666666663,0.17451319
배리어프리 뮤직페스티벌,주 장르만 확정,서양음악,,0.6383814666666666,0.0017594032133333333,0.00053330814
제3회 공감플러스,판단 불가,,,0.9887474133333334,0.6054687676666667,0.058576103
에드바르의 초상수업 [부산],주 장르만 확정,서양음악,,0.9992167666666667,0.00010393648776666665,6.6027133e-06
"하슬라국제예술제, 고귀한 두 여신이여 (10.18)",주 장르만 확정,서양음악,,0.9992587199999999,0.059122736333333335,0.019703839
"제1254회 서초금요음악회, 음악정원",판단 불가,,,0.6568913166666667,0.25105935333333335,0.16182421
"세대공감 어울림 북콘서트, 김상욱 with 궤도 [경산]",판단 불가,,,0.9750386366666666,0.019683091333333333,0.010514809
"삼척문화예술회관 개관 30주년 기념, 삼척시민과 함께하는 어!울림 콘서트",주 장르만 확정,서양음악,,0.60785394,0.06041257466666666,0.021454314
가을날의 음악산책 [홍성],주 장르만 확정,서양음악,,0.8709171466666666,0.006603850606666667,0.00054120267
내가 농섬보다 외롭다,주 장르만 확정,한국음악,,0.9999295066666667,0.3129089733333333,0.05347067
"트라이보울 예술아카데미: 잘 아는 예술, 노년기 (10.19)",주 장르만 확정,대중음악,,0.9903870133333333,0.05178074306666667,0.0019729242
"강동예술인페스티벌, 강동무용협회",판단 불가,,,0.36353111833333335,0.004705891833333333,0.0020775928
한밤의 유U;콘서트: 가을 밤 현의 풍류 (10월),주 장르만 확정,한국음악,,0.8190034566666666,0.07756579000000001,0.016070083
함께하는 순간 [공주],판단 불가,,,0.5575170733333333,0.006651676166666666,0.003589488
베스트슬립 수면콘서트,주 장르만 확정,서양음악,,0.9874512033333334,0.0631083538,0.0006398414
제11회 이데일리 문화대상,판단 불가,,,0.47918267666666664,0.11498767512000001,0.00089694536
첼로가야금 2.0 콘서트 [울산],주 장르만 확정,한국음악,,0.9997614433333334,0.02333649386666667,0.0027406316
"김수인, 이승민 극락 콘서트 [평택]",판단 불가,,,0.8541417666666667,0.3553244766666667,0.25691205
"제20회 부산국제합창제, 대상경연 및 시상식",주 장르만 확정,서양음악,,0.99981915,0.0024001819740000004,1.7500222e-05
"제주해녀 이야기: 섬, 숨, 삶 [제주]",판단 불가,,,0.7637378666666667,0.3548069942,0.0065907426
토크콘서트: Talk into the groove [원주],주 장르만 확정,뮤지컬,,0.9999936799999999,0.028795362799999998,0.0006425566
VATERFLY HALLOWEEN COSTUME PARTY,판단 불가,,,0.9694312100000001,0.12576492666666667,0.032680415
제2회 이앤아이앙상블 콘서트: 날것. 놀러. OLE! 감정에 자유를 주자 [용인],판단 불가,,,0.7125846566666666,0.16239868166666668,0.035094045
"강동예술인페스티벌, 강동국제장애인문화교류협회",판단 불가,,,0.9011352599999999,0.37428705833333337,0.088443555
춘향탈출 [광주],주 장르만 확정,무용,,0.9978421000000001,0.080881197,0.038665947
장사익과 함께하는 이브닝 콘서트: 만추 [용인],판단 불가,,,0.8585029466666666,0.2546118333333333,0.05250495
Nuvelletoile: En Espana [부평],주 장르만 확정,서양음악,,0.7472717133333333,0.04203826756666667,0.0032592197
제12회 단원구여성합창단 정기연주회,주 장르만 확정,서양음악,,0.9974918366666666,0.004547020137033333,1.0458111e-06
어울림문화학교 수강생 발표회 [고양],판단 불가,,,0.8773512133333333,0.6106764533333333,0.23812132
한양대학교 무용학과 60주년 창작 춤 페스티벌,주 장르만 확정,무용,,0.6760359936666666,0.027587089033333335,0.0025337515
"2024 제11회 전남학교예술교육페스티벌, 복합",주 장르만 확정,서양음악,,0.9760050766666667,0.007915664383333333,0.00069226715
SCAF 서초아트페스티벌,주 장르만 확정,서양음악,,0.9999012333333334,7.820965120000001e-05,5.9645686e-06
대한민국 동화축제 [포항],주 장르만 확정,대중음악,,0.9980970733333333,0.013894408400000002,0.0011902852
이태석 사랑나눔 음악회,주 장르만 확정,서양음악,,0.9149130666666667,0.008872026933333334,0.0015618898
"벗 & 공감, 클라운지콘서트 [대구]",판단 불가,,,0.5329019166666668,0.048256259200000005,0.0025080696
"아트클래스 시리즈Ⅴ, 호퍼: 고독한 뉴요커 [을숙도]",주 장르만 확정,서양음악,,0.9998430333333332,0.00052583734,0.00021916332
한국문화 큰잔치 (K-Wave Festival),주 장르만 확정,대중음악,,0.9290195966666667,0.32026513,0.07210281
제4회 마두금 연주회: 마이동풍,판단 불가,,,0.7404940600000001,0.07808870986666668,0.0017974696
첼로가야금 2.0 콘서트 [용인],판단 불가,,,0.9686900433333334,0.5197571866666667,0.2399702
광주상설공연 (11월),판단 불가,,,0.9826224633333333,0.33693951333333333,0.05841302
"싱잉볼 콘서트, 하늘소리: 소망을 하늘로",판단 불가,,,0.3615693633333333,0.0009225111928333334,6.5663485e-06
"나화랑, 파랑새 노래하는 청포도 넝쿨 아래로 [김천]",판단 불가,,,0.012905085100000003,0.007159695166666666,0.00335334
제2회 롯데 러브 패밀리 동행 콘서트,판단 불가,,,0.9998620233333333,0.3222122312666667,0.0038237008
"공익활동을 위한 기금 마련 콘서트, 당신이 있어 참 좋다!",주 장르만 확정,대중음악,,0.9923472333333333,0.14575506246666667,0.0017465774
"제6회 마포 M국악 페스티벌, 꼬레아 리듬터치 Ⅲ: 첼로가야금 2.0 콘서트",주 장르만 확정,한국음악,,0.9741356366666668,0.08118858,0.03555286
Make a Creative 쇼케이스: 데뷔를 대비하라,주 장르만 확정,뮤지컬,,0.4379115333333334,0.10663504733333333,0.042805392
EXHIBITION: EVENIF,주 장르만 확정,한국음악,,0.6720149933333334,0.06304186533333334,0.027287966
홍지민과 함께하는 판타스틱쇼 [하남],주 장르만 확정,뮤지컬,,0.5419332066666667,0.20518644333333333,0.11606749
"제64주년 2.28민주운동 헌정공연, 얼음 사이 핀 꽃",판단 불가,,,0.6323619500000001,0.057071295999999994,0.014412243
"장한나의 대전그랜드페스티벌, 첼로가야금 콘서트 [대전]",주 장르만 확정,한국음악,,0.9274519466666667,0.076461409,0.010554074
동행 [대구],판단 불가,,,0.7157045433333332,0.33103186,0.12676674
"더 하우스 콘서트, 해금과 재즈피아노의 만남 [양산]",주 장르만 확정,서양음악,,0.7020643333333334,0.08865216833333332,0.014020675
"제21회 유엔참전용사, 영웅을 위한 음악회",판단 불가,,,0.4450622933333333,0.0239857562,0.0044825356
"제7회 동천정기음악회, Thank you for the music [대구]",판단 불가,,,0.45877306199999995,0.0053589202,0.00220058
환상덜미 [수원],주 장르만 확정,한국음악,,0.3766843876666666,0.01119314842,0.00075670466
나다 뮤직페스티벌 (NADA Art & Music Festival),판단 불가,,,0.463213591,0.2345911705,0.0080055725
세이브미프로젝트 (SavemeProject),판단 불가,,,0.5959160566666667,0.012086599710666668,3.4824192e-05
"발레 & 스트릿, 비트 온 포인트",판단 불가,,,0.5097869333333334,0.43747380333333336,0.40695003
"자선콘서트, 늦가을 이야기소리 [제주]",판단 불가,,,0.7481053000000001,0.581542812,0.054413766
기원: 더 비기닝,주 장르만 확정,대중음악,,0.99589305,0.28158186133333335,0.039850444
Show me the 장구 프로젝트 [함안],주 장르만 확정,한국음악,,0.9999996000000001,0.0020866060333333335,8.82291e-05
재능 혜화 마티네: 한국의 소리와 서양의 소리의 만남,조합 확정,서양음악,서양음악+한국음악,0.9591041333333333,0.7012479033333333,0.5090426
발칙한 세여자의 세계음악여행,판단 불가,,,0.57089504,0.186311166,0.013362703
세종메세나 콘서트,판단 불가,,,0.09520945833333333,0.011241430333333332,0.004265303
"당진시 인구 17만 달성 기념 축하 공연, 17 to 20",판단 불가,,,0.49567688,0.2268490456,0.0026259928
Struggle,주 장르만 확정,무용,,0.9999721433333333,0.0027183102333333334,0.0003953407
비르투오소 인 클래식 [의정부],주 장르만 확정,서양음악,,0.9984267866666666,0.0014620825333333334,0.0010465692
발레와 스트리트 댄스의 짜릿한 만남! 비트 온 포인트 [예천],주 장르만 확정,뮤지컬,,0.9999998466666667,0.0007232383333333333,6.748926e-05
모나드 서울: 무수히 펼쳐지는 각,주 장르만 확정,한국음악,,0.9632131999999999,0.66796108,0.1887581
설탕요정이 읽어주는 호두까기 인형,주 장르만 확정,서양음악,,0.9993754333333333,0.0006199341533333334,0.00017090602
"10년을 날다, 나비",판단 불가,,,0.21625457333333334,0.07580291136666667,0.0035703091
달서구어르신 예능경연대회,판단 불가,,,0.7406332966666667,0.18205956666666667,0.06692963
1＋1 THE ONE: 필연적조우,주 장르만 확정,한국음악,,0.9941488066666667,0.0032325844033333335,9.278831e-05
고3 수험생을 위한 힐링 콘서트 [구리],판단 불가,,,0.44471791666666666,0.3705847033333333,0.19325131
얼씨구! 브라보! 좋다! [세종],주 장르만 확정,한국음악,,0.9965124933333334,0.108719695,0.022410685
"재즈앳에무, Black Forest",판단 불가,,,0.8052298866666666,0.10344985066666666,0.012577579
"함께하는 사랑밭 감사콘서트: 사랑의 시간, 온기를 더하다",주 장르만 확정,서양음악,,0.6891531083333334,0.0047552177920666665,2.1091762e-06
"보트피플ver.2, 바다의 아우슈비츠",주 장르만 확정,한국음악,,0.9774824999999999,0.070953279,0.006709177
"서른여덟번째 스윙-바이, 윤연준: 틈",주 장르만 확정,서양음악,,0.44854012666666665,0.0362450967,0.0026514905
"앙상블 위로 기획공연, 모던 남사당",주 장르만 확정,서양음악,,0.9999876333333333,3.5669629533333334e-05,3.9257266e-06
광주상설공연 (12월),주 장르만 확정,한국음악,,0.9759183,0.2286679233333333,0.15740147
"제60회 예술공감, 앙상블 이도: 새롭게 만난 희로애락의 소리",판단 불가,,,0.4747724133333333,0.32294991,0.08530106
기업인을 위한 서경 송년음악회,주 장르만 확정,서양음악,,0.99833302,0.0016080210420000001,9.7632976e-05
작은겨울아동극축제 [춘천],주 장르만 확정,연극,,0.9999999666666667,7.613845466666667e-06,1.6144348e-06
성남아트센터 후원회 송년음악회,판단 불가,,,0.8363994733333332,0.25363041000000003,0.13826624
"렉처콘서트, 차인표의 여행스케치 [태백]",판단 불가,,,0.9073138799999999,0.042241564233333334,0.004116246
"Anime X Game Festival, 레드 스테이지",판단 불가,,,0.07491712516666667,0.00031840209666666666,0.00019639694
에코백 [천안],주 장르만 확정,뮤지컬,,0.9963769833333332,0.06331073737333333,0.00038186612
스테이지 만남동 [경기 광주],판단 불가,,,0.7186269833333334,0.46886908,0.21969023
음악과 글쓰기 콘서트: 사이·회상,주 장르만 확정,한국음악,,0.99999357,0.0006148863400000001,0.00021840922
"지후 X 지후트리: 마음의, 그림",조합 확정,,뮤지컬+연극,0.9962504133333333,0.7832838533333334,0.6624878
"Adieu 중구, 힐링의 밤",주 장르만 확정,한국음악,,0.99560119,0.17654029000000002,0.04579419
시흥시 송년음악회,판단 불가,,,0.9008701666666666,0.02742304176666667,0.001094336
공상페스티벌: 함께 꿈을 꾸다,주 장르만 확정,무용,,0.9990605866666668,0.28689756666666666,0.14927699
고양시 자원봉사자의날 기념행사,판단 불가,,,0.6482414646666667,0.005397559708000001,1.3330014e-05
"천안교육지원청, 쓰담쓰담 콘서트 [천안]",판단 불가,,,0.65242889,0.3761752233333333,0.20380543
송파 송년음악회,판단 불가,,,0.7742031166666666,0.012965680666666667,0.006398272
이금희와 함께하는 공감 토크콘서트 [김제],주 장르만 확정,한국음악,,0.9303448699999999,0.10102382833333334,0.07424371
"부산시립예술단 연합공연, 가마釜 뫼山",주 장르만 확정,한국음악,,0.9524431666666667,0.24831225666666668,0.2215846
경북대학교 신년음악회 [대구],주 장르만 확정,서양음악,,0.9996971733333333,0.008938088093333333,0.00025128428
광주상설공연 (1월),판단 불가,,,0.7184141666666667,0.67381673,0.51765853
꿈의 오케스트라 강릉: 소망과 꿈을 모아서,판단 불가,,,0.5398392666666667,0.15129228333333333,0.07469785
글로벌 인플루언서 엑스포 [고양],판단 불가,,,0.10495294100000001,0.00817431472,0.0003900714
세종국악심포니오케스트라 & 김경호의 아리랑목동 [무안],주 장르만 확정,한국음악,,0.9997671766666666,0.003041066766666666,0.0014992608
와따가따 가족극장 겨울축제 [서울 노원],판단 불가,,,0.19405248,0.10818853833333332,0.070550375
"김주원의 사색여정 with 반도네오니스트 고상지, 축제",조합 확정,,대중음악+무용,0.64123025,0.4443135866666667,0.33402446
"팀 퍼니스트, 트레인 블루스 Train Blues [광주]",주 장르만 확정,뮤지컬,,0.72027119,0.04855413783333334,0.0080178585
누모리 쇼 [논산],판단 불가,,,0.6462727,0.23410253,0.15203343
피아니스트 백채영 프로젝트 Vol. 2,주 장르만 확정,서양음악,,0.99065359,0.07439354617333332,0.00043528352
청소년 음악 페스티벌 [고창],주 장르만 확정,한국음악,,0.6324723433333334,0.25440707333333334,0.14738566
"평택시립국악관현악단, 평택시민과 함께하는 국악성가의 밤",판단 불가,,,0.6389343933333334,0.11152844933333333,0.051604748
고창 송년음악회,판단 불가,,,0.17733497833333334,0.10757720833333334,0.008055215
송년음악회 [논산],주 장르만 확정,서양음악,,0.9970119199999999,0.008072639099999999,0.004491646
서울아트랩 연말쌀콘: SAL-Vival,판단 불가,,,0.3536044133333333,0.079592968,0.05201117
"나태주 시인과 함께하는 시와 음악: 가장 아름다운 선물, 당신 [공주]",판단 불가,,,0.36891209,0.19247531533333337,0.028016146
"서린사랑의 작은음악회, The Identity: 너와 나의 정체성",판단 불가,,,0.9893089733333333,0.6455837966666667,0.15399499
알리 with 아듀 Concert [부산],주 장르만 확정,대중음악,,0.5644230666666666,0.04292941966666666,0.020364359
조선마술사 [광주],조합 확정,연극,연극+한국음악,0.9122687533333332,0.6671716333333334,0.6197676
오셀로: 소리의 심리학,주 장르만 확정,연극,,0.19572847000000002,0.07747045766666667,0.012295238
호두까기 인형 [화성],조합 확정,연극,서양음악+연극,0.9008379799999999,0.67215876,0.43781075
"크리스마스 이브 송년음악회: 사랑해요, 엄마! 콘서트 [포항]",주 장르만 확정,대중음악,,0.6975033116666668,0.007642601666666666,0.0022227396
엘림아트센터 크리스마스 콘서트: MUSIC & MAGIC,판단 불가,,,0.8351997866666667,0.2678348486666667,0.008350936
안산시 송년음악회 [안산],주 장르만 확정,대중음악,,0.9997076533333334,0.0013222716233333334,0.00043960277
"고영열 단독 콘서트, Jazz in 모리: 자진모리",판단 불가,,,0.8448056166666666,0.40407576,0.02864608
ICI-AVEC: 공명의 컨셉,주 장르만 확정,서양음악,,0.9537587533333333,0.00052141677,0.00025038005
"서울예술단 송년갈라, SPACon",주 장르만 확정,뮤지컬,,0.9638285999999999,0.22870763866666666,0.008086536
제3회 부산국제어린이청소년아트페어 개막식,판단 불가,,,0.9825690166666666,0.071657225,0.011568565
제야음악회 [대전],주 장르만 확정,서양음악,,0.9999151333333334,0.0006267924230000001,1.4974139e-05
"새해국악연: 청룡, 하늘을 날다",주 장르만 확정,한국음악,,0.9999998466666667,0.00023523406666666664,0.00014252085
"신년음악회, 뮤지컬 콘서트",판단 불가,,,0.29402643,0.014648703999999999,0.009170979
"신년음악회: 새로운 시작, 희망의 노래 [대구]",조합 확정,,서양음악+한국음악,0.8791846866666667,0.8186590366666667,0.71194035
"시선: si, Sonne!",판단 불가,,,0.7263140366666666,0.028175013933333336,0.0005947038
한몽예술교류전 [남원],판단 불가,,,0.38547035266666674,0.0006525123133333333,0.00026914562
뮤즈하모니 신년음악회: 팝페라 X 국악,주 장르만 확정,서양음악,,0.9999664933333333,2.7307053843333334e-05,4.1360153e-07
K-컬처 페스티벌 [평창],주 장르만 확정,대중음악,,0.9525561333333333,0.002305470223333333,0.00031615497
신년콘서트 [거창],주 장르만 확정,한국음악,,0.9633034833333335,0.2610834733333333,0.07132524
제3회 SA청소년오케스트라 정기연주회,판단 불가,,,0.42072109,0.03506632765666667,0.00039601777
"그림 읽어주는 베토벤, THE CONCERT: 그리스 로마 신화",주 장르만 확정,서양음악,,0.9880106666666667,0.16372445466666666,0.023125974
K-컬처 페스티벌 [강릉],판단 불가,,,0.4968338799999999,0.21858099333333333,0.13464472
USW 신년음악회,주 장르만 확정,서양음악,,0.9999391233333333,0.006061073692333333,5.3510717e-05
신년음악회 [보령],주 장르만 확정,대중음악,,0.6879960399999999,0.06497208933333333,0.012629902
신년음악회 [태안],주 장르만 확정,한국음악,,0.9992923166666667,0.005377928000000001,0.002008727
"청소년을 위한 음악과 클래식의 징검다리, 음악에 색을 입히다",주 장르만 확정,서양음악,,0.8799829633333333,0.014311967360000002,0.00032487258
"그림 읽어주는 베토벤, THE CONCERT [김천]",주 장르만 확정,서양음악,,0.9803042733333335,0.004753237701666667,9.4856805e-05
김동규와 함께하는 신년 음악회,주 장르만 확정,서양음악,,0.8394171566666667,0.14289698533333337,0.026334316
