공연명,장르명,세부장르명,출연진내용,제작진내용,기획제작사명,원작자명,극작가명,id
이정연댄스프로젝트: Lucid Dream Ⅱ,복합,다원/융복합,"이예진, 권민찬","이정연, 김진태, 현소영 등","한국문화예술위원회(주최), 이정연댄스프로젝트(제작사), 한양대학교 산학협력단(주관)",,,296844
최정주의 아트앤뮤직 큐레이션: 도시의 미술관 산책 I,복합,복합,최정주,,마리아칼라스홀(주최),,,368008
작은 모래가 들려주는 바다이야기: 인어공주 외,복합,다원/융복합,,,극단 상상마당컴퍼니(주최),,,598678
신년음악회 [군포],복합,복합,"장윤성, 김순영 등",,"(재)군포문화재단(군포문화예술회관)(주최), (사)군포프라임필하모닉오케스트라(주관)",,,629561
부채소녀,복합,복합,"김보림, 한진수, 이다미, 이근재, 김은영, 박한결, 이지혜 등","정미선, 윤현진, 김윤진 등",NMK 한국으로부터의 새로운 음악(주최),,,671974
코미디 애니멀 쇼 [인천],복합,복합,,,아띠홀(주최),,,913387
"＃의정부아트스테이지, 걱정말아요 그대",복합,복합,"이지연, 오기석, 신민정, 송민수, 한아름, 이상희, 김용환 등",,"(재)의정부문화재단 (의정부예술의전당)(주최), (재)의정부문화재단 (의정부예술의전당)(주관)",,,960927
Sonic Illusion,복합,다원/융복합,,,"한국멀티미디어음악학회(주최), 계명대학교(주최)",,,1051764
최정주의 아트앤뮤직 큐레이션: 도시의 미술관 산책 Ⅱ,복합,복합,최정주,,마리아칼라스홀(주최),,,1070417
대구문화예술회관 새해희망콘서트,복합,복합,"이현창, 이화영, 이병삼, 이미연, 백나현, 김수동, 임형석 등",,대구문화예술회관(주최),,,1116912
천막극장,복합,복합,,,"대구광역시 서구문화회관(주최), 대구광역시 서구문화회관(주관)",,,1156459
코미디 애니멀쇼 [의정부],복합,복합,,,극단 상상마당컴퍼니(주최),,,1420270
"대전문화예술지킴이 감사콘서트, 제4편 그리운 그대여",복합,복합,"박지혜, 지현아, 박세환, 이상미, 조병주, 강지연, 조하나 등",,"대전문화예술지킴이(주최), 대전문화예술네트워크(주최), 지오엠미디어(주관)",,,1905360
최정주의 아트앤뮤직 큐레이션: 도시의 미술관 산책 Ⅲ,복합,복합,최정주,,마리아칼라스홀(주최),,,2008403
다크필드: FLIGHT,복합,다원/융복합,,"서미정, 김희수 최영은 등",(재)우란문화재단(주최),,,2087058
"통영국제음악제, 디어 루나",복합,복합,"김주원, 이승현, 이소정, 김윤아, 윤홍천, 한예리, 정미조 등","김주원, 김택수, 최수진 등","(재)통영국제음악재단(주최), 통영시(주관), (재)통영국제음악재단(주관), 통영시(주최)",,,2129763
"통영국제음악제, 이날치",복합,복합,"권송희, 신유진, 안이호, 이나래, 장영규, 정중엽, 이철희",,"(재)통영국제음악재단(주관), 통영시(주최), (재)통영국제음악재단(주최), 통영시(주관)",,,2390751
라이온킹외 친구들 [안산],복합,다원/융복합,,,,,,2429574
비올라 tuitti와 가야금의 FOREST SOUNDS,복합,복합,"유예슬, 박달님, 김단비, 정다솜, 김진아, 엄지유, 임송이 등",,(재)우진문화재단(주최),,,2541205
코미디애니멀쇼 [부천],복합,복합,,,키즈플러스(주최),,,2703812
"춘천시립합창단 어린이음악회, 친구야노올자: 콩쥐팥쥐",복합,복합,"임창은, 최은혜, 노효정, 김현애, 오창균, 박광석, 조용원 등","양홍주, 김명주 등","춘천시립예술단(주최), 춘천시청(주최), (재)춘천문화재단(주최)",,,2888852
"안산시립예술단 기획공연, 목요보노음악회",복합,복합,,,"안산시청(주최), 안산시립예술단(주관)",,,2892229
청산 The 그리다,복합,복합,"이밝음, 유성희, 황가연, 박한결, 조성일, 채승웅",,,,,2954220
"한국음악, 여섯 개의 길로 떠나는 음악여행 레게, 판소리를 만나다",복합,복합,김율희 등,,"광주광역시 북구(주최), 광주북구문화센터(주관)",,,3237824
Body ＆ Voice [인제],복합,복합,,,"(재)인제군문화재단(주최), (재)인제군문화재단(주관), Brassonit(주관)",,,3308562
"더 뉴바로크 컴퍼니, 세계의 조화 21",복합,다원/융복합,"최현정, 이한솔, 장유진, 전현호, 아렌트 흐러스펠트, 장정권, 박성민",,더뉴바로크컴퍼니(주관),,,3330717
최정주의 아트앤뮤직 큐레이션: 도시의 미술관 산책 Ⅳ,복합,복합,최정주,,마리아칼라스홀(주최),,,3432079
"해설이 있는 11시콘서트, 블랙스트링 [천안] (4월)",복합,복합,오유석 등,,(재)천안문화재단(천안예술전당)(주최),,,3432824
"K-Brunch Concert, 우리의 아침을 여는 한국음악: 첼로가야금 [대전]",복합,복합,"이정훈, 천지윤, 안은경, 김효영, 신주희, 김솔다니엘 등",,"대전시립연정국악원(주최), 대전국악방송(주최), 대전시립연정국악원(주관)",,,3434131
"리버사이드앙상블, 유니크와 샌드아트가 들려주는 어린왕자 이야기",복합,다원/융복합,"정지은, 김다솜, 오성준, 최은하, 조유미, 강병곤, 오현택 등",,경상남도문화예술회관(주최),,,3456301
"더 H 콘서트, 크로키키 브라더스X림스타악기앙상블 [화성]",복합,다원/융복합,,,"(재)화성시문화재단(주관), (재)화성시문화재단(주최)",,,3474695
이국정원,복합,다원/융복합,"박시원, 서현우, 김기창, 손현정, 나미희, 박영수 등",,"예술의전당(주최), (주)포도(주최)",,,3491115
"금욜로 시리즈, 첼로가야금 [포항]",복합,복합,"김 솔 다니엘, 윤다영",,(재)포항문화재단(주관),,,3528265
"ACC 창제작 어린이공연, 괴물 연을 그리다",복합,복합,"김보희, 김지애, 이원선, 최재형","이미희, 이보람, 서찬빈 등","아시아문화원(제작사), 문화예술교육 더베프(제작사)",,,3609262
코미디 애니멀 쇼 [구로],복합,복합,,,주니엔터테인먼트(주최),,,3611321
"샌드애니메이션, 동물의사육제 [의정부]",복합,다원/융복합,,,극단 상상마당컴퍼니(주관),,,3611405
봄내려온다,복합,복합,"강지예, 김경목, 김은비, 문인주, 손온유, 유낙원, 이대한 등","이광현, 이춘설희, 손온유 등","GLC컴퍼니(지엘씨컴퍼니)(주관), 퓨리파이(주최)",,,3654096
한웅원밴드 With 유태평양 [충주],복합,복합,"한웅원, 유태평양 등",,"문화체육관광부(주최), 한국문화예술회관연합회(KoCACA)(주관), 충주시문화회관(주관)",,,3710668
"SETUP 202, 당클매다",복합,다원/융복합,,"고동욱, 김준보, 김상완, 양이삭","(재)국립극단(주최), EASThug(제작사)",,,3714626
출범기념 오프닝 콘서트 [경기 광주],복합,복합,"장영규, 박준철, 이철희, 권송희, 신유진, 안이호, 이나래 등",,"(재)광주시문화재단 [경기광주](주최), (재)광주시문화재단 [경기광주](주관)",,,3785309
PICAS와 함께하는 어린이날 그림동화 음악회 Ⅷ,복합,복합,"윤혜경, 황지수, 최영진, 백혜원, 서의철, 황윤희, 임정철 등",,"이든예술기획(주관), 피카스(PICAS)(주최)",,,3857294
"영화의전당 개관 10주년 기념, 라이브 더빙쇼: 이국정원 [부산]",복합,다원/융복합,"박시원, 이수안, 서현우, 손현정, 나미희, 박영수",,"(재)영화의전당(주최), 한국영상자료원(주최), 문화상회 노닥(주관)",,,3983417
크로이처 소나타,복합,복합,"황건, 일리야 라쉬코프스키 등",황건,강동문화재단(강동아트센터)(주최),,,3984766
박애리와 함께하는 무브먼트 코리아3,복합,다원/융복합,박애리 등,,"(재)행복북구문화재단(어울아트센터)(주관), 광개토사물놀이예술단(주관), 한국문화예술회관연합회(KoCACA)(주최)",,,4027480
김영임 & 김용임과 함께하는 희희낙락 [통영],복합,복합,"김영임, 김용임, 고금성, 전영랑",,"통영시(주관), (주)공감엔피엠(주관)",,,4071011
갈라쇼 [대전],복합,복합,"최정원, 김혜원, 신주형, 김호준, 변재흥, 박수진, 임유 등",,아트피플컴퍼니(주최),,,4130861
탈피 [인천],복합,복합,"권순민, 이소산, 김기태, 양동환, 김미르, 손힘찬 등","임현태, 오수현, 고혜수 등","(재)인천광역시 부평구문화재단(부평아트센터)(주최), 부평문화사랑방(주관)",,,4205589
"요즘예술, 경기도극단 & 경기필하모닉오케스트라",복합,복합,정나라 등,"한태숙, 김정","경기아트센터(주최), 경기아트센터(주관)",,,4207106
생상스의 동물의 사육제 [화성],복합,다원/융복합,"이희주, 이정연, 신하준, 김정훈, 이예솔, 오승규, 박병준 등","김승민, 남다혜, 최혜진 등","스피리또(주관), 스피리또(주최)",,,4361214
대동춤Ⅱ,복합,복합,"추현탁, 이민형, 조아라, 조다솜, 유선후, 박솔지, 정민지 등","김상연, 노상민, 남경식 등",,,,4364083
"교육가족 공감 콘서트, 쉼",복합,복합,"이경구, 배다해, 한혜진, 김의형 등",,인천학생교육문화회관(주최),,,4524908
둥글고 둥글게 [부산],복합,복합,"장민승, 정재일",,"(재)영화의전당(주최), (재)영화의전당(주관), 한국영상자료원(주최), 한국영상자료원(주관)",,,4561400
해피콘서트 [군포],복합,복합,"박상우, 하윤주, 방수미, 고은영, 박희재, 백승욱 등",,"(재)군포문화재단(군포문화예술회관)(주최), 세종국악심포니오케스트라(세종국악관현악단)(주관)",,,4645812
쇼그맨 [밀양],복합,복합,"박성호, 김재욱, 이종훈, 김원효, 정범균",,"(재)밀양문화재단(주관), (재)밀양문화재단(주최)",,,4667077
나태주와 함께하는 LED 비바츠태권발레 [철원],복합,다원/융복합,나태주 등,,철원군(주최),,,4764012
스쿨 온 스테이지,복합,복합,"안헌영, 강민정, 하지희, 주윤정, 김보은, 이주헌, 전학수 등",,"(재)부산문화회관(주최), (재)부산문화회관(주관)",,,4795958
최정주의 아트앤뮤직 큐레이션: 도시의 미술관 산책 Ⅴ,복합,복합,최정주,,마리아칼라스홀(주최),,,4796030
"네버랜드 in 군포 Ⅰ, 동화 읽어주는 콘서트: 방귀며느리",복합,복합,"장예리, 정열, 이경구, 유병욱, 허윤, 박가영","배새암, 유보민, 송인석 등","(재)군포문화재단(군포문화예술회관)(주관), (재)군포문화재단(군포문화예술회관)(주최)",,,4796389
가야금 & 클래식 현(絃)의 풍류 [안동],복합,복합,,,"안동문화예술의전당 (평생학습원)(주최), 안동문화예술의전당 (평생학습원)(주관)",,,4822860
"트라이보울 시리즈, 우기부기",복합,복합,,,"예술공간 트라이보울(주관), 예술공간 트라이보울(주최), 인천광역시(주최), 인천광역시(주관), (재)인천문화재단(주최), (재)인천문화재단(주관)",,,4823815
"서현진과 함께하는 브런치 콘서트, 춤출까요? [인천] (5월)",복합,복합,"서현진, 정민호, 전현호, 최윤정, 강지연, 임샛별, 정건 등","제환정, 손일훈, 이다혜 등","(재)인천광역시 부평구문화재단(부평아트센터)(주관), (재)인천광역시 부평구문화재단(부평아트센터)(주최)",,,4842777
디스 이즈 잇 [김제],복합,다원/융복합,,,"김제시(김제시청)(주관), 한국문화예술회관연합회(KoCACA)(주관), 문화체육관광부(주최)",,,4898329
콜링,복합,복합,"김주현, 백유진, 진여준, 박성준, 이수진, 김수영, 강금화 등",,나래아트컴퍼니(기획사),,,5082671
재즈보컬 나혜영과 함께하는 시네마 뮤직 콘서트,복합,복합,"나혜영, 이미영, 김성수, 임주헌, 이인관, 조신일, 김경미 등","김상원, 정경은, 이경우 등","(재)노원문화재단(주관), (재)노원문화재단(주최)",,,5287049
피트정 초상화 Pete Jung Portrait,복합,다원/융복합,"피트정, 이미영, 안원석, 김영준, 김종훈",,"피트정컴퍼니(주최), 피트정컴퍼니(주관)",,,5396386
최정주의 아트앤뮤직 큐레이션: 도시의 미술관 산책 Ⅵ,복합,복합,최정주,,"(주)알피제이아트헤이스(주최), (주)알피제이아트헤이스(기획사)",,,5674912
"서현진과 함께하는 브런치 콘서트, 춤출까요? [인천] (6월)",복합,복합,"서현진, 김재원, 박강현, 이호찬, 박예은, 하지석, 한대교 등","제환정, 손일훈","(재)인천광역시 부평구문화재단(부평아트센터)(주관), (재)인천광역시 부평구문화재단(부평아트센터)(주최)",,,5725481
무한열전 [대구],복합,복합,김대산 등,,"(주)꿈꾸는씨어터(주최), (주)꿈꾸는씨어터(주관), 주니엔터테인먼트(주관), 프리뮤직밴드 몰랑(주관), 트래덜반(주관)",,,6094265
아직 가 닿지 못한 그곳 찬란한 벌판,복합,복합,"이산, 서경선, 권이은정, 김하람, 이륜화, 최김지정, 천샘 등","이산, 서경선, 천샘 등","오후의 예술공방(주최), by윤슬(주관)",,,6102354
미디어아트와 함께하는 포에트리 콜라보 음악회: 동주와 재하의 밤은 어둡지 않다 [고양],복합,다원/융복합,"서동진, 이희주, 김세환, 임덕수, 이정연, 이성구, 박종인 등",,"(주)제이케이앤컴퍼니(JKNCompany)(주관), (주)제이케이앤컴퍼니(JKNCompany)(주최)",,,6102494
JAZZ에 빠진 영화 OST 그리고 탭댄스 [김제],복합,복합,,,"문화체육관광부(주최), 김제시(김제시청)(주관), 한국문화예술회관연합회(KoCACA)(주관)",,,6110213
"공연으로 떠나는 세계여행, 아르헨티나",복합,복합,"이인경, 길태호, 김다솔, 장새봄, 박윤수, 김초롱",,"문화체육관광부(주최), 한국문화예술회관연합회(KoCACA)(주관), 남양주시청(주관)",,,6176326
KKun in 용인 페스티벌: 국악과 재즈의 만남,복합,복합,"조윤성, 김효영, 전창민, 신동진, 한다혜, 안승현 등",조윤성,"한국문화예술회관연합회(KoCACA)(주최), (재)용인문화재단(주관)",,,6288065
Spanish Heart,복합,복합,"민선재, 윤보영, 양보나, 최영민 등",,(주)샤콘느(주최),,,6670914
이국정원 [인천],복합,다원/융복합,"박시원, 이수안, 김기창, 손현정, 나미희, 박영수",,(재)인천광역시 부평구문화재단(부평아트센터)(주최),,,6741874
오정해·유태평양과 함께하는 한여름밤의 콘서트 [대구],복합,복합,"김현호, 유태평양, 홍혜림, 조대철, 오정해, 엄선민, 김신오 등","박연성, 정태민, 서보완 등","대구학생문화센터(주최), 영남국악관현악단(주관)",,,6750806
찰리채플린과 폴리의 라이브스크린 [대전],복합,다원/융복합,"양왕열, 최유석, 고길영, 이기명, 황성범, 성철모",,"공연기획피움(주관), 퓨전퍼커션밴드 폴리(주최)",,,7153533
제15회 현대음악앙상블 뉴던 정기연주회,복합,복합,"허정인, 강나영, 이상미, 유현문, 함솔희, 황진하, 류방열 등","설나라, 허윤성, 강나영 등","현대음악앙상블 뉴던 (New Dawn)(주최), 현대음악앙상블 뉴던 (New Dawn)(주관)",,,7418920
"여우락 페스티벌, Deep Sea Creatures",복합,다원/융복합,"박혜인, 노상호 등",,"국립극장(주최), 국립극장(주관)",,,7438236
최정주의 아트앤뮤직 큐레이션: 도시의 미술관 산책 Ⅶ,복합,복합,최정주,,마리아칼라스홀(주최),,,7667689
한낮의 유U;콘서트 (7월),복합,복합,"곽유평, 장주희, 정선호, 전아라, 한호승, 박상아, 송도환 등",,"(재)영화의전당(주최), (재)영화의전당(주관), 한국문화예술회관연합회(KoCACA)(주최), 한국문화예술회관연합회(KoCACA)(주관), (주)국제신문(주최), (주)국제신문(주관), 유성재즈악단(주최), 유성재즈악단(주관)",,,7668933
LED 비바츠 태권발레,복합,다원/융복합,,,"한국문화예술회관연합회(KoCACA)(주최), 함안군(주최), 함안문화예술회관(주관), 비바츠예술매니지먼트(주관)",,,7928350
무령 (7.24),복합,복합,,"박승희, 황호준, 김유미 등","공주시청(주최), 공주시충남연정국악원(주관)",,,7995989
무령 (7.25),복합,복합,,"박승희, 황호준, 김유미 등","공주시청(주최), 공주시충남연정국악원(주관)",,,8105174
자스무지쿠스 정기연주회 [대전],복합,복합,"조진웅, 박찬모, 김경희, 정유하, 하지욱, 한재현",,"자스 무지쿠스(주최), 자스 무지쿠스(주관)",,,8264712
"경기도예술단원 창작무대, Spero Spera: 마마 [수원]",복합,복합,"강구철, 국철민, 길준섭, 박성욱, 서동희, 손승주, 송다민 등","서동희, 손승주, 박성욱 등","경기아트센터(주관), 경기아트센터(주최)",,,8411884
"봉포유 렉처스테이지 I, 김설진X토리스 [대구]",복합,복합,"김설진, 곽동현, 백현호, 견두리, 이신예, 최홍석",,"봉산문화회관(주관), 한국문화예술회관연합회(KoCACA)(주최), 봉산문화회관(주최)",,,8890637
8월 토마토,복합,복합,,,,,,9018094
희망화원 [수원],복합,다원/융복합,"강구철, 국철민, 백선주, 이규석, 이예나, 이용문, 장지현 등","하수민, 채명신, 조승현","경기아트센터(주최), 경기아트센터(주관)",,,9067689
클림트 & 뮤직 콘서트 [익산],복합,다원/융복합,"정우철, 박진우, 김재원, 석현수",,"한국문화예술회관연합회(KoCACA)(주최), 익산예술의전당(주관), (주)앰버린(주관)",,,9251210
Blooming Space,복합,다원/융복합,"배진일, 이은정, 김민지, 최시원, 남선희, 윤혜수, 배상은","김명숙, 노현주, 이재형 등",김명숙 늘휘무용단(주최),,,9364516
박애리와 함께하는 무브먼트 코리아 3 [부산],복합,복합,박애리 등,,"금정문화회관(주관), 광개토사물놀이예술단(주관), 한국문화예술회관연합회(KoCACA)(주최)",,,9611930
"온쉼표, 국악 플라잉 퍼포먼스: 하루 (8월)",복합,복합,"정성태, 권해원, 김소희, 이수윤, 박수연, 박용호, 서상현 등","김경록, 강상구, 심주영 등",(재)세종문화회관(주최),,,9616066
최정주의 아트앤뮤직 큐레이션: 도시의 미술관 산책 Ⅷ,복합,다원/융복합,최정주,,마리아칼라스홀(주최),,,9872805
문화보물선을 만나러 가자,복합,복합,,,"예산군청(주최), 예산문화원(주관)",,,10108071
춘천문화예술회관 기획공연 (패키지),복합,복합,"최정원, 민경아, 박건형, 최재림, 김영주, 김경선 등",,,,,10128190
비바츠태권발레 [광양],복합,다원/융복합,,,"광양문화예술회관(광양시청)(주최), 한국문화예술회관연합회(KoCACA)(주최), 비바츠예술매니지먼트(주관)",,,10471565
"수봉IN꿈노리, 뮤직트립",복합,복합,,,"(사)한국예총 인천광역시연합회 인천예총(인천수봉문화회관)(주관), (사)한국예총 인천광역시연합회 인천예총(인천수봉문화회관)(주최)",,,10487291
"봉포유 렉처스테이지 II, 최석민 무용단X프렐류드 [대구]",복합,복합,"최석민, 고희안, 최진배, 리차드 로, 한웅원 등",,"봉산문화회관(주관), 한국문화예술회관연합회(KoCACA)(주최), 봉산문화회관(주최)",,,10529894
"아리랑, 택견과 만나다 [수원]",복합,복합,,,"수원시청(주최), (재)수원문화재단(주관), 발광엔터테인먼트(주관)",,,10566330
음악이 춤을추다 [대전],복합,복합,"김미현, 이지현, 장수지 등","서형원, 정우인, 한지용 등",대전시립연정국악원(주최),,,10726144
"제13회 DMZ국제다큐멘터리영화제, Docs on STAGE",복합,다원/융복합,"임지영, 박영성, 권지우, 김가은, 박혜림, 송해, 나태주 등","정민승, 정재일",DMZ국제다큐멘터리영화제(주최),,,10741765
드림스테이지 [김포],복합,복합,,,"(재)김포문화재단(주관), (재)김포문화재단(주최)",,,10848085
No Frame,복합,다원/융복합,"채진솔, 도로시, 박우성 등","채진솔, 도로시, 구본승 등","후용공연예술센터(기획사), 후용공연예술센터(주최)",,,10868350
The Magic 팬텀&퀸 [안산],복합,복합,"안세권, 김동현, 유성녀, 최형배 등",김봉미,"(사)베하 필하모닉 오케스트라(주최), (사)베하 필하모닉 오케스트라 통합(주최), 메이딧아트(주관)",,,10991328
젊은 예술가 초청 시리즈,복합,복합,"김정은, 이정은, 김태리, 이고은, 김상우, 이성재, 이수연 등",,"소극장 산울림(주최), 소극장 산울림(주관), 극단 산울림(주최), 극단 산울림(주관)",,,11531602
제32회 백제가요 정읍사문화제,복합,복합,"김용임, 강문경, 방서희 등",,"정읍시청(연지아트홀)(주최), 정읍사예술회관(주관)",,,11554869
성희승 별별 이야기,복합,다원/융복합,성희승,,"경기아트센터(주최), 경기아트센터(주관)",,,11631734
Drawing and POP [김제],복합,다원/융복합,,,"문화체육관광부(주최), 김제시(김제시청)(주관), 한국문화예술회관연합회(KoCACA)(주관)",,,11670763
김영임 & 김용임과 함께하는 희희낙락 [용인],복합,복합,"김영임, 김용임, 고금성, 최예림",,"(재)용인문화재단(주관), 한국문화예술회관연합회(KoCACA)(주최)",,,11709476
화려한 조명이 나를 비출 때 [안산],복합,복합,,,"(재)안산문화재단(안산문화예술의전당)(주최), (재)안산문화재단(안산문화예술의전당)(주관)",,,11752656
스토킹,복합,다원/융복합,"김현민, 홍지원, 권효정, 김하늘, 경찬솔, 손승욱, 백승훈 등","조인기, 신호철, 김하늘 등","극단 이인공감(주관), 극단 이인공감(주최)",,,11756216
벽을 뚫고 나온 꽃 [계양],복합,복합,,,"계양문화회관(인천광역시 계양구청)(주관), 한뫼국악예술단(주관), 한국문화예술회관연합회(KoCACA)(주최)",,,11925112
아트로드 [용인],복합,복합,,,"(재)용인문화재단(주최), (재)용인문화재단(주관)",,,11945375
마디와 매듭 쇼케이스,복합,복합,"박기량, 김단우, 장서이, 김정수, 한지향, 김나리, 김무빈 등","배삼식, 최우정, 정영두","아시아문화원(제작사), 국립아시아문화전당(주최), 아시아문화원(주최), 국립아시아문화전당(주관), 아시아문화원(주관)",,,12015120
같은공간 다른시간 [수원],복합,다원/융복합,신미리 등,,"경기아트센터(주최), 경기아트센터(주관)",,,12082911
"안동문화예술의전당 브런치콘서트, 레젤 트리오: 여인의 향기 (10월)",복합,복합,"김재원, 최정현, 장우리, 김동우, 정승희",,"안동문화예술의전당 (평생학습원)(주관), 안동문화예술의전당 (평생학습원)(주최)",,,12104785
"제60회 탐라문화제, 개막식",복합,복합,,,"제주특별자치도(주최), 한국예총 제주특별자치도연합회(주최), 탐라문화제추진위원회(주관)",,,12115441
"제60회 탐라문화제, 회원단체 공연",복합,복합,,,"한국예총 제주특별자치도연합회(주최), 제주특별자치도(주최), 탐라문화제추진위원회(주관)",,,12141659
두개의 눈,복합,다원/융복합,,,,,,12264127
별 헤는 밤 빼앗긴 들에서 꽃처럼 침묵을 깨다 [세종],복합,복합,"조광석, 정은혜, 홍정윤, 김민지, 윤설미, 정영란, 현은서 등",,"문화체육관광부(주최), (사)공명(주관), (사)국어문화원연합회(주관)",,,12309055
"제60회 탐라문화제, 시상식 및 폐막공연",복합,복합,양지은 등,,"한국예총 제주특별자치도연합회(주최), 제주특별자치도(주최), 탐라문화제추진위원회(주관)",,,12337712
Change Of Season 7,복합,복합,"박혜경, 최재호, 이유청, 하민우, 배형빈, 김다영, 한담희 등","황미숙, 조주원, 이현규 등",퍼포먼스그룹153(주최),,,12412523
MASK TOWEL DANCE for Orchestra,복합,복합,"김윤진, 권윤경, 한예진, 김주은, 손보리, 신유진, 유연주 등","정미선, 김세정, 이가영","NMK 한국으로부터의 새로운 음악(주최), 현대문화기획(주관)",,,12526373
친정엄마와 함께 감정 분리수거 [수원],복합,복합,"김용현, 함서율, 서지아, 김다예, 윤진웅, 조성태, 이재현",,"경기아트센터(주관), 경기아트센터(주최), 별난극단(제작사)",,,12530918
타파21,복합,복합,,,,,,12604906
"SPAF, 나는 그가 무겁다",복합,다원/융복합,윤종연,윤종연,"(재)예술경영지원센터(주관), 한국문화예술위원회(주최), (재)예술경영지원센터(주최)",,,12619046
"토요 브런치 콘서트, Arts Combi [김포]",복합,다원/융복합,"김기경, 윤보애, 플리에 아트, 강천일, 김영은, 이서윤, 주희정 등",,"(재)김포문화재단(주최), (재)김포문화재단(주관)",,,12631399
와일드 와일드,복합,복합,,"오준석, 최용진, 정석봉 등",,,,12684170
프로코피에프의 음악동화: 피터와 늑대 [부산],복합,다원/융복합,,,"영도문화예술회관(주최), 영도문화예술회관(주관), 미래필하모니오케스트라(주최), 미래필하모니오케스트라(주관)",,,12849418
세종의 꿈: 스물여둟짜랄의 신비,복합,복합,,"박순희, 김권섭, 김성민 등",(주)문화공감공존(주최),,,12864333
나태주와 함께하는 신세계판타지,복합,다원/융복합,나태주 등,조윤혜,"비바츠예술매니지먼트(주최), 비바츠예술매니지먼트(주관), 비바츠예술매니지먼트(제작사), 비바츠예술매니지먼트(기획사)",,,13006004
"The ART SPOT Series, 공간이 만든 공간",복합,복합,"황민왕, 이아람, 최인환, 김민영, 안정아, 유현준",,"(재)전통공연예술진흥재단(주최), 뮤지엄 SAN(주관)",,,13019734
명화 배달부,복합,복합,"도재혁, 민채홍, 한기태, 남강우, 강태훈, 박상수, 김형우 등","민채홍, 박검, 박서이 등",,,,13039963
이국정원 [김포],복합,다원/융복합,,,"(주)이앤에이그룹(주관), (재)김포문화재단(주최), 한국영상자료원(주최)",,,13071756
IMAGE of MUSIC 이은결 Ⅹ 조재혁 [안동],복합,다원/융복합,"이은결, 조재혁",,"안동문화예술의전당 (평생학습원)(주최), 안동문화예술의전당 (평생학습원)(주관)",,,13214894
THE 하랑콘서트: 끄적끄적,복합,복합,,,,,,13391863
"서현진과 함께하는 브런치 콘서트, 춤출까요?: 광기, 무섭도록 아름다운 [인천]",복합,복합,서현진,"제환정, 손일훈","(재)인천광역시 부평구문화재단(부평아트센터)(주최), (재)인천광역시 부평구문화재단(부평아트센터)(주관)",,,13433572
갈매기의 꿈 [계룡],복합,다원/융복합,,,"계룡시청(주최), (사)한국힙합문화협회 중앙회(주관), (사)한국힙합문화협회 충남지회(주관)",,,13448146
월드뮤직그룹 공명 & 비보이 & 전통무용의 콜라보 콘서트,복합,복합,"강선일, 박승원, 송경근, 임용주, 고성주, 김차돌, 김슬기 등",,"한국문화예술회관연합회(KoCACA)(주최), 김천시문화예술회관(주관)",,,13522595
문화를 꿈꾸며 삶을 노래하며,복합,복합,"김세은, 김성현, 고민수, 이정우, 강정은, 김경아, 이다연 등",,"서귀포예술의전당(주관), 서귀포예술의전당(주최)",,,13654355
"플러스: 강권순X송홍섭 앙상블, 이희문과 프렐류드",복합,복합,"강권순, 송홍섭, 서수진, 박은선, 이희문, 고희안, 최진배 등",,국립국악원(주최),,,13905632
With CAD,복합,복합,"홍승현, 윤대웅, 오승우, 이은빈, 이재경, 강현채, 여성은 등",,"무용협동조합연합회(주최), 무용협동조합연합회(주관)",,,13918605
1687,복합,복합,"추세령, 김승현, 김민지, 강대현 등","안상화, 김채린, 지석영 등","댄스무아(DanceMUA)(주최), 댄스무아(DanceMUA)(주관)",,,13923551
풍문속으로 사라진 꾼들: IT를 입고 부활하다 [부산],복합,다원/융복합,"이영주, 오장욱, 김인기, 김영진, 구본진, 전민규, 박진성 등",박준영,"페트라 아트 랩(주최), 페트라 아트 랩(주관)",,,13938011
더 쉐도우 [수원],복합,다원/융복합,"임하람, 이정현, 양시온, 김유희, 신유진, 정회훈","여성구, 박종화, 이상윤 등","매직플레이(제작사), 경기아트센터(주최)",,,13942710
김영임 & 김용임과 함께하는 희희낙락 [보령],복합,복합,"김영임, 김용임, 고금성, 전영랑",,"보령시청(주관), 한국문화예술회관연합회(KoCACA)(주최)",,,13956990
동물의 사육제 [의정부],복합,복합,,,극단 상상마당컴퍼니(주최),,,14056104
중구 어린이와 함께하는 코로나 극복 희망콘서트 1부,복합,복합,이상돈 등,,"인천광역시 중구청(주최), 인천광역시 중구청(주관)",,,14062311
처음인 오늘,복합,복합,,,"세겹줄누리(주최), 세겹줄누리(주관)",,,14135299
중구 어린이와 함께하는 코로나 극복 희망콘서트 2부,복합,복합,,,"인천광역시 중구청(주최), 인천광역시 중구청(주관)",,,14144350
IMAGE of MUSIC 이은결 Ⅹ 조재혁 [의정부],복합,복합,"이은결, 조재혁","구봉관, 정아람, 박웅 등","(재)의정부문화재단 (의정부예술의전당)(주최), (재)의정부문화재단 (의정부예술의전당)(주관)",,,14373919
쇼팽: 음악적 독립투사 이야기,복합,복합,"김기경, 황기석, 박경주 ,신현묵",,,,,14485947
음악에 날다 [고양],복합,복합,,,"예술기획 파홀로(주관), 제비회(주최)",,,14491118
가무악 길 [세종],복합,다원/융복합,"인현정, 임성해, 김보경, 최여진, 강연지, 병가온, 지유진 등","조성환, 김영덕 등",유진예술기획(주최),,,14506499
리듬 오브 코리아 [함양],복합,복합,,,"문화체육관광부(주관), 한국문화예술회관연합회(KoCACA)(주관), 한국문화예술위원회(주관), 함양군(주관), 진조크루(주관), 문화체육관광부(주최), 한국문화예술회관연합회(KoCACA)(주최), 한국문화예술위원회(주최), 함양군(주최), 진조크루(주최)",,,14639007
천문대에 피아노가 떨어졌다,복합,다원/융복합,"김록운, 지웅배, 천윤수",,아트에이드융합예술연구소(주최),,,14688690
미스테리우스 [해남],복합,복합,,,해남문화예술회관(주최),,,15019664
KBS진주방송국과 함께하는 윤지원의 렉쳐콘서트,복합,다원/융복합,"윤지원, 정용도, 하범석, 윤종수, 전유정, 김대호, 홍찬미 등",,"아트컴플렉스(주관), KBS 진주방송국(주최)",,,15048442
클림트&뮤직 콘서트 [음성],복합,다원/융복합,"정우철, 박진우, 김재원, 석현수",,"한국문화예술회관연합회(KoCACA)(주최), 음성군청(주관), (주)앰버린(주관)",,,15064716
천문대에 피아노가 떨어졌다 [선릉],복합,다원/융복합,"김록운, 지웅배, 천윤수",,아트에이드융합예술연구소(주최),,,15187100
삼성현 열린 가족콘서트 [경산],복합,복합,"윤희식, 신유식 등",,"삼성현역사문화공원(주관), 경산시청(주최)",,,15208350
클래식 샌드아트와 함께하는 나의 소원은,복합,다원/융복합,"김아진, 김하린, 박성신, 김지연, 구태완, 방휘, 임병욱 등",,"부평필하모닉 오케스트라(주최), 부평필하모닉 오케스트라(주관)",,,15238466
바람은 소리없이.. 두번째 이야기: 자유의 초상,복합,복합,,,,,,15327690
"서현진과 함께하는 브런치 콘서트, 춤출까요?: 우리 안의 아이에게, 호두까기 인형 [인천]",복합,복합,서현진,"제환정, 손일훈","(재)인천광역시 부평구문화재단(부평아트센터)(주최), (재)인천광역시 부평구문화재단(부평아트센터)(주관)",,,15648095
열린음악회 [창녕],복합,복합,"박옥경, 배진아, 유희연, 구태진, 박민호, 최준우, 정진순 등",,"문화체육관광부(주최), 한국문화예술회관연합회(KoCACA)(주관), 창녕군청(창녕문화예술회관)(주관)",,,15658648
제5회 대구국제컴퓨터음악제,복합,다원/융복합,,,다매체예술단 ARS(주최),,,15719181
그림자극으로 만나는 비발디의 사계 [울산],복합,다원/융복합,,,"한국문화예술회관연합회(KoCACA)(주최), 울산광역시 중구문화의전당(주관)",,,15877462
눈으로 보이지 않는 마음의 소리 [의정부],복합,복합,"박선기, 도희선, 정한나, 이규철, 이정현, 김형걸, 김은애 등",,(재)의정부문화재단 (의정부예술의전당)(주최),,,15905411
Color of winter,복합,다원/융복합,,,,,,16364782
시시딱딱,복합,다원/융복합,"이동준, 장주희, 박슬종, 정지현, 이동준, 유재영, 안혜진 등","이동준, 유재헌, 이정현 등","(주)라이브아레나(주관), (주)라이브아레나(기획사), (주)라이브아레나(제작사)",,,16701907
하나카드와 함께하는 예술기부 스페셜 콘서트: Dear.Me : 친애하는 나에게,복합,복합,"김주원, 정영재, 김현웅, 한상일, 박윤우 등","김성훈, 정윤민",예술의전당(주최),,,16739908
무용詩 낭송회 [춘천],복합,복합,"김다솔, 박용우, 김아론, 김주영, 조윤영, 윤애람, 권교혁 등","윤혜정, 전상영, 강상민 등","강원도청(주최), 강원도립무용단(주관)",,,16913774
미스테리우스 [인천],복합,다원/융복합,"권순민, 차현성, 여인규, 문진홍, 김동현, 김경민, 권태성 등","이종민, 박종훈, 김현섭 등","한국문화예술회관연합회(KoCACA)(주최), (재)인천서구문화재단(주최), 구니스컴퍼니(더구니스 크루)(주최)",,,16921483
"제33회 고양행주문화제, 행주 코로나19 국난극복 여민락 콘서트 [아람누리]",복합,복합,"김진산, 송영주, 한상원, 박승화, 정수라 등",,"고양시청(주최), (재)고양문화재단(주관), 고양문화원(주관)",,,16942916
"제33회 고양행주문화제, 행주 코로나19 국난극복 여민락 콘서트 [어울림누리]",복합,복합,"김주영, 김효영, 조윤성, 최우준, 홍서범, 박강성 등",,"(재)고양문화재단(주관), 고양시청(주최), 고양문화원(주관)",,,16992023
나태주와 함께하는 신세계판타지 [천안],복합,다원/융복합,나태주 등,"조윤혜, 박성룡, 김수한 등","비바츠예술매니지먼트(기획사), 비바츠예술매니지먼트(제작사), 비바츠예술매니지먼트(주관), 비바츠예술매니지먼트(주최)",,,17004224
"클래식인문학특강1, 조희창의 러시아 피아노 음악이야기",복합,복합,,,"안동문화예술의전당 (평생학습원)(주최), 안동문화예술의전당 (평생학습원)(주관)",,,17186090
쏘울브릿지 기획공연: 단사 에스파뇰,복합,복합,"박은희, 최지연, 배호신",,"쏘울브릿지(주최), 쏘울브릿지(주관)",,,17313415
unCERTAINTY 서수진 단독공연 (Feat.Coloris Trio x 정수동 x Park 8),복합,복합,"서수진, 김영후, 강재훈, 정수동, 신이안, 강예람 등",,"CJ문화재단(주최), (주)비이피씨탄젠트(주관)",,,17313454
"클래식인문학특강2, 미술과 음악이 함께하는 장일범의 전시회의 그림 렉쳐 콘서트",복합,다원/융복합,장일범,,"안동문화예술의전당 (평생학습원)(주최), 안동문화예술의전당 (평생학습원)(주관)",,,17440986
악가무서화 X 춤추는 미술관,복합,복합,"공인설, 한새영, 차혜림, 이성희, 이민영, 유가희, 최민서 등","박지훈, 이준학, 손지영 등",갬블러크루 (Gamblerz Crew)(주최),,,17770761
여수 시립예술단과 함께하는 송년음악회,복합,복합,,,여수시청(),,,17803792
Adieu 송년음악회 [대구],복합,복합,"백진현, 조선형, 이병삼, 김세현, 김다현 등",,"(재)대구광역시 동구문화재단(주최), 아양아트센터(주최), 대구스트링스심포니오케스트라(주최)",,,17905767
청청 PASSION 제,복합,복합,,,제주특별자치도 문화예술진흥원(주최),,,18556414
"최정주의 아트앤뮤직 큐레이션, 위대한 예술가 시리즈: Viva La Vida 프리다 칼로",복합,다원/융복합,최정주,,마리아칼라스홀(주최),,,18614354
안산시립예술단 특별기획공연: Winter Concert,복합,복합,,,"안산시청(주최), 안산시청(주관)",,,18653347
Chair Table Chair,복합,복합,"김희영, 최대성, 우석훈, 임동주, 심재성, 김한상 등","김희명, 최대성, 우석훈 등","팀 퍼니스트(제작사), 동래문화회관(주관), 팀 퍼니스트(주관), 한국문화예술회관연합회(KoCACA)(주최)",,,18688411
크리스마스 캐롤 [부산],복합,다원/융복합,이기선 등,"김지용, 백현주, 이정윤","부산시립예술단(주관), (재)부산문화회관(주최)",,,18751634
별세계 [제주],복합,다원/융복합,,,(사)전통예술공연개발원 마로(주최),,,18847211
허풍선이 클래식 우주판타스틱쇼 [과천],복합,다원/융복합,,,(주)그래피직스(주최),,,18858958
크리스마스 콘서트 [대구],복합,복합,"이희랑, 홍영은, 김다영, 김유리, 최승주, 김유진, 권혁민 등","송성훈, 이근, 남화진 등","대구광역시 서구문화회관(주최), 대구광역시 서구문화회관(주관), 프리소울컴퍼니(주최), 프리소울컴퍼니(주관)",,,19278190
굿: 마른오구,복합,복합,"김미숙, 이석현, 나헤영, 이민영, 서상현, 박영성, 문용식 등","김남진, 이상훈, 이희자 등","공연기획 MCT(주관), 댄스씨어터 창(주최)",,,19898221
