단계,항목,계산값,기준값,기준,일치
step7,Paid 실패 행 수,20.0,20.0,2025 저장본,일치
step7,Paid 실패 표본 U 평균,0.28,0.28,보고서,일치
step7,Paid 실패 표본 S 평균,0.45,0.45,보고서,일치
step7,Paid 회귀 설명력,0.921,0.918,보고서,일치
step7,Paid 회귀 오차,18.0,18.8,보고서,다름
step7,Paid 평균 격차,9.32,7.71,보고서,다름
step7,Paid 전환 비율,80.0,80.0,보고서,일치
step7,Paid 평균 dU,0.101,0.105,보고서,일치
step7,Paid 평균 dS,0.037,0.054,보고서,다름
step7,Free 실패 행 수,19.0,19.0,2025 저장본,일치
step7,Free 실패 표본 U 평균,0.31,0.31,보고서,일치
step7,Free 실패 표본 S 평균,0.48,0.48,보고서,일치
step7,Free 회귀 설명력,0.878,0.884,보고서,다름
step7,Free 회귀 오차,20.8,19.9,보고서,다름
step7,Free 평균 격차,12.69,12.14,보고서,다름
step7,Free 전환 비율,63.2,63.2,보고서,일치
step7,Free 평균 dU,0.118,0.121,보고서,일치
step7,Free 평균 dS,0.058,0.075,보고서,다름
