공연명,예측 복합 장르,1위 장르,1위 확률,2위 장르,2위 확률
아웃 오브 더 블루,서양음악+한국음악,서양음악,1.0,한국음악,0.0
이색콘서트,서양음악+뮤지컬,서양음악,0.7545,뮤지컬,0.2453
"차세대열전, 이어지음 프로젝트",무용+한국음악,무용,0.8246,한국음악,0.1448
"헨젤과 그레텔, 토선생 용궁가다 (패키지)",한국음악+서양음악,한국음악,0.9981,서양음악,0.0012
최정주의 아트앤뮤직 큐레이션: 20세기를 빛낸 화가들Ⅱ,서양음악+무용,서양음악,1.0,무용,0.0
최정주의 아트앤뮤직 큐레이션: 20세기를 빛낸 화가들Ⅲ,서양음악+무용,서양음악,1.0,무용,0.0
LED비바츠 태권발레 [철원],대중무용+뮤지컬,대중무용,0.7967,뮤지컬,0.1898
"ACC 브런치 콘서트, 타악그룹 타고의 MAN AND DRUM",무용+서양음악,무용,0.9659,서양음악,0.0174
전영랑 온희정의 국악과 트로트 크로스오버,대중음악+무용,대중음악,0.7272,무용,0.208
경주아티스트 페스티벌: 꿈의콘서트,대중음악+연극,대중음악,1.0,연극,0.0
고희전＆조용주 희망 콘서트 [안성],서양음악+한국음악,서양음악,0.8467,한국음악,0.149
"3시 공연산책, 나태주 시인과 함께하는 풍류 위의 시",대중음악+한국음악,대중음악,0.5646,한국음악,0.4338
최정주의 아트앤뮤직 큐레이션: 20세기를 빛낸 화가들Ⅳ,서양음악+무용,서양음악,0.9999,무용,0.0001
유홍의 MIXTUM,한국음악+대중음악,한국음악,0.9968,대중음악,0.0032
공간,뮤지컬+대중음악,뮤지컬,0.9999,대중음악,0.0001
"메이드오브트리 Vol.5, 최용석 & 신문수",대중음악+한국음악,대중음악,0.9923,한국음악,0.005
pan123mE1,연극+대중음악,연극,0.9995,대중음악,0.0004
ONE MOMENT,대중음악+한국음악,대중음악,1.0,한국음악,0.0
"문화가 있는 날, 연극인 박정자 낭독 콘서트: 영영이별 영이별",뮤지컬+연극,뮤지컬,0.9795,연극,0.0172
I have a dream,뮤지컬+서양음악,뮤지컬,0.9804,서양음악,0.0196
전원경의 미술관 옆 음악당 시즌 5,서양음악+대중음악,서양음악,0.9969,대중음악,0.0031
오페라와 뮤지컬의 향연,서양음악+한국음악,서양음악,0.9981,한국음악,0.0017
베토벤X클림트 운명의 키스,뮤지컬+대중음악,뮤지컬,0.6714,대중음악,0.3159
최정주의 아트앤뮤직 큐레이션: 인상주의 화가들 시리즈 Ⅱ,서양음악+무용,서양음악,1.0,무용,0.0
"온쉼표, 하루 (10월)",한국음악+무용,한국음악,0.9945,무용,0.0029
"짬콘서트:조선클럽, 재비＆유엔젤보이스 [용인]",서양음악+연극,서양음악,1.0,연극,0.0
점프 [울산],서양음악+대중음악,서양음악,0.9302,대중음악,0.0698
Volare sul teatro (패키지),무용+서양음악,무용,0.9408,서양음악,0.0331
김영임 & 김용임과 함께하는 희희낙락 [영주],한국음악+대중음악,한국음악,0.8747,대중음악,0.1252
찰리채플린 시네마 콘서트 with 신나는섬 [태안],뮤지컬+대중음악,뮤지컬,0.9975,대중음악,0.0024
제16회 남양주 예술제,서양음악+한국음악,서양음악,0.4865,한국음악,0.4477
금요공감 (11월),연극+서양음악,연극,0.9354,서양음악,0.0645
"수봉IN꿈노리, 샌드아트와 음악 안녕 비류야",서양음악+한국음악,서양음악,0.9991,한국음악,0.0009
제15회 열린심포니오케스트라 정기연주회,서양음악+무용,서양음악,0.9999,무용,0.0001
"봉포유 Ⅳ, 다시만난 세상으로- 봄바람 쐬러가자",뮤지컬+대중음악,뮤지컬,0.9527,대중음악,0.0471
밀양아리랑: 날 좀 보소,한국음악+무용,한국음악,0.9245,무용,0.0639
선율기록: BIG VIOLIN PLAYER,서양음악+한국음악,서양음악,0.9462,한국음악,0.0536
장르불문 십분발휘,대중음악+한국음악,대중음악,0.9225,한국음악,0.0268
동지섣달 꽃 본 듯이,대중음악+한국음악,대중음악,0.5732,한국음악,0.4266
Shall we Tango?,서양음악+뮤지컬,서양음악,0.9995,뮤지컬,0.0003
친절한 돼지씨,한국음악+뮤지컬,한국음악,0.9903,뮤지컬,0.0075
지역문화예술활성화를 위한 문화 예술 여행,뮤지컬+서양음악,뮤지컬,0.9984,서양음악,0.0016
코리아윈드필하모니 국악과 함께하는 이색콘서트,한국음악+대중음악,한국음악,0.934,대중음악,0.0648
"11시 음악산책, 공병우의 내 사랑",서양음악+한국음악,서양음악,0.9889,한국음악,0.0052
BEST OF THE BEST [대구],서양음악+뮤지컬,서양음악,0.9546,뮤지컬,0.0448
수험생을 위한 가족음악회 덕분에 콘서트,서양음악+대중음악,서양음악,0.9943,대중음악,0.0053
제4회 S.Festa,서양음악+연극,서양음악,0.535,연극,0.2524
제14회 서울국제문화공연,뮤지컬+서양음악,뮤지컬,1.0,서양음악,0.0
축하 음악회 [부산],연극+한국음악,연극,0.9921,한국음악,0.0055
춘천시립교향악단과 강원도립국악관현악단이 함께하는 신년음악회,서양음악+한국음악,서양음악,0.9998,한국음악,0.0002
세종 예술제,서양음악+한국음악,서양음악,0.9999,한국음악,0.0001
세종시문화재단 공연장상주단체 페스티벌,한국음악+서양음악,한국음악,0.9996,서양음악,0.0003
"제19회 의정부음악극축제, 이희문＆프렐류드＆놈놈 잠비나이 VOMLab",한국음악+대중음악,한국음악,0.982,대중음악,0.0173
영남필하모니오케스트라와 함께 하는 가족 클래식 음악회,서양음악+뮤지컬,서양음악,0.9533,뮤지컬,0.0394
제19회 강릉국제청소년 예술축전,서양음악+무용,서양음악,0.521,무용,0.4789
"STAGE.5, 기술의 예술",서양음악+무용,서양음악,0.9993,무용,0.0007
대구문화예술회관 개관 30주년 기념 공연,연극+무용,연극,0.6107,무용,0.3663
"그림 읽어주는 베토벤 THE CONCERT, 고흐vs고갱",서양음악+대중음악,서양음악,0.8635,대중음악,0.1288
악가무서화(樂歌舞書畵) [영주],서양음악+대중음악,서양음악,0.9217,대중음악,0.0781
"수성월드뮤직페스티벌, 신노이",서양음악+무용,서양음악,0.8524,무용,0.1414
"짬콘서트:조선클럽, 오단해아트랩＆서울발레시어터 [용인]",한국음악+연극,한국음악,1.0,연극,0.0
현대인을 위한 메디아트 콘서트 I [안동],뮤지컬+서양음악,뮤지컬,0.8079,서양음악,0.0948
"짬콘서트:조선클럽, 이날치 & 앰비규어스댄스컴퍼니 [용인]",서양음악+대중음악,서양음악,1.0,대중음악,0.0
텐트 속 가을 콘서트,대중음악+뮤지컬,대중음악,0.9946,뮤지컬,0.0045
진성&남상일의 희희낙락 콘서트 [여주],한국음악+대중음악,한국음악,0.9891,대중음악,0.0107
코로나 극복기원 다큐·갈라콘서트 울림IV,서양음악+대중음악,서양음악,0.9995,대중음악,0.0004
최정주의 아트앤뮤직 큐레이션: 인상주의 화가들 시리즈 Ⅲ,서양음악+한국음악,서양음악,0.9999,한국음악,0.0001
BEST OF THE BEST,서양음악+뮤지컬,서양음악,1.0,뮤지컬,0.0
최정주의 아트앤뮤직 큐레이션: 도시의 미술관 산책 I,서양음악+무용,서양음악,1.0,무용,0.0
신년음악회 [군포],서양음악+대중음악,서양음악,0.9993,대중음악,0.0004
부채소녀,서양음악+한국음악,서양음악,0.5824,한국음악,0.4173
코미디 애니멀 쇼 [인천],한국음악+연극,한국음악,0.9991,연극,0.0007
"＃의정부아트스테이지, 걱정말아요 그대",대중음악+연극,대중음악,0.8884,연극,0.1026
최정주의 아트앤뮤직 큐레이션: 도시의 미술관 산책 Ⅱ,서양음악+무용,서양음악,1.0,무용,0.0
대구문화예술회관 새해희망콘서트,서양음악+한국음악,서양음악,1.0,한국음악,0.0
천막극장,연극+서양음악,연극,0.9995,서양음악,0.0003
코미디 애니멀쇼 [의정부],대중음악+뮤지컬,대중음악,1.0,뮤지컬,0.0
"대전문화예술지킴이 감사콘서트, 제4편 그리운 그대여",한국음악+서양음악,한국음악,0.5365,서양음악,0.4447
최정주의 아트앤뮤직 큐레이션: 도시의 미술관 산책 Ⅲ,서양음악+무용,서양음악,1.0,무용,0.0
"통영국제음악제, 디어 루나",대중음악+무용,대중음악,0.6115,무용,0.2922
"통영국제음악제, 이날치",한국음악+대중음악,한국음악,1.0,대중음악,0.0
비올라 tuitti와 가야금의 FOREST SOUNDS,한국음악+서양음악,한국음악,0.9619,서양음악,0.0228
코미디애니멀쇼 [부천],뮤지컬+연극,뮤지컬,0.9992,연극,0.0008
"춘천시립합창단 어린이음악회, 친구야노올자: 콩쥐팥쥐",대중음악+뮤지컬,대중음악,0.9991,뮤지컬,0.0007
"안산시립예술단 기획공연, 목요보노음악회",연극+서양음악,연극,0.979,서양음악,0.0195
청산 The 그리다,한국음악+대중음악,한국음악,0.9997,대중음악,0.0003
"한국음악, 여섯 개의 길로 떠나는 음악여행 레게, 판소리를 만나다",한국음악+대중음악,한국음악,0.9662,대중음악,0.0335
Body ＆ Voice [인제],무용+서양음악,무용,0.9761,서양음악,0.0238
최정주의 아트앤뮤직 큐레이션: 도시의 미술관 산책 Ⅳ,서양음악+한국음악,서양음악,1.0,한국음악,0.0
"해설이 있는 11시콘서트, 블랙스트링 [천안] (4월)",서양음악+한국음악,서양음악,1.0,한국음악,0.0
"K-Brunch Concert, 우리의 아침을 여는 한국음악: 첼로가야금 [대전]",한국음악+서양음악,한국음악,0.9996,서양음악,0.0004
"금욜로 시리즈, 첼로가야금 [포항]",한국음악+서양음악,한국음악,0.9999,서양음악,0.0001
"ACC 창제작 어린이공연, 괴물 연을 그리다",연극+대중음악,연극,1.0,대중음악,0.0
코미디 애니멀 쇼 [구로],연극+무용,연극,1.0,무용,0.0
봄내려온다,뮤지컬+서양음악,뮤지컬,1.0,서양음악,0.0
한웅원밴드 With 유태평양 [충주],대중음악+한국음악,대중음악,0.9894,한국음악,0.0105
출범기념 오프닝 콘서트 [경기 광주],한국음악+대중음악,한국음악,1.0,대중음악,0.0
PICAS와 함께하는 어린이날 그림동화 음악회 Ⅷ,서양음악+한국음악,서양음악,0.9994,한국음악,0.0005
크로이처 소나타,서양음악+무용,서양음악,0.9999,무용,0.0001
김영임 & 김용임과 함께하는 희희낙락 [통영],한국음악+대중음악,한국음악,0.6532,대중음악,0.3465
갈라쇼 [대전],한국음악+대중음악,한국음악,0.9343,대중음악,0.0345
탈피 [인천],뮤지컬+대중음악,뮤지컬,0.9483,대중음악,0.0512
"요즘예술, 경기도극단 & 경기필하모닉오케스트라",서양음악+연극,서양음악,0.9638,연극,0.0342
대동춤Ⅱ,한국음악+서양음악,한국음악,0.9751,서양음악,0.0141
"교육가족 공감 콘서트, 쉼",대중음악+연극,대중음악,0.9994,연극,0.0003
둥글고 둥글게 [부산],대중음악+뮤지컬,대중음악,0.6434,뮤지컬,0.356
해피콘서트 [군포],한국음악+서양음악,한국음악,0.9939,서양음악,0.0059
쇼그맨 [밀양],서양음악+연극,서양음악,0.9613,연극,0.0243
스쿨 온 스테이지,한국음악+대중음악,한국음악,0.9998,대중음악,0.0002
최정주의 아트앤뮤직 큐레이션: 도시의 미술관 산책 Ⅴ,서양음악+한국음악,서양음악,0.9995,한국음악,0.0004
"네버랜드 in 군포 Ⅰ, 동화 읽어주는 콘서트: 방귀며느리",연극+뮤지컬,연극,0.9891,뮤지컬,0.0094
가야금 & 클래식 현(絃)의 풍류 [안동],대중음악+뮤지컬,대중음악,1.0,뮤지컬,0.0
"트라이보울 시리즈, 우기부기",대중음악+뮤지컬,대중음악,1.0,뮤지컬,0.0
"서현진과 함께하는 브런치 콘서트, 춤출까요? [인천] (5월)",서양음악+무용,서양음악,0.9999,무용,0.0001
콜링,서양음악+한국음악,서양음악,0.7472,한국음악,0.2297
재즈보컬 나혜영과 함께하는 시네마 뮤직 콘서트,서양음악+대중음악,서양음악,0.5414,대중음악,0.4583
최정주의 아트앤뮤직 큐레이션: 도시의 미술관 산책 Ⅵ,서양음악+무용,서양음악,1.0,무용,0.0
"서현진과 함께하는 브런치 콘서트, 춤출까요? [인천] (6월)",서양음악+무용,서양음악,1.0,무용,0.0
무한열전 [대구],서양음악+대중음악,서양음악,0.8695,대중음악,0.1303
아직 가 닿지 못한 그곳 찬란한 벌판,뮤지컬+서양음악,뮤지컬,0.9004,서양음악,0.0993
JAZZ에 빠진 영화 OST 그리고 탭댄스 [김제],뮤지컬+연극,뮤지컬,0.9812,연극,0.0146
"공연으로 떠나는 세계여행, 아르헨티나",서양음악+뮤지컬,서양음악,0.9974,뮤지컬,0.0025
KKun in 용인 페스티벌: 국악과 재즈의 만남,대중음악+서양음악,대중음악,0.9649,서양음악,0.0349
Spanish Heart,서양음악+뮤지컬,서양음악,0.9999,뮤지컬,0.0001
오정해·유태평양과 함께하는 한여름밤의 콘서트 [대구],한국음악+무용,한국음악,0.9819,무용,0.0143
제15회 현대음악앙상블 뉴던 정기연주회,서양음악+무용,서양음악,1.0,무용,0.0
최정주의 아트앤뮤직 큐레이션: 도시의 미술관 산책 Ⅶ,서양음악+무용,서양음악,1.0,무용,0.0
한낮의 유U;콘서트 (7월),연극+서양음악,연극,0.7322,서양음악,0.2358
무령 (7.24),한국음악+무용,한국음악,0.9989,무용,0.0004
무령 (7.25),한국음악+뮤지컬,한국음악,0.9971,뮤지컬,0.0008
자스무지쿠스 정기연주회 [대전],대중음악+한국음악,대중음악,1.0,한국음악,0.0
"경기도예술단원 창작무대, Spero Spera: 마마 [수원]",서양음악+무용,서양음악,0.9899,무용,0.01
"봉포유 렉처스테이지 I, 김설진X토리스 [대구]",한국음악+대중음악,한국음악,0.9998,대중음악,0.0001
8월 토마토,뮤지컬+연극,뮤지컬,0.9999,연극,0.0001
박애리와 함께하는 무브먼트 코리아 3 [부산],한국음악+서양음악,한국음악,0.9999,서양음악,0.0001
"온쉼표, 국악 플라잉 퍼포먼스: 하루 (8월)",연극+무용,연극,0.9852,무용,0.0146
문화보물선을 만나러 가자,서양음악+무용,서양음악,1.0,무용,0.0
춘천문화예술회관 기획공연 (패키지),뮤지컬+서양음악,뮤지컬,0.9998,서양음악,0.0002
"수봉IN꿈노리, 뮤직트립",연극+무용,연극,0.9989,무용,0.001
"봉포유 렉처스테이지 II, 최석민 무용단X프렐류드 [대구]",대중음악+한국음악,대중음악,0.5771,한국음악,0.3748
"아리랑, 택견과 만나다 [수원]",대중음악+서양음악,대중음악,0.7736,서양음악,0.1244
음악이 춤을추다 [대전],대중음악+한국음악,대중음악,0.9942,한국음악,0.0053
드림스테이지 [김포],연극+무용,연극,0.8723,무용,0.0781
The Magic 팬텀&퀸 [안산],서양음악+대중음악,서양음악,0.9992,대중음악,0.0008
젊은 예술가 초청 시리즈,서양음악+무용,서양음악,0.9997,무용,0.0001
제32회 백제가요 정읍사문화제,대중음악+뮤지컬,대중음악,0.9999,뮤지컬,0.0001
김영임 & 김용임과 함께하는 희희낙락 [용인],한국음악+대중음악,한국음악,0.9961,대중음악,0.0039
화려한 조명이 나를 비출 때 [안산],서양음악+무용,서양음악,1.0,무용,0.0
벽을 뚫고 나온 꽃 [계양],뮤지컬+대중음악,뮤지컬,0.9996,대중음악,0.0004
아트로드 [용인],대중음악+한국음악,대중음악,1.0,한국음악,0.0
마디와 매듭 쇼케이스,한국음악+무용,한국음악,0.9875,무용,0.0115
"안동문화예술의전당 브런치콘서트, 레젤 트리오: 여인의 향기 (10월)",대중무용+무용,대중무용,0.6799,무용,0.1151
"제60회 탐라문화제, 개막식",뮤지컬+대중음악,뮤지컬,0.8169,대중음악,0.1831
"제60회 탐라문화제, 회원단체 공연",뮤지컬+무용,뮤지컬,1.0,무용,0.0
별 헤는 밤 빼앗긴 들에서 꽃처럼 침묵을 깨다 [세종],한국음악+무용,한국음악,0.9999,무용,0.0001
"제60회 탐라문화제, 시상식 및 폐막공연",대중음악+서양음악,대중음악,0.9193,서양음악,0.0791
Change Of Season 7,연극+뮤지컬,연극,0.9961,뮤지컬,0.0023
MASK TOWEL DANCE for Orchestra,서양음악+한국음악,서양음악,1.0,한국음악,0.0
친정엄마와 함께 감정 분리수거 [수원],뮤지컬+대중음악,뮤지컬,0.9994,대중음악,0.0005
타파21,대중음악+한국음악,대중음악,1.0,한국음악,0.0
와일드 와일드,뮤지컬+대중음악,뮤지컬,0.9909,대중음악,0.0088
세종의 꿈: 스물여둟짜랄의 신비,연극+뮤지컬,연극,0.995,뮤지컬,0.005
"The ART SPOT Series, 공간이 만든 공간",한국음악+대중음악,한국음악,0.9781,대중음악,0.0126
명화 배달부,무용+한국음악,무용,0.8103,한국음악,0.1012
THE 하랑콘서트: 끄적끄적,대중음악+무용,대중음악,0.999,무용,0.0006
"서현진과 함께하는 브런치 콘서트, 춤출까요?: 광기, 무섭도록 아름다운 [인천]",서양음악+무용,서양음악,1.0,무용,0.0
월드뮤직그룹 공명 & 비보이 & 전통무용의 콜라보 콘서트,한국음악+대중음악,한국음악,0.9956,대중음악,0.0016
문화를 꿈꾸며 삶을 노래하며,서양음악+무용,서양음악,0.9276,무용,0.0386
"플러스: 강권순X송홍섭 앙상블, 이희문과 프렐류드",한국음악+대중음악,한국음악,0.9906,대중음악,0.0092
With CAD,서양음악+무용,서양음악,0.9992,무용,0.0008
1687,대중음악+한국음악,대중음악,0.8479,한국음악,0.0694
김영임 & 김용임과 함께하는 희희낙락 [보령],한국음악+대중음악,한국음악,0.6316,대중음악,0.3682
동물의 사육제 [의정부],서양음악+한국음악,서양음악,0.9938,한국음악,0.0042
중구 어린이와 함께하는 코로나 극복 희망콘서트 1부,대중음악+한국음악,대중음악,0.9733,한국음악,0.0256
처음인 오늘,뮤지컬+서양음악,뮤지컬,0.8796,서양음악,0.1204
중구 어린이와 함께하는 코로나 극복 희망콘서트 2부,서양음악+연극,서양음악,0.4945,연극,0.4557
IMAGE of MUSIC 이은결 Ⅹ 조재혁 [의정부],서양음악+무용,서양음악,0.9999,무용,0.0001
쇼팽: 음악적 독립투사 이야기,뮤지컬+서양음악,뮤지컬,0.9184,서양음악,0.0725
음악에 날다 [고양],대중무용+뮤지컬,대중무용,0.809,뮤지컬,0.0949
리듬 오브 코리아 [함양],무용+한국음악,무용,0.6093,한국음악,0.3869
미스테리우스 [해남],서양음악+뮤지컬,서양음악,0.9994,뮤지컬,0.0006
삼성현 열린 가족콘서트 [경산],연극+서양음악,연극,1.0,서양음악,0.0
바람은 소리없이.. 두번째 이야기: 자유의 초상,뮤지컬+서양음악,뮤지컬,0.9614,서양음악,0.0352
"서현진과 함께하는 브런치 콘서트, 춤출까요?: 우리 안의 아이에게, 호두까기 인형 [인천]",서양음악+한국음악,서양음악,1.0,한국음악,0.0
열린음악회 [창녕],대중음악+한국음악,대중음악,0.9818,한국음악,0.0168
눈으로 보이지 않는 마음의 소리 [의정부],서양음악+대중음악,서양음악,1.0,대중음악,0.0
하나카드와 함께하는 예술기부 스페셜 콘서트: Dear.Me : 친애하는 나에게,무용+서양음악,무용,0.8188,서양음악,0.1795
무용詩 낭송회 [춘천],연극+무용,연극,0.5547,무용,0.4401
"제33회 고양행주문화제, 행주 코로나19 국난극복 여민락 콘서트 [아람누리]",대중음악+뮤지컬,대중음악,1.0,뮤지컬,0.0
"제33회 고양행주문화제, 행주 코로나19 국난극복 여민락 콘서트 [어울림누리]",대중음악+한국음악,대중음악,1.0,한국음악,0.0
"클래식인문학특강1, 조희창의 러시아 피아노 음악이야기",서양음악+한국음악,서양음악,1.0,한국음악,0.0
쏘울브릿지 기획공연: 단사 에스파뇰,무용+연극,무용,0.7904,연극,0.1551
unCERTAINTY 서수진 단독공연 (Feat.Coloris Trio x 정수동 x Park 8),대중음악+한국음악,대중음악,0.9997,한국음악,0.0002
악가무서화 X 춤추는 미술관,대중음악+한국음악,대중음악,0.8336,한국음악,0.1386
여수 시립예술단과 함께하는 송년음악회,연극+무용,연극,1.0,무용,0.0
Adieu 송년음악회 [대구],서양음악+대중음악,서양음악,1.0,대중음악,0.0
청청 PASSION 제,서양음악+한국음악,서양음악,1.0,한국음악,0.0
안산시립예술단 특별기획공연: Winter Concert,뮤지컬+서양음악,뮤지컬,0.9928,서양음악,0.0042
Chair Table Chair,뮤지컬+연극,뮤지컬,0.6908,연극,0.3044
크리스마스 콘서트 [대구],서양음악+무용,서양음악,1.0,무용,0.0
굿: 마른오구,무용+서양음악,무용,0.8675,서양음악,0.0759
와일드 와일드,뮤지컬+대중음악,뮤지컬,0.9083,대중음악,0.089
虎氣: 범의 기운,연극+한국음악,연극,0.7162,한국음악,0.2439
어린왕자 [부산],서양음악+뮤지컬,서양음악,0.987,뮤지컬,0.013
용인특례시 출범 전야제: 다시 새롭게 특례시 용인,한국음악+대중음악,한국음악,0.9605,대중음악,0.0395
울산공업센터 지정 60주년 기념 신년음악회: 앙코르! 울산 1962,서양음악+무용,서양음악,1.0,무용,0.0
"DAC플러스스테이지, 찾아오는 공연",서양음악+무용,서양음악,1.0,무용,0.0
토요국악동화,대중음악+뮤지컬,대중음악,0.9288,뮤지컬,0.0485
Eternal Moments 영원한 순간,한국음악+서양음악,한국음악,0.8434,서양음악,0.15
NU PUNK IS HIPHOP,대중음악+서양음악,대중음악,1.0,서양음악,0.0
새로운 시작 새로운 희망 콘서트,서양음악+무용,서양음악,1.0,무용,0.0
제40회 파주시립예술단 신년음악회: Begin Aagain,서양음악+뮤지컬,서양음악,0.9983,뮤지컬,0.001
소리꾼 고영열 & 조윤성 트리오의 JAZZ IN NANBONGA,대중음악+서양음악,대중음악,0.9871,서양음악,0.0088
"방방곡곡 페스타, 코카카와 함께 하는 일상회복 힐링콘서트: 희망의 다리를 놓다 (2.20)",서양음악+한국음악,서양음악,1.0,한국음악,0.0
"안동윈터아트페스티벌, 안동아코디언동호회 & 웅부실버악단 크로스오버 신바람콘서트 [안동]",대중음악+연극,대중음악,0.9989,연극,0.001
"방방곡곡 페스타, 코카카와 함께 하는 일상회복 힐링콘서트: 희망의 다리를 놓다 (2.21)",서양음악+뮤지컬,서양음악,1.0,뮤지컬,0.0
"방방곡곡 페스타, 코카카와 함께 하는 일상회복 힐링콘서트: 희망의 다리를 놓다 (2.22)",서양음악+무용,서양음악,1.0,무용,0.0
어린이예술아카데미 발표회 (2부),한국음악+연극,한국음악,0.6689,연극,0.2473
"Spring Baroque, 댄싱 바로크",서양음악+무용,서양음악,0.9999,무용,0.0
고양특례시 출범 지역 예술인 축하콘서트,연극+뮤지컬,연극,0.5501,뮤지컬,0.3898
새로운 시작을 위한 힐링콘서트: 탠텀&퀸 The magic [순천],대중음악+뮤지컬,대중음악,0.9068,뮤지컬,0.0671
오페라마 토크 콘서트: 바리톤 정경의 정신 나간 작곡가와 키스하다,서양음악+무용,서양음악,1.0,무용,0.0
"김남진피지컬씨어터, LINE: 줄 [부산]",무용+대중음악,무용,0.9936,대중음악,0.0059
비발D마와 함께하는 씨네마콘서트,대중음악+뮤지컬,대중음악,0.9994,뮤지컬,0.0006
"전원경의 아트살롱, 그림콘서트: 봄을 맞은 파리",서양음악+한국음악,서양음악,0.9984,한국음악,0.0007
아우름 콘서트 [대구],서양음악+한국음악,서양음악,0.9995,한국음악,0.0005
"을숙도문화회관 개관 20주년 기념콘서트, 조항조, 박애리 & 오케스트라",대중음악+서양음악,대중음악,0.9992,서양음악,0.0003
을숙도문화회관20주년 콘서트,대중음악+한국음악,대중음악,0.9982,한국음악,0.0018
이영섭 ＋ 양승환 듀오콘서트: WE,서양음악+한국음악,서양음악,0.8651,한국음악,0.1347
노래와 춤이 함께하는 봄의 로망스,서양음악+무용,서양음악,0.9998,무용,0.0002
안산시립예술단 특별기획공연: 안산의 사계,뮤지컬+대중음악,뮤지컬,1.0,대중음악,0.0
"아세안 어린이공연, 거인 앙갈로",연극+뮤지컬,연극,0.9559,뮤지컬,0.0399
안산시립예술단과 함께하는 수수콘(수요일 수려한 콘서트),대중음악+뮤지컬,대중음악,0.5497,뮤지컬,0.4487
수원시립교향악단 키즈콘서트,서양음악+한국음악,서양음악,0.9999,한국음악,0.0001
불켜는아이,뮤지컬+서양음악,뮤지컬,1.0,서양음악,0.0
오월어머니의 노래 순회공연,대중음악+뮤지컬,대중음악,1.0,뮤지컬,0.0
장사익 & 홍지민과 함께하는 음악회: 어우름 [하남],서양음악+대중음악,서양음악,0.9781,대중음악,0.0133
신중신 시인 등단 60주년 문학콘서트,연극+무용,연극,0.9506,무용,0.0401
"라스트 스트라디움, 까도까도 30",서양음악+한국음악,서양음악,0.6261,한국음악,0.2241
"통진 마티네 콘서트, 판소리와 탭댄스의 만남: 소리꾼, 탭꾼 [김포]",한국음악+대중무용,한국음악,0.7504,대중무용,0.2005
제주하모니 (5월),서양음악+무용,서양음악,0.9993,무용,0.0007
음으로 그린 樂 [부산],뮤지컬+한국음악,뮤지컬,0.9221,한국음악,0.058
"제9회 예술공감, 샌드아트와 음악만들기",서양음악+무용,서양음악,1.0,무용,0.0
"ACC 브런치콘서트, 팀 퍼니스트 서커스 음악극: 체어, 테이블, 체어 (5월)",연극+뮤지컬,연극,0.9948,뮤지컬,0.005
장사익 & 김영임 with 웨스턴심포니오케스트라 [경주],한국음악+서양음악,한국음악,0.9591,서양음악,0.0388
"체어, 테이블, 체어",대중음악+뮤지컬,대중음악,1.0,뮤지컬,0.0
춤과 함께하는 봄의 대향연,서양음악+무용,서양음악,1.0,무용,0.0
아시아 콘텐츠 공연개발 쇼케이스: 고래씨 이상해,한국음악+연극,한국음악,0.6024,연극,0.3966
"별별페스티벌, 단테: 지옥 편",연극+무용,연극,1.0,무용,0.0
매헌윤봉길의사 상하이의거 90주년 기념 음악축제,서양음악+대중음악,서양음악,0.9618,대중음악,0.0213
"제3회 이머시브 랩, 빈공간, 극장놀이",서양음악+뮤지컬,서양음악,0.9958,뮤지컬,0.0016
익산시립무용단 풍물단 합동공연: 넥스트모션Ⅳ,서양음악+대중음악,서양음악,0.9957,대중음악,0.0024
빨간망토와 함께 떠나는 뮤직 트립,서양음악+무용,서양음악,0.9999,무용,0.0
강아지 똥 [의정부],한국음악+서양음악,한국음악,0.9995,서양음악,0.0004
두번째달X김준수X채수현: 새로운 세상으로의 초대 [인천],무용+연극,무용,0.9997,연극,0.0002
제22회 거창예총제,대중음악+연극,대중음악,1.0,연극,0.0
"꽃, 나무",서양음악+무용,서양음악,1.0,무용,0.0
"신박한 스테이지, 고래의 노래",뮤지컬+한국음악,뮤지컬,0.5824,한국음악,0.287
"GAC 화요극장, 위대한 낙서",대중음악+한국음악,대중음악,1.0,한국음악,0.0
춘향 예화담 [연천],한국음악+서양음악,한국음악,0.991,서양음악,0.0051
"전영랑, 강유진의 국악과 트로트의 만남",연극+무용,연극,0.5792,무용,0.2637
민들레 가족극장,대중음악+뮤지컬,대중음악,0.9486,뮤지컬,0.0505
자동차의 정맥 by OddVein,무용+연극,무용,0.9915,연극,0.0085
"아리랑, 택견과 만나다 [수원]",연극+한국음악,연극,0.9145,한국음악,0.0641
BOOMI's Jazz Odyssey: 조선,연극+서양음악,연극,0.797,서양음악,0.191
꽃이 핍니다 [영천],한국음악+대중음악,한국음악,0.9993,대중음악,0.0007
HYANGGA,대중음악+한국음악,대중음악,1.0,한국음악,0.0
제17회 부산국제어린이청소년영화제 개막식,서양음악+대중음악,서양음악,1.0,대중음악,0.0
사유하는 극장: 요즘 것들의 사유,한국음악+뮤지컬,한국음악,0.9983,뮤지컬,0.0008
제31회 아트레온 갤러리 콘서트,서양음악+한국음악,서양음악,1.0,한국음악,0.0
민선8기 축하음악회 [천안],서양음악+한국음악,서양음악,0.6745,한국음악,0.1574
GoGoGo: 연주하Go 노래하Go 춤추Go [안성],서양음악+한국음악,서양음악,0.9896,한국음악,0.0084
은곡마을 마실콘서트,서양음악+한국음악,서양음악,0.9996,한국음악,0.0004
시詩작作: 과정과 공유,연극+뮤지컬,연극,0.9994,뮤지컬,0.0002
Letter (서신): Greeting from No Sign Lab,뮤지컬+서양음악,뮤지컬,0.9059,서양음악,0.0538
"전원경의 아트살롱, 그림콘서트: 로마의 여름 햇살",서양음악+무용,서양음악,0.9999,무용,0.0
"체어, 테이블 체어 [의정부]",뮤지컬+대중음악,뮤지컬,0.8391,대중음악,0.1582
LED 비바츠태권발레 [창녕],무용+연극,무용,0.9944,연극,0.0056
"여우락 페스티벌, 밤 새 Baum Sae Communication",한국음악+대중음악,한국음악,0.9991,대중음악,0.0005
생생 락樂 [울산],무용+뮤지컬,무용,0.9833,뮤지컬,0.0083
코미디 애니멀쇼 [안산],서양음악+연극,서양음악,1.0,연극,0.0
거꾸로프로젝트: Gukpop Concert [평택],뮤지컬+연극,뮤지컬,0.4497,연극,0.386
"스테이지 인 세종 시즌 1, 국악과 오케스트라의 앙상블: 세종실락",한국음악+뮤지컬,한국음악,0.547,뮤지컬,0.289
샌드 팝페라: 금빛 모래의 향연 [수원],대중음악+뮤지컬,대중음악,0.9307,뮤지컬,0.0687
"여우락페스티벌, 차승민 X 장진아: Base Is Nice",한국음악+뮤지컬,한국음악,0.9761,뮤지컬,0.0216
"여우락페스티벌, 지혜리 오케스트라: 너나:음양",한국음악+연극,한국음악,0.9999,연극,0.0
"코리아 탭 오케스트라, 올댓리듬 [통영]",대중음악+뮤지컬,대중음악,1.0,뮤지컬,0.0
"판페라, 소리의 서막을 열다",무용+연극,무용,0.8086,연극,0.1331
"제32회 거창국제연극제, 한여름밤의 꿈",연극+한국음악,연극,1.0,한국음악,0.0
제3회 대구학생문화센터 합창단·합주단·국악단 연합 정기연주회,대중음악+뮤지컬,대중음악,0.7928,뮤지컬,0.2072
한빛예술단의 일 더하기 We,대중음악+서양음악,대중음악,0.9802,서양음악,0.0197
음악으로 듣는 마술극장 [김해],서양음악+뮤지컬,서양음악,0.9891,뮤지컬,0.0092
그림이 오감을 만났을때: 감각주의 [대구],서양음악+무용,서양음악,1.0,무용,0.0
WAVEON 아트 페스티벌,한국음악+무용,한국음악,0.7357,무용,0.2137
"제32회 거창국제연극제, 춘향전",서양음악+한국음악,서양음악,0.9945,한국음악,0.0043
등,연극+대중음악,연극,0.9997,대중음악,0.0002
김준수 X 두번째달 콘서트 with 손에손에 뮤직 페스타,한국음악+대중음악,한국음악,0.9997,대중음악,0.0002
국악 IN 가요 [수원],서양음악+한국음악,서양음악,0.7384,한국음악,0.2615
자연-적 [대구],서양음악+한국음악,서양음악,1.0,한국음악,0.0
청춘만발,한국음악+서양음악,한국음악,0.8842,서양음악,0.1077
"울주 어린이 오감체험 축제, 공연",서양음악+무용,서양음악,0.9421,무용,0.0577
파포스,연극+뮤지컬,연극,1.0,뮤지컬,0.0
"수봉IN 기획공연, 樂 & 민yo!: 유쾌 경쾌 통쾌한 삼쾌 콘서트",서양음악+연극,서양음악,0.6446,연극,0.3011
비제의 어린이놀이와 한국의 전래놀이 콘서트 [인천],서양음악+한국음악,서양음악,0.9999,한국음악,0.0001
"대한민국 치유예술제, 제이리의 Piano Drama Concert: Afterglow",서양음악+한국음악,서양음악,0.871,한국음악,0.1287
"한여름밤의 작은극장, 헨젤과 그레텔 인 서커스 (Hansel and Gretel in Circus)",뮤지컬+연극,뮤지컬,0.697,연극,0.2201
"플라멩코 X 국악, 소리로 타오르다",연극+무용,연극,0.9991,무용,0.0007
점입가경 (漸入歌境),서양음악+뮤지컬,서양음악,0.9082,뮤지컬,0.0911
소나기,서양음악+뮤지컬,서양음악,0.9944,뮤지컬,0.0024
지음지기 (知音知己),뮤지컬+한국음악,뮤지컬,0.9931,한국음악,0.0063
김영임 & 김용임과 함께하는 희희낙락 [대구],대중음악+한국음악,대중음악,1.0,한국음악,0.0
재미있는 음악이야기 오페라 & 뮤지컬,뮤지컬+서양음악,뮤지컬,1.0,서양음악,0.0
전북 9인9색,서양음악+무용,서양음악,1.0,무용,0.0
K팝페라로 들려주는 성남민권운동 이야기: 그 날이 올 때 까지,뮤지컬+대중무용,뮤지컬,0.9401,대중무용,0.0321
"그 여름, 나의 탱고 [천안]",서양음악+한국음악,서양음악,0.9879,한국음악,0.0081
태권무 한빛,서양음악+무용,서양음악,1.0,무용,0.0
"제주해녀의 숨결에 실린 푸르고 깊은 노래: 숨,빛,소리",연극+한국음악,연극,1.0,한국음악,0.0
성남예총과 함께하는 withus concert,대중음악+한국음악,대중음악,1.0,한국음악,0.0
비바체스와 함께하는 사랑의 하모니 정기연주회,서양음악+무용,서양음악,1.0,무용,0.0
"대구 고교 특화형 문화예술 프로그램 D-ART, 오페라&뮤지컬 갈라콘서트",서양음악+한국음악,서양음악,0.9999,한국음악,0.0001
"동,서양의 음악을 핫하고 힙하게!",서양음악+무용,서양음악,0.9997,무용,0.0002
"저녁을 닮은 음악 3rd Stage, 신명으로 어울리다!",대중음악+한국음악,대중음악,0.9297,한국음악,0.0417
新 광대의 외침 시너어,서양음악+한국음악,서양음악,0.9761,한국음악,0.0237
우울한 대로: 기억의 조각,대중음악+한국음악,대중음악,1.0,한국음악,0.0
프리소울의 희망리듬: 춤추는 클래식,서양음악+한국음악,서양음악,1.0,한국음악,0.0
비제의 어린이놀이와 한국의 전래놀이 콘서트 [부평],서양음악+한국음악,서양음악,1.0,한국음악,0.0
"현대자동차그룹 대학 연극 뮤지컬 페스티벌, 시상식",뮤지컬+서양음악,뮤지컬,0.9298,서양음악,0.0679
"제8회 대전음악제, 대전의 앙상블 동서양의 조화",한국음악+뮤지컬,한국음악,0.8548,뮤지컬,0.135
영감 7 - 절기 2,서양음악+무용,서양음악,0.9863,무용,0.0136
윤형주의 쎄시봉 콘서트,서양음악+한국음악,서양음악,1.0,한국음악,0.0
에코백,서양음악+한국음악,서양음악,1.0,한국음악,0.0
일상이 되고픈 특별한 하루,무용+서양음악,무용,0.7061,서양음악,0.2553
예그리나 in 제물포구락부 1926 [인천],대중음악+무용,대중음악,0.8396,무용,0.1076
라임의 왕 김삿갓 [춘천],연극+무용,연극,1.0,무용,0.0
"그림자극으로 만나는 환상의 음악여행, 동물의 사육제 & 피터와 늑대",무용+뮤지컬,무용,0.9738,뮤지컬,0.0242
제8회 셈플리체 정기연주회,연극+대중음악,연극,0.7078,대중음악,0.2066
레인보우프로젝트 vol.2 [대구],한국음악+서양음악,한국음악,0.9895,서양음악,0.0078
"전원경의 아트살롱, 그림콘서트: 가을 고독한 뉴요커",서양음악+뮤지컬,서양음악,0.9495,뮤지컬,0.0502
"수요공감, 황인유의 流 Ⅰ",한국음악+연극,한국음악,0.98,연극,0.0092
서리풀 음악회,무용+서양음악,무용,0.5124,서양음악,0.2747
제103회 전국(장애인)체전 기념 콘서트: 함께 뛰는 우리 with 초대,무용+대중음악,무용,0.8214,대중음악,0.0932
소월 시극: 산산이 부서진 이름이여,서양음악+뮤지컬,서양음악,0.9949,뮤지컬,0.0051
"월간뮤지크, 동양고주파",서양음악+뮤지컬,서양음악,1.0,뮤지컬,0.0
"제27회 서곶문화예술제, 개막공연",연극+한국음악,연극,0.6402,한국음악,0.2726
"아트콘서트, 마티스가 사랑한 음악",대중음악+무용,대중음악,0.9968,무용,0.0031
"부산시립예술단, 재밌는 클래식 맛있는 클래식",서양음악+뮤지컬,서양음악,0.8897,뮤지컬,0.1083
수궁으로 떠나는 상상여행 [수원],대중음악+한국음악,대중음악,0.8426,한국음악,0.1512
특별한 만남,서양음악+연극,서양음악,1.0,연극,0.0
The Magic 팬텀 & 퀸 [연천],서양음악+대중음악,서양음악,0.9859,대중음악,0.0141
마디와 매듭,한국음악+무용,한국음악,0.9849,무용,0.0077
"최정주 아트앤뮤직 큐레이션, 프로방스 2",서양음악+뮤지컬,서양음악,1.0,뮤지컬,0.0
"제22회 SPAF, 꼭두각시",연극+무용,연극,0.9648,무용,0.0219
"서울국제공연예술제 협력프로그램, 불이 되는 숨",한국음악+뮤지컬,한국음악,0.9999,뮤지컬,0.0001
태권유랑단 녹두 [하남],뮤지컬+서양음악,뮤지컬,1.0,서양음악,0.0
"비욘드 더 클래식 Ⅱ, 음악맛집 클래식당",서양음악+한국음악,서양음악,1.0,한국음악,0.0
The magic 팬텀 & 퀸 [과천],서양음악+대중음악,서양음악,0.9947,대중음악,0.0053
"비욘드 클래식, 음악맛집 클래식당",서양음악+대중음악,서양음악,0.883,대중음악,0.0842
"토요키즈클래식, 클래식으로 만나는 뮤지컬 with 할로윈 [용인]",서양음악+한국음악,서양음악,0.9999,한국음악,0.0001
심청길 비밀레시피,연극+대중음악,연극,1.0,대중음악,0.0
황보종태 단독공연,대중음악+한국음악,대중음악,0.7219,한국음악,0.2775
최정원과 함께하는 문화가 있는날 [제주],서양음악+뮤지컬,서양음악,0.9951,뮤지컬,0.0049
말라죽지 않을 정도만: 위기테라피 to 식물 놀 궁리 디너쇼,연극+뮤지컬,연극,0.6171,뮤지컬,0.3767
"음악, 탱고를 만나다: Passion of TANGO [공주]",서양음악+뮤지컬,서양음악,0.708,뮤지컬,0.1946
비오케이 문화산책 (10월),서양음악+한국음악,서양음악,0.9191,한국음악,0.0804
햄릿: 소리의 심리학,뮤지컬+연극,뮤지컬,0.9786,연극,0.0138
방구 대 방구 [의정부],대중음악+한국음악,대중음악,0.925,한국음악,0.0747
24시간 프로젝트 시즌 5,서양음악+대중음악,서양음악,1.0,대중음악,0.0
"월간뮤지크, 소리꾼 고영열X조윤성 트리오",대중음악+한국음악,대중음악,0.8102,한국음악,0.1898
"제2회 N티스트페스티벌, 조선의 다빈치코드",대중음악+서양음악,대중음악,0.9986,서양음악,0.0014
호루이안 인민 없는 경제,뮤지컬+대중음악,뮤지컬,0.9509,대중음악,0.0198
제주해녀 평화음악회,서양음악+대중음악,서양음악,0.9995,대중음악,0.0005
다르미가틈,대중음악+연극,대중음악,0.9997,연극,0.0002
Sea Of Love,대중음악+뮤지컬,대중음악,0.9972,뮤지컬,0.0024
"최정주 아트앤뮤직 큐레이션, 도시의 미술관 산책: 피렌체",서양음악+무용,서양음악,1.0,무용,0.0
앙상블 클라비어 힙클 [안동],서양음악+대중음악,서양음악,0.9999,대중음악,0.0
제6회 대구국제컴퓨터음악제,대중음악+뮤지컬,대중음악,1.0,뮤지컬,0.0
세종메세나 콘서트,연극+한국음악,연극,1.0,한국음악,0.0
"M.I.H 프로젝트 예술단 통합기획공연, MADE IN 화성",서양음악+무용,서양음악,0.9999,무용,0.0
데뷔를 대비하라,뮤지컬+연극,뮤지컬,0.9984,연극,0.0016
크로이체르 소나타: 베토벤과 톨스토이의 만남 [용인],서양음악+한국음악,서양음악,0.9942,한국음악,0.0038
The Modern 402,뮤지컬+연극,뮤지컬,0.8148,연극,0.1238
The Magic 팬텀 & 퀸 [대구],서양음악+대중음악,서양음악,0.9913,대중음악,0.0086
화려,뮤지컬+대중음악,뮤지컬,0.9888,대중음악,0.0111
신노이 SINNOI [수원],한국음악+대중음악,한국음악,0.9999,대중음악,0.0001
물의감각,한국음악+서양음악,한국음악,0.9903,서양음악,0.009
"전원경의 아트살롱, 그림콘서트: 상트페테르부르크의 겨울바람",서양음악+무용,서양음악,1.0,무용,0.0
"그림자극으로 만나는 환상의 음악여행, 동물의 사육제 & 피터와 늑대 [김제]",서양음악+한국음악,서양음악,1.0,한국음악,0.0
문밖의 사람들: 門外漢 이번 생은 주관식입니다,대중음악+뮤지컬,대중음악,1.0,뮤지컬,0.0
대한민국 동화축제 [포항],무용+뮤지컬,무용,0.9987,뮤지컬,0.0012
크로키키 브라더스 [안양],뮤지컬+무용,뮤지컬,0.9777,무용,0.0208
THE BOUNDLESS TWIST,뮤지컬+연극,뮤지컬,0.9261,연극,0.0487
"SAC ON SCREEN, 위대한 낙서 [제주]",서양음악+연극,서양음악,0.9698,연극,0.0297
청소년 교과서 음악회,연극+한국음악,연극,0.9357,한국음악,0.0577
Recovery 춘천: 놀我YOU,한국음악+뮤지컬,한국음악,0.3756,뮤지컬,0.2778
기존의 인형들: 인형의 조건들,연극+무용,연극,1.0,무용,0.0
노크,서양음악+한국음악,서양음악,0.5612,한국음악,0.4388
제32회 아트레온갤러리콘서트,서양음악+한국음악,서양음악,1.0,한국음악,0.0
김영임 & 김용임과 함께하는 희희낙락 [경기 광주],대중음악+한국음악,대중음악,0.9783,한국음악,0.0216
성남아트센터 후원회 음악회: Love of winter,서양음악+무용,서양음악,0.9522,무용,0.0289
"얼리 윈터페스티벌, 잇쇼",서양음악+대중음악,서양음악,0.5977,대중음악,0.3705
김영임 김용임과 함께하는 희희낙락 [오산],한국음악+대중음악,한국음악,0.8922,대중음악,0.1077
극단 선인장 갈라콘서트: 씨앗,연극+서양음악,연극,0.9847,서양음악,0.0133
"흔들리며 피는 꽃 21, 낙동강 블루스",연극+대중음악,연극,0.9988,대중음악,0.0009
"삼청각 수요상설공연, 거꾸로프로젝트: 흥보와 놀다",대중음악+연극,대중음악,0.9983,연극,0.0015
제주-싱가포르 교류 공연: 순환,연극+무용,연극,1.0,무용,0.0
희망 나눔 콘서트 [파주],대중음악+한국음악,대중음악,1.0,한국음악,0.0
"제15회 예문학생예술단음악회, 예문학생윈드오케스트라, 예문학생시어터 공연: 홈커밍데이(Homecoming Day)",한국음악+대중음악,한국음악,0.9828,대중음악,0.0163
"아홉번째 스윙-바이, 김바리X정은혜: 박동",연극+한국음악,연극,1.0,한국음악,0.0
디렉션 후원 나이트,서양음악+무용,서양음악,0.9401,무용,0.0502
앙상블 노엘의 매지컬 싱어롱,뮤지컬+서양음악,뮤지컬,1.0,서양음악,0.0
송년음악회 [보령],서양음악+대중음악,서양음악,0.9992,대중음악,0.0004
제60회 K-Theater Awards,대중음악+연극,대중음악,0.9399,연극,0.0353
마주보는집 & 공감토크쇼,대중음악+연극,대중음악,1.0,연극,0.0
송년문화행사 [인천],대중음악+연극,대중음악,0.9998,연극,0.0001
방구 대 방구 [의정부],대중음악+뮤지컬,대중음악,0.8369,뮤지컬,0.1589
신년음악회,대중음악+한국음악,대중음악,0.97,한국음악,0.0146
Happy New Year [인천],대중음악+서양음악,대중음악,1.0,서양음악,0.0
"신년음악회, 소복다복(笑福多福): 계묘년",대중음악+뮤지컬,대중음악,0.9875,뮤지컬,0.0125
"창작산실, 김재훈의 P.N.O",연극+무용,연극,0.9297,무용,0.0512
신년음악회 [보령],대중음악+뮤지컬,대중음악,0.6549,뮤지컬,0.332
국립정동극장 신년음악회,뮤지컬+서양음악,뮤지컬,0.9983,서양음악,0.0016
"제9회 경기공연예술페스타, DAY 1",뮤지컬+서양음악,뮤지컬,0.8443,서양음악,0.1479
"제9회 경기공연예술페스타, DAY 2",뮤지컬+서양음악,뮤지컬,0.8191,서양음악,0.17
the Black Show 003,무용+대중음악,무용,0.5171,대중음악,0.3396
동물의 사육제 [세종],서양음악+무용,서양음악,1.0,무용,0.0
3.1절 기념 한용운이 부르는 님의 침묵,서양음악+무용,서양음악,0.9751,무용,0.0238
예감살롱콘서트,대중음악+한국음악,대중음악,0.9977,한국음악,0.0017
ACC 브런치콘서트 (패키지),뮤지컬+대중음악,뮤지컬,0.6838,대중음악,0.1737
소리가 춤을 부른다,한국음악+무용,한국음악,0.5474,무용,0.4349
"탱고, 매혹",연극+뮤지컬,연극,0.9706,뮤지컬,0.0258
삼일절 104돌 기념 성남시민 어울림 한마당,무용+한국음악,무용,0.9957,한국음악,0.0024
"모도다프로젝트, 감정: 팔이",한국음악+서양음악,한국음악,0.9629,서양음악,0.0279
피콜리스트 김원미 & 안디아모 콘서트 [안동],서양음악+한국음악,서양음악,1.0,한국음악,0.0
"최정주 아트앤뮤직 큐레이션, 음악이 흐르는 도시 베네치아",서양음악+무용,서양음악,1.0,무용,0.0
즉흥공감극장(Playback Theatre)봄 정기공연,연극+무용,연극,1.0,무용,0.0
벌나비가 찾아와서 봄소식을 전하는데,한국음악+서양음악,한국음악,0.9901,서양음악,0.0091
"제88회 명품콘서트, Asia & Saha 아티스트 콜라보",연극+한국음악,연극,0.56,한국음악,0.4123
"오픈씨어터 오발콘 시리즈 Ⅰ, Vamonos! 돈키호테",서양음악+무용,서양음악,0.9998,무용,0.0001
"김준수와 함께하는 하남명무전, 봄, 춤으로 피어나다 [하남]",한국음악+무용,한국음악,0.5267,무용,0.4577
토케토리 골방콘서트,무용+한국음악,무용,0.9931,한국음악,0.0046
HAKUEI KIM X 이봉근 X 하윤주 콘서트: 3,대중음악+한국음악,대중음악,0.9864,한국음악,0.0132
"마티네콘서트 마실, 협궤열차의 꿈",대중음악+뮤지컬,대중음악,0.9998,뮤지컬,0.0002
"아침음악나들이 1, 존노 & 고영열",한국음악+대중음악,한국음악,0.5255,대중음악,0.4255
"통영국제음악제, 해리 파치: 플렉트럼과 타악기 춤",뮤지컬+대중음악,뮤지컬,1.0,대중음악,0.0
첼로가야금 [연천],한국음악+서양음악,한국음악,0.9737,서양음악,0.0262
읽은척 판소리 북 콘서트: 나는 고양이로소이다.,서양음악+무용,서양음악,1.0,무용,0.0
개구리왕자,뮤지컬+대중음악,뮤지컬,0.9969,대중음악,0.0028
춘하추동 디톡스 콘서트,한국음악+대중음악,한국음악,0.9997,대중음악,0.0001
"통영국제음악회, 온드레이 아다멕: 디너",서양음악+뮤지컬,서양음악,0.6325,뮤지컬,0.2691
Talk Talk Talk,뮤지컬+대중음악,뮤지컬,0.9761,대중음악,0.0121
"춘천문화예술회관 개관 30주년, 우리 여기에: 첫째날 광장으로",무용+연극,무용,0.9683,연극,0.0161
제4회 장애인의 날 기념 위더스콘서트,대중음악+서양음악,대중음악,0.9896,서양음악,0.009
Re:born과 함께하는 Refresh Concert,서양음악+한국음악,서양음악,1.0,한국음악,0.0
"아름다운 동행 우리함께, SING A SONG",서양음악+한국음악,서양음악,1.0,한국음악,0.0
"퍼플엘리, 에펠탑 앞에서 사진찍기",서양음악+무용,서양음악,0.9479,무용,0.0487
소녀의 꿈,서양음악+무용,서양음악,1.0,무용,0.0
룰루랄라와 함께하는 동화책 콘서트,대중음악+연극,대중음악,1.0,연극,0.0
"제76회 (사)한국여성작곡가회 봄 정기발표회, 도약",서양음악+무용,서양음악,1.0,무용,0.0
더 퍼스트 뮤직 IN 슬램덩크,대중음악+연극,대중음악,0.8416,연극,0.1082
별주부전,연극+한국음악,연극,0.9959,한국음악,0.0041
광주상설공연(5월),연극+무용,연극,0.9879,무용,0.0107
원주시민과 함께하는 열린음악회 [원주],한국음악+서양음악,한국음악,0.957,서양음악,0.043
"광주시립교향악단, 그림자극과 함께하는 키즈클래식",서양음악+한국음악,서양음악,1.0,한국음악,0.0
"피카스 그림동화 음악회, 장난감 병정과 발레리나",서양음악+뮤지컬,서양음악,0.9999,뮤지컬,0.0
페페의 꿈 [춘천],서양음악+무용,서양음악,1.0,무용,0.0
가슴이 콩닥콩닥 [창원],연극+한국음악,연극,0.9998,한국음악,0.0002
방귀 며느리 [통영],연극+뮤지컬,연극,0.9202,뮤지컬,0.0414
내시십분 콘서트 [부산],연극+한국음악,연극,0.9515,한국음악,0.0433
수상한스테이지 (5월),대중음악+뮤지컬,대중음악,0.9593,뮤지컬,0.0407
봄 ＆ 희망 콘서트 [대구],서양음악+무용,서양음악,1.0,무용,0.0
반짝반짝 그 찬란한 날 [대구],한국음악+서양음악,한국음악,0.9734,서양음악,0.0266
스페이스 크루즈(SPACE CRUISE),서양음악+뮤지컬,서양음악,1.0,뮤지컬,0.0
"브람스의 구연동화 연가곡, 아름다운 마겔로네",서양음악+뮤지컬,서양음악,0.9998,뮤지컬,0.0002
"천재 모차르트, 라마",연극+대중음악,연극,0.8579,대중음악,0.1386
"Asia & Saha Ⅱ, 중국편 (5.17)",서양음악+한국음악,서양음악,0.9944,한국음악,0.0056
"오월국제교류음악회, 평화와 희망을 기원하는 함께가자 희망찬 세상으로",뮤지컬+대중음악,뮤지컬,0.9803,대중음악,0.0195
동물의 사육제 & 피터와 늑대 [광양],서양음악+한국음악,서양음악,1.0,한국음악,0.0
"춘향, 날개를 뜯긴 새 [서울]",무용+한국음악,무용,0.9974,한국음악,0.002
Reflection,한국음악+무용,한국음악,0.6214,무용,0.3697
예술봄소리와 함께하는 EQ－UP (오전),서양음악+한국음악,서양음악,0.9995,한국음악,0.0005
신현대 콘서트: 파키스탄 카라코람 히말라야 히스파빙하 원정대 후원콘서트,대중음악+서양음악,대중음악,0.9991,서양음악,0.0009
마티네 콘서트 [용인],대중음악+서양음악,대중음악,0.956,서양음악,0.0424
DUO RECITAL,서양음악+한국음악,서양음악,0.9791,한국음악,0.02
"일상문화도시 페스티벌, 강북Festa",한국음악+연극,한국음악,0.9999,연극,0.0001
"노래극,  오월",대중음악+뮤지컬,대중음악,1.0,뮤지컬,0.0
김봉곤 훈장과 함께하는 NEW 조선통신사,한국음악+대중음악,한국음악,0.9962,대중음악,0.0038
옹칼의 비밀 [강릉],연극+뮤지컬,연극,0.593,뮤지컬,0.3882
"꿈 같은 마술이야기, 몽환록 [세종]",한국음악+대중음악,한국음악,0.7402,대중음악,0.2598
저녁을 닮은 음악 (5월),서양음악+무용,서양음악,0.7415,무용,0.2088
"키즈콘서트2, 클래식 in 발레 [화성]",서양음악+무용,서양음악,1.0,무용,0.0
그림자극과 함께하는 동물의 사육제,서양음악+연극,서양음악,0.918,연극,0.0778
꿈꾸는 어린이 예술극장 [공주],서양음악+무용,서양음악,1.0,무용,0.0
광주상설공연(6월),뮤지컬+대중음악,뮤지컬,0.9999,대중음악,0.0001
단오지향,무용+한국음악,무용,0.9949,한국음악,0.0034
낭만 정원 콘서트: 낭만가객 조선판 풍류 [순천],대중음악+한국음악,대중음악,0.9095,한국음악,0.0905
"제21회 정기공연 마상무예, 선기대 화성을 달리다",뮤지컬+서양음악,뮤지컬,0.7487,서양음악,0.1341
만해 한용운 선생 79주기 추모예술제,서양음악+연극,서양음악,0.8642,연극,0.1022
아웃풋 부산 6주년 [서울],뮤지컬+한국음악,뮤지컬,0.6488,한국음악,0.3509
어느 삐에로의 사랑 이야기,무용+서양음악,무용,0.8933,서양음악,0.0772
"브런치 콘서트, 김효영의 아름답고 신비한 생황의 초대 (6월)",한국음악+서양음악,한국음악,0.9745,서양음악,0.0253
"The e-끌림 국악 콘서트, 유네스코 창작품 우리네 보물찾기",한국음악+서양음악,한국음악,0.9998,서양음악,0.0001
타악 & DJ퍼포먼스 BEAT OF SCHOOL,한국음악+뮤지컬,한국음악,0.835,뮤지컬,0.1575
"굿모닝콘서트, 비원 of No boundary",한국음악+대중음악,한국음악,0.9989,대중음악,0.0006
"토크콘서트, Save the planet",연극+대중음악,연극,1.0,대중음악,0.0
"JUKEBOX OPERA, 내가 너라면? BODY CHANGE [광주]",서양음악+한국음악,서양음악,0.9977,한국음악,0.0012
begin again 타쇼 time [안산],한국음악+서양음악,한국음악,0.8908,서양음악,0.0883
제2회 SECOME,뮤지컬+한국음악,뮤지컬,0.6919,한국음악,0.3074
"11기 안산디자인문화고등학교 공연콘텐츠과 졸업발표회, a11 for ONE",한국음악+서양음악,한국음악,0.9984,서양음악,0.0009
제12회 실용음악 & 댄스 콘서트,한국음악+서양음악,한국음악,0.9826,서양음악,0.0164
"제25회 파주예술제, 예향 속으로",무용+연극,무용,0.9477,연극,0.0515
"호국보훈의달 기념콘서트, 아! 대한민국",서양음악+무용,서양음악,0.9999,무용,0.0001
페페의 꿈 [부산],대중음악+뮤지컬,대중음악,1.0,뮤지컬,0.0
진조크루 X 악단광칠: 리듬 오브 코리아 [대구],대중음악+한국음악,대중음악,0.8749,한국음악,0.123
허튼소리 Corea Beats [오산],서양음악+무용,서양음악,0.8609,무용,0.1306
COLORFULL RUN [세종],뮤지컬+서양음악,뮤지컬,0.9599,서양음악,0.0393
"콘서트 가이드 김성민과 떠나는 아르헨티나 탱고여행, 피아졸라",뮤지컬+서양음악,뮤지컬,0.6214,서양음악,0.3051
5히려 좋아,한국음악+대중음악,한국음악,1.0,대중음악,0.0
열린음악회: 국악신동김태연＆클라무오케스트라＆퓨전국악이희정밴드 [오산],대중음악+뮤지컬,대중음악,0.8664,뮤지컬,0.1208
젊은날의 초상,서양음악+한국음악,서양음악,0.9999,한국음악,0.0
영남국악관현악단의 The Big Concert,한국음악+대중음악,한국음악,1.0,대중음악,0.0
"일상으로 녹아내린 V, Real K-pop",한국음악+대중음악,한국음악,0.5521,대중음악,0.4149
테너 조용갑과 함께하는 5人 5色 Concert 오페라 & 크로스오버,한국음악+서양음악,한국음악,0.5936,서양음악,0.3761
"The e-끌림 국악 콘서트, 토끼의 간을 찾아라",한국음악+서양음악,한국음악,0.9971,서양음악,0.0023
"브라소닛 빅밴드와 앰비규어스댄스컴퍼니, Body ＆ Voice [부천]",뮤지컬+무용,뮤지컬,0.9999,무용,0.0001
"꿈나무극장 오감똑똑 어린이공연, 싸운드 써커스",대중음악+연극,대중음악,0.8237,연극,0.1763
코미디 애니멀 쇼 [부천],서양음악+한국음악,서양음악,1.0,한국음악,0.0
"시대 융화 콘서트, 이:음 [경기 광주]",서양음악+무용,서양음악,0.8745,무용,0.1168
광주상설공연 (7월),연극+무용,연극,0.7894,무용,0.1277
JAZZ & 국악 With 웅산 [인천],한국음악+대중음악,한국음악,1.0,대중음악,0.0
이천시민을 위한 희망음악회,서양음악+대중음악,서양음악,1.0,대중음악,0.0
"3인 3색, 동행",서양음악+한국음악,서양음악,0.9964,한국음악,0.0022
The Magic 팬텀 & 퀸 [논산],대중음악+서양음악,대중음악,0.9385,서양음악,0.0612
세상의 모든 피리,서양음악+한국음악,서양음악,0.9989,한국음악,0.0011
"쿼드초이스, 서도와 은미: 만병통치樂",무용+연극,무용,0.9964,연극,0.0036
"아트캠프, 패밀리 펀펀데이",무용+한국음악,무용,0.9837,한국음악,0.0149
"국립국악관현악단, 베스트컬렉션 [장흥]",서양음악+대중음악,서양음악,0.5858,대중음악,0.4104
제30회 덕원예술고등학교 정기무용발표회,서양음악+연극,서양음악,0.4944,연극,0.4684
열린음악회: 국악신동김태연＆클라무오케스트라＆퓨전국악이희정밴드 [김제],서양음악+한국음악,서양음악,1.0,한국음악,0.0
"쿼드초이스, 무토(MUTO) x 입과손스튜디오: 두개의 눈",한국음악+대중음악,한국음악,0.9998,대중음악,0.0002
"여우락 페스티벌, 모듈라서울: lull~유영",한국음악+서양음악,한국음악,0.6048,서양음악,0.3777
팜페라 콘서트,대중음악+서양음악,대중음악,0.9999,서양음악,0.0001
아트그룹 AMuse가 들려주는 지혜로운 전래동화 이야기 [대구],서양음악+무용,서양음악,0.9855,무용,0.0144
페페의 꿈 [상주],한국음악+무용,한국음악,0.9265,무용,0.0366
제134회 광주시립국악관현악단 정기연주회: 평화를 향한 역동과 진혼,한국음악+서양음악,한국음악,0.987,서양음악,0.0129
"전원경의 아트살롱, 그림콘서트: 로마의 여름 햇살",서양음악+한국음악,서양음악,1.0,한국음악,0.0
"제3회 더 패스 정기연주회, 한 여름밤의 악몽",서양음악+한국음악,서양음악,1.0,한국음악,0.0
재즈& 국악 울림콘서트,대중음악+한국음악,대중음악,0.7658,한국음악,0.2341
"싱크넥스트23, 서사무엘x지후트리: 그러면 사랑 얘기는 누가 하지",연극+서양음악,연극,0.9994,서양음악,0.0004
뽀로로 매직 싱어롱쇼: 슈퍼스타 뽀로로 드림콘서트,한국음악+서양음악,한국음악,0.9988,서양음악,0.0011
"월드뮤직 페스티벌, 국악 & 트로트 Sweet콘서트 [의령]",한국음악+대중음악,한국음악,0.9384,대중음악,0.0574
"발레와 국악의 조합, 마블링 [화성]",서양음악+무용,서양음악,0.812,무용,0.1857
모래의 마법사,대중음악+서양음악,대중음악,0.9586,서양음악,0.0198
광주상설공연 (8월),서양음악+무용,서양음악,0.9993,무용,0.0007
"발레와 국악의 조합, 마블링 [포항]",대중음악+연극,대중음악,1.0,연극,0.0
"제20회 평창대관령음악제, Main Concert #18: 봄의 제전 & 신박듀오, 김지영, 이재우",무용+서양음악,무용,0.996,서양음악,0.0032
"공연장상주단체 페스티벌, 한 여름 밤의 선물 [세종]",연극+한국음악,연극,0.9826,한국음악,0.014
"열세번째 스윙-바이, 이중중첩 & Slow Steps",대중음악+뮤지컬,대중음악,1.0,뮤지컬,0.0
샌드쉐도우쇼,한국음악+대중음악,한국음악,0.9998,대중음악,0.0001
빛고을 뮤직페스티벌 [광주],대중음악+연극,대중음악,1.0,연극,0.0
국립극장 달빛 상영회,뮤지컬+서양음악,뮤지컬,0.999,서양음악,0.0006
"춘하추동, 디톡스 콘서트 [보성]",대중음악+한국음악,대중음악,0.9946,한국음악,0.0053
"제33회 거창국제연극제, 보드빌의 갈매기",연극+대중음악,연극,1.0,대중음악,0.0
한여름밤 Ice Coffee 콘서트,대중음악+한국음악,대중음악,0.9987,한국음악,0.0012
"Chair, Table,  Chair",서양음악+무용,서양음악,1.0,무용,0.0
"싱크넥스트23, 광광,굉굉",연극+한국음악,연극,0.4458,한국음악,0.4339
Swing Train(스윙 트레인),서양음악+무용,서양음악,0.9705,무용,0.0295
음악이 춤을 추다 [울산],대중음악+한국음악,대중음악,0.729,한국음악,0.2694
늦은 여름밤의 군민응원콘서트 [옥천],대중음악+뮤지컬,대중음악,0.9639,뮤지컬,0.0165
"애국찬가 드라마콘서트, 동고동락 [안산]",뮤지컬+무용,뮤지컬,0.5303,무용,0.2991
"남산골 밤마실, 기담야행2: 망혼일 축제",대중음악+한국음악,대중음악,0.962,한국음악,0.0286
스피리또앙상블과 함께하는 베토벤 & 클림트 운명의 키스,뮤지컬+대중음악,뮤지컬,0.9915,대중음악,0.0074
"싱크넥스트23, 모니카xCIFIKA: 쓰인 적 없는 ㅅ",뮤지컬+무용,뮤지컬,1.0,무용,0.0
Orange Music,뮤지컬+대중음악,뮤지컬,0.9986,대중음악,0.0014
피터와 늑대 [부산],서양음악+뮤지컬,서양음악,1.0,뮤지컬,0.0
JAZZ & 국악 With 웅산 [군산],한국음악+대중음악,한국음악,0.9999,대중음악,0.0001
김준수 & 두 번째 달 콘서트 [평택],한국음악+대중음악,한국음악,0.4495,대중음악,0.3092
발레 메카닉 [강동],서양음악+무용,서양음악,1.0,무용,0.0
"세상 풍경, 소리에 담다",서양음악+한국음악,서양음악,0.3206,한국음악,0.2772
"애국찬가 드라마콘서트, 동고동락 [고양]",뮤지컬+서양음악,뮤지컬,0.9997,서양음악,0.0003
누모리쇼,한국음악+서양음악,한국음악,0.7625,서양음악,0.2305
"문화공감터 렉처 콘서트: 원도심 재생의 아름다움, 나의 일상에 들어오다",서양음악+대중음악,서양음악,1.0,대중음악,0.0
세종이네 복숭아나무,서양음악+한국음악,서양음악,0.9834,한국음악,0.0136
"K-예술축제 아.우.름, 대전국악방송 공개음악회: 북새통 [대전]",한국음악+뮤지컬,한국음악,0.6737,뮤지컬,0.2637
"박순아 & 키무라 슌스케: mortal, immortal",한국음악+무용,한국음악,0.6792,무용,0.2807
김태연과 함께하는 열린음악회 [영광],서양음악+무용,서양음악,0.9988,무용,0.0007
"싱크넥스트23, 궁리소 묻다의 우주 양자 마음",연극+무용,연극,0.9984,무용,0.0011
One Free Drink Concert [대전],뮤지컬+서양음악,뮤지컬,0.8028,서양음악,0.1799
우드로우,서양음악+한국음악,서양음악,0.9928,한국음악,0.0027
"플래시콘서트, 알리 & 한동준 위드 오케스트라",서양음악+대중음악,서양음악,1.0,대중음악,0.0
"브런치콘서트 피아니스트 김용진과 함께하는 이달의 공연: 보이는 콘서트, 현대무용 (8월)",서양음악+뮤지컬,서양음악,0.97,뮤지컬,0.0198
하우스콘서트 아리아리동동(同同) [함양],뮤지컬+대중음악,뮤지컬,0.5573,대중음악,0.4334
광주상설공연 (9월),서양음악+한국음악,서양음악,0.9316,한국음악,0.0677
"싱크넥스트23, 백현진 쑈: 공개방송",서양음악+대중음악,서양음악,0.8487,대중음악,0.1352
Movie & Musical과 함께하는 음악산책 [홍주],서양음악+무용,서양음악,1.0,무용,0.0
제9회 사랑앤 뇌병변 장애인을 위한 자선음악회,서양음악+무용,서양음악,1.0,무용,0.0
광주학생 탈렌트 페스티벌,서양음악+무용,서양음악,1.0,무용,0.0
"이앤아이앙상블 콘서트, 칼레이도 사이클 [용인]",연극+서양음악,연극,0.9994,서양음악,0.0004
"태권무 한빛, 제주오백장군이야기",서양음악+연극,서양음악,1.0,연극,0.0
"김천시립예술단 서울공연, Memory in 김천",서양음악+한국음악,서양음악,1.0,한국음악,0.0
"몽골국립예술단 초청공연, Nomad, met as art [예산]",서양음악+뮤지컬,서양음악,1.0,뮤지컬,0.0
JAZZ & 국악 with 웅산 [장흥],대중음악+한국음악,대중음악,0.962,한국음악,0.038
홍지민과 함께하는 판타스틱쇼 시즌2,대중음악+뮤지컬,대중음악,0.6608,뮤지컬,0.3384
"가족과 함께하는 카툰 콘서트, 셜록홈즈 With POLYSYMPHONIC [대전]",대중음악+서양음악,대중음악,0.9799,서양음악,0.0195
"춘하추동, 디톡스 콘서트 : 남상일&박구윤&최연화",대중음악+한국음악,대중음악,0.9983,한국음악,0.0016
어머니 달의신화,연극+대중음악,연극,0.9684,대중음악,0.0315
뷰티힐링 콘서트 with VIPIST [고양],서양음악+한국음악,서양음악,0.6087,한국음악,0.152
퍼플콘서트 in 서울,뮤지컬+무용,뮤지컬,0.6931,무용,0.1752
김영임 & 김용임과 함께하는 희희낙락 [문경],한국음악+대중음악,한국음악,0.8502,대중음악,0.1496
"남구청년예술제, 함께푸르다: 해야청청",무용+대중무용,무용,0.9908,대중무용,0.0064
오라토리오 마르티레스,한국음악+서양음악,한국음악,0.9633,서양음악,0.0192
그림자야 놀자 [부천],대중음악+뮤지컬,대중음악,1.0,뮤지컬,0.0
"동고동락 청년 예술 콘서트, 청신호: 파동이 우리를 주파할 때 [안산]",서양음악+한국음악,서양음악,1.0,한국음악,0.0
"전주세계소리축제 개막공연, 상생과 회복 [전주]",서양음악+한국음악,서양음악,0.9393,한국음악,0.0602
"제14회 부산마루국제음악제, 프롬나드 콘서트IV, 지브리 WITH 샌드아트",서양음악+뮤지컬,서양음악,1.0,뮤지컬,0.0
"서리풀악동문화공연, 매직컬 피터팬",연극+무용,연극,1.0,무용,0.0
"전원경의 아트살롱, 그림콘서트: 고독한 뉴요커",대중음악+뮤지컬,대중음악,0.9842,뮤지컬,0.0102
제113회 강릉시립합창단 정기연주회,서양음악+한국음악,서양음악,0.9999,한국음악,0.0001
호수 위 우주 [충주],무용+연극,무용,0.9991,연극,0.0006
형형색색 3인 3색 콘서트 [창원],서양음악+무용,서양음악,1.0,무용,0.0
시네마 음악회 [부산],서양음악+대중음악,서양음악,0.9986,대중음악,0.0009
을숙도문화회관 재개관기념 공연,서양음악+대중음악,서양음악,0.9995,대중음악,0.0005
"제22회 전주세계소리축제, re:Orient [전주]",서양음악+한국음악,서양음악,0.854,한국음악,0.138
"서구愛마토콘서트, 서풍: 이찬원, 정미애, 민요 김단희, 영남국악관현악단",대중음악+한국음악,대중음악,0.9791,한국음악,0.0203
브런치콘서트 피아니스트 김용진과 함께하는 이달의 공연: 국악이 흐르는 클래식 (9월),서양음악+한국음악,서양음악,0.9721,한국음악,0.0223
"삼국유사교육문화회관 가을밤 콘서트, 모던민요: 송소희 & 두번째달 & 오단해",뮤지컬+연극,뮤지컬,0.9975,연극,0.0022
광주상설공연 (10월),무용+뮤지컬,무용,0.8212,뮤지컬,0.1787
"브라소닛 빅밴드와 앰비규어스댄스컴퍼니, Body ＆ Voice [안동]",서양음악+무용,서양음악,0.9993,무용,0.0006
제14회 안산 성황 예술제,연극+무용,연극,0.9353,무용,0.0645
"제12회 당진시민의 날, 기념식",서양음악+무용,서양음악,0.8583,무용,0.1022
제55회 군산 진포예술제 개막식,대중음악+뮤지컬,대중음악,1.0,뮤지컬,0.0
"신라, 천년의 비상 [경주]",서양음악+한국음악,서양음악,0.9977,한국음악,0.0023
발레 메카닉 [LG아트센터],뮤지컬+서양음악,뮤지컬,0.7607,서양음악,0.1273
호수 위 우주 [세종],무용+연극,무용,0.9993,연극,0.0004
제17회 당진예술제,대중음악+뮤지컬,대중음악,0.7104,뮤지컬,0.2749
그림 속으로 들어간 소녀,한국음악+대중음악,한국음악,0.9975,대중음악,0.002
재즈 온 메이플스토리 [고양],대중음악+한국음악,대중음악,0.7215,한국음악,0.2593
홍지민과 함께하는 판타스틱쇼 시즌2 [함양],뮤지컬+대중음악,뮤지컬,0.563,대중음악,0.437
SBS 뽕사활동과 함께하는 희망나눔 열린음악회 [대구],대중음악+뮤지컬,대중음악,0.9037,뮤지컬,0.0962
"창원문화재단과 함께하는 해군음악회, 항해 [창원]",서양음악+뮤지컬,서양음악,0.9811,뮤지컬,0.0188
가을 콘서트 [광양],대중음악+연극,대중음악,1.0,연극,0.0
"신라, 천년의 비상 [울산]",서양음악+한국음악,서양음악,0.9975,한국음악,0.0025
"제11회 자문밖문화축제, 오프닝공연",서양음악+한국음악,서양음악,0.9886,한국음악,0.0093
예술로 fantastic collaboration!,대중음악+뮤지컬,대중음악,0.7839,뮤지컬,0.1556
디스이즈잇 [제주],뮤지컬+서양음악,뮤지컬,1.0,서양음악,0.0
"그림이 오감을 만났을 때, 감각주의 Ep.2: 르누아르를 느끼다 [대구]",서양음악+무용,서양음악,1.0,무용,0.0
Jazz & 국악 With 웅산,한국음악+대중음악,한국음악,0.9978,대중음악,0.0015
"제23회 SPAF, 구조와 의식",무용+한국음악,무용,0.9999,한국음악,0.0
햄릿: 소리의심리학,뮤지컬+연극,뮤지컬,0.9958,연극,0.0031
홍지민과 함께하는 판타스틱쇼 시즌2 [고령],뮤지컬+대중음악,뮤지컬,0.9712,대중음악,0.0284
"방방곡곡 문화공감, 누모리쇼",한국음악+서양음악,한국음악,0.9769,서양음악,0.0196
月간 경지: 두개의 Moon,한국음악+대중음악,한국음악,1.0,대중음악,0.0
제29회 구미음악제,서양음악+무용,서양음악,1.0,무용,0.0
가을밤의 음악회,대중음악+서양음악,대중음악,0.9201,서양음악,0.0798
"제63주년 2.28민주운동 헌정공연, 굳센 강물처럼",무용+서양음악,무용,0.9345,서양음악,0.055
"제26회 광주소극장축제 공식참여작, 암향환향",서양음악+연극,서양음악,0.5166,연극,0.2511
"프리즘홀 10주년 기념공연, 다브다 X 제이통: A.D.10",대중음악+뮤지컬,대중음악,0.9717,뮤지컬,0.0256
자유를 향한 소리 [부천],서양음악+무용,서양음악,0.9735,무용,0.026
속 시원한 음악회,서양음악+무용,서양음악,1.0,무용,0.0
"해금병창, 사철에 꽃길로 님을 모십니다",대중음악+한국음악,대중음악,1.0,한국음악,0.0
비오케이 문화산책 (10월),서양음악+뮤지컬,서양음악,1.0,뮤지컬,0.0
Mr 오페라 Miss 뮤지컬 [경주],서양음악+한국음악,서양음악,1.0,한국음악,0.0
제10회 이데일리 문화대상 시상식,대중음악+서양음악,대중음악,0.9982,서양음악,0.0018
광주상설공연 (11월),서양음악+연극,서양음악,0.6018,연극,0.3641
"어텀바로크, 비바헨델: 아르카디아의 사랑 시즌2",서양음악+무용,서양음악,1.0,무용,0.0
화합콘서트 동행 [전남 영광],서양음악+연극,서양음악,0.9979,연극,0.002
"최부미 Jazz Odyssey, 가려진 여정 [인천]",대중음악+연극,대중음악,1.0,연극,0.0
동물의 사육제와 피터와 늑대,뮤지컬+서양음악,뮤지컬,0.9981,서양음악,0.0018
방과후 공연놀이터,대중음악+서양음악,대중음악,0.9978,서양음악,0.0022
"부산국악방송 개국12주년기념 공개음악회, 좋아海 사랑海",한국음악+대중음악,한국음악,1.0,대중음악,0.0
"팀 퍼니스트 서커스 음악극: 체어,테이블,체어 [광주]",뮤지컬+연극,뮤지컬,0.75,연극,0.1998
깽판: 우리가 살판 [양주],무용+뮤지컬,무용,0.8237,뮤지컬,0.1629
콘텐츠 창의인재동반사업 쇼케이스: 데뷔를 대비하라,연극+무용,연극,0.9999,무용,0.0001
숨 S:UM,서양음악+한국음악,서양음악,0.7144,한국음악,0.2856
고양 학생 뮤지컬&연극&영화 축제,서양음악+한국음악,서양음악,0.9506,한국음악,0.0404
"제41회 제물포예술제: No Instruments, Only Voices.",서양음악+한국음악,서양음악,0.9994,한국음악,0.0006
"관현악시리즈Ⅱ, 관현악의 기원: 이머시브 1인 관람극 (11.23)",한국음악+연극,한국음악,0.9994,연극,0.0006
"관현악시리즈Ⅱ, 관현악의 기원: 이머시브 1인 관람극 (11.24)",한국음악+연극,한국음악,0.9991,연극,0.0008
제1회 청바지 가을 음악회: 청년이 바꾸는 지방,서양음악+연극,서양음악,0.9271,연극,0.0398
울산에이팜,대중음악+서양음악,대중음악,0.7752,서양음악,0.2103
폴링 인 트롯 with 신유 [용인],서양음악+대중음악,서양음악,0.9268,대중음악,0.0725
"서구愛마토콘서트, 나팔바지: X세대 엄빠의 가요 톱텐",무용+한국음악,무용,0.9991,한국음악,0.0006
제11회 성남시 통고구마 축제,서양음악+대중음악,서양음악,0.5311,대중음악,0.4689
세종메세나 콘서트,서양음악+무용,서양음악,1.0,무용,0.0
주창회 정기연주회: 현대음악 그리고 사계예찬 [대전],서양음악+한국음악,서양음악,0.9994,한국음악,0.0005
The House Of M,뮤지컬+연극,뮤지컬,0.9993,연극,0.0007
광주상설공연 (12월),대중음악+뮤지컬,대중음악,1.0,뮤지컬,0.0
드림 희망 콘서트 [김제],대중음악+서양음악,대중음악,1.0,서양음악,0.0
"AAA, 한재석 X 송지윤",한국음악+대중음악,한국음악,0.9764,대중음악,0.0235
"무장애 문화향유 활성화 지원사업, 이심전심 문화공감",대중음악+서양음악,대중음악,0.7625,서양음악,0.2366
"대한문화예술제전, 회.귀",무용+서양음악,무용,0.8952,서양음악,0.1047
국악이 흐르는 클래식 [오산],한국음악+서양음악,한국음악,0.609,서양음악,0.2322
"남상일 & 리사의 뮤지컬, 국악을 만나다 [연천]",뮤지컬+한국음악,뮤지컬,0.5884,한국음악,0.1536
"AAA, 김혜연 X 최여완: 완연",연극+무용,연극,0.8927,무용,0.0818
경민대학교 공연예술과 졸업공연,연극+뮤지컬,연극,0.8916,뮤지컬,0.0753
"한국예술융합학회, Art; Versa 시리즈 V: 동. 서양 예술의 융합",서양음악+한국음악,서양음악,1.0,한국음악,0.0
크리스마스 칸타타 [부산],서양음악+뮤지컬,서양음악,0.9976,뮤지컬,0.0012
"배익한 재즈오케스트라, 소리: 흥을 더하다",한국음악+서양음악,한국음악,0.9965,서양음악,0.0034
"DSAC 문화나눔 프로젝트, 아모르 콘서트: 크로스 오버",서양음악+대중음악,서양음악,0.5945,대중음악,0.3311
부안 송년 콘서트,한국음악+서양음악,한국음악,0.9998,서양음악,0.0002
"행복한 동행, 모두의 예술",서양음악+무용,서양음악,1.0,무용,0.0
"예술동호회 교류 축제, 우다다다 미니콘서트",서양음악+한국음악,서양음악,0.9845,한국음악,0.0155
프렉티스: 사운드 엔텔레키 [서울],뮤지컬+대중음악,뮤지컬,0.9643,대중음악,0.0356
"AAA, Mohani X 마롱: 들고 나는 소리",한국음악+연극,한국음악,0.9965,연극,0.0028
IT중소기업을 위한 송년음악회,서양음악+한국음악,서양음악,1.0,한국음악,0.0
"바리톤 정 경의 오페라마, 정신나간 작곡가와 키스하다",서양음악+뮤지컬,서양음악,0.9999,뮤지컬,0.0001
PIUM Project 크리스마스 스페셜 콘서트 [대전],서양음악+대중음악,서양음악,0.6587,대중음악,0.3403
송년콘서트 [광양],서양음악+무용,서양음악,0.8558,무용,0.1431
송년행복콘서트,서양음악+대중음악,서양음악,0.965,대중음악,0.0336
가라지 콘서트,한국음악+뮤지컬,한국음악,0.9974,뮤지컬,0.0026
김준수 X 두번째달 콘서트 [광주],한국음악+대중음악,한국음악,0.9995,대중음악,0.0003
"함께하는 사랑밭 감사 콘서트, 담다 닮다",대중음악+한국음악,대중음악,0.7249,한국음악,0.2548
"송년음악회, 우리가 함께한 순간들",서양음악+한국음악,서양음악,1.0,한국음악,0.0
힐링음악회 [안산],한국음악+연극,한국음악,1.0,연극,0.0
12월의 사랑가 [수원],서양음악+무용,서양음악,0.9995,무용,0.0002
동백꽃 여인 (La Traviata) [충주],서양음악+한국음악,서양음악,1.0,한국음악,0.0
"예술창작활동지원사업 선정 프로젝트, Live, Electronics in Forest",뮤지컬+연극,뮤지컬,0.871,연극,0.0479
"송년콘서트: 수고했어, 올해도! [함양]",대중음악+서양음악,대중음악,0.4938,서양음악,0.2162
송년음악회 [논산],서양음악+대중음악,서양음악,0.9999,대중음악,0.0001
"제2회 시민과 함께하는 남양주 예술제, 함께 피어 아름다운 꽃 예술花",한국음악+서양음악,한국음악,0.9393,서양음악,0.0602
MBC 뮤직페스티벌 송년음악회,서양음악+대중음악,서양음악,0.9999,대중음악,0.0001
뮤지컬배우 박해미와 함께하는 열린음악회 [부안],뮤지컬+대중음악,뮤지컬,1.0,대중음악,0.0
"김천시립예술단 송년음악회, CHRISTMAS CONCERT",서양음악+한국음악,서양음악,1.0,한국음악,0.0
루비뮤직 Ruby music Vin chaud Christmas,서양음악+대중음악,서양음악,1.0,대중음악,0.0
예문학생예술단 정기연주회,대중음악+서양음악,대중음악,0.9891,서양음악,0.0106
송년음악회 [칠곡군],서양음악+뮤지컬,서양음악,1.0,뮤지컬,0.0
"AAA, 최지송 X 양희진: 소리와 시간의 연무",대중음악+서양음악,대중음악,1.0,서양음악,0.0
ACC 송년음악회,서양음악+대중음악,서양음악,1.0,대중음악,0.0
해피 아트: 크리스마스 선물,뮤지컬+연극,뮤지컬,1.0,연극,0.0
"흔들리며 피는 꽃 22, 괭이갈매기와 땅채송화의 섬, 독도",연극+서양음악,연극,0.6073,서양음악,0.3909
"AAA, 더 클라이머스: 남겨진 소리와 어떤 희망",대중음악+한국음악,대중음악,0.5842,한국음악,0.4019
그림자극과 함께하는 호두까기 인형 [수원],연극+서양음악,연극,0.9755,서양음악,0.0202
"청소년을 위한 예술소풍 Ⅲ, 영화음악 옴니버스 콘서트",연극+무용,연극,0.7576,무용,0.2418
뮤지컬군과 오페라양의 사랑이야기 [수원],서양음악+무용,서양음악,1.0,무용,0.0
"단오장단과 함께하는 피아노의 향연, 일곱 번째 이야기",서양음악+무용,서양음악,1.0,무용,0.0
"이장희 프로젝트, 비인집: Home & Home [대구]",연극+뮤지컬,연극,0.7652,뮤지컬,0.2119
INTERCONNECTIONS: 상호연결,한국음악+서양음악,한국음악,0.9712,서양음악,0.0287
한 해를 마무리 짓는 매듭달 음악회 [군포],한국음악+서양음악,한국음악,1.0,서양음악,0.0
"성동문화나눔 송년 공연, 송년콘서트: 수고했어, 올해도!",서양음악+대중음악,서양음악,1.0,대중음악,0.0
수원시민과 함께하는 수원시립예술단 송년음악회,서양음악+뮤지컬,서양음악,1.0,뮤지컬,0.0
WeSA Festival: Sound is the New Music,대중음악+뮤지컬,대중음악,0.9588,뮤지컬,0.0411
"스물한번째 스윙-바이, Improvisations",서양음악+뮤지컬,서양음악,1.0,뮤지컬,0.0
모래의 마법사,대중음악+연극,대중음악,1.0,연극,0.0
"신년음악회: 문화의 비상, 국민과 함께",서양음악+한국음악,서양음악,1.0,한국음악,0.0
광주상설공연 (2월),대중음악+뮤지컬,대중음악,0.9999,뮤지컬,0.0001
Invocation,대중음악+뮤지컬,대중음악,1.0,뮤지컬,0.0
"신은미, 유진규, 배일동이 떠나는 신유배 기행",연극+한국음악,연극,0.9999,한국음악,0.0001
피아노선생님이 들려주는 국악이야기 [김해],서양음악+대중음악,서양음악,0.9673,대중음악,0.0272
그림자극으로 만나는 비발디의 사계,서양음악+무용,서양음악,0.99,무용,0.0056
봄의향연 [오산],대중음악+서양음악,대중음악,0.4399,서양음악,0.402
In & Around C,서양음악+한국음악,서양음악,0.9996,한국음악,0.0003
"그림 읽어주는 베토벤, THE CONCERT: 플란다스의 개 [울산]",서양음악+대중음악,서양음악,0.8073,대중음악,0.1771
Just 바리X운정X은용,한국음악+무용,한국음악,0.9452,무용,0.0535
광주상설공연 (3월),무용+서양음악,무용,0.9974,서양음악,0.0025
"이데일리TV 신춘 오페라마 콘서트, A New Beginning",서양음악+뮤지컬,서양음악,1.0,뮤지컬,0.0
"삼성생명, 삼성화재와 함께하는 오페라마 음악회: 한국 가곡의 봄",서양음악+뮤지컬,서양음악,0.9751,뮤지컬,0.0235
"시네마 클래식, 꽃피는 봄이 오면",서양음악+뮤지컬,서양음악,1.0,뮤지컬,0.0
Colorful Music Gala Concert,뮤지컬+서양음악,뮤지컬,0.9379,서양음악,0.0599
3.1절 기념 한용운이 부르는 님의침묵 [광주],서양음악+무용,서양음악,0.9546,무용,0.033
라움 마티네 콘서트,서양음악+한국음악,서양음악,1.0,한국음악,0.0
3.1절 기념 한용운이 부르는 님의침묵 [대구],서양음악+무용,서양음악,0.9571,무용,0.0257
"파동 입자 13: 김지효, Joss Turnbull",서양음악+한국음악,서양음악,1.0,한국음악,0.0
"서울신문 창간 120주년 기념, 봄날음악회",한국음악+서양음악,한국음악,0.5965,서양음악,0.403
"ON:明 창단 연주회, ON:明: 20.5",대중음악+연극,대중음악,1.0,연극,0.0
"프리뮤직 콘서트: 강태환, 김덕수, 최선배 등",서양음악+한국음악,서양음악,1.0,한국음악,0.0
"국악 트롯 콘서트, 동락 [안동]",한국음악+서양음악,한국음악,0.9727,서양음악,0.0182
"수성아트피아 렉처콘서트 시리즈, 정호승의 작업노트",서양음악+무용,서양음악,0.9999,무용,0.0001
한일 교류음악회,한국음악+서양음악,한국음악,0.9997,서양음악,0.0001
"국립남도국악원 토요상설, 국악이 좋다: 국악의 향연: 꽃 피는 봄날",한국음악+연극,한국음악,0.9897,연극,0.0045
"일본민주음악협회 교류공연, 한일교류 음악회",한국음악+대중음악,한국음악,0.9983,대중음악,0.0017
"모두뮤직페스타, Belonging Ⅳ: 해방 Emancipation",대중음악+서양음악,대중음악,0.576,서양음악,0.4204
빨간풍선,연극+대중음악,연극,0.9703,대중음악,0.0131
"EHWAJANG 326 ARTSTREET BORN SS CONCERT, Stage concert",서양음악+연극,서양음악,0.9871,연극,0.0125
열린 음악회 [정읍],서양음악+대중음악,서양음악,0.9331,대중음악,0.035
"제155회 두레콘서트, 시와 노래가 있는 나태주 시인 토크 콘서트",한국음악+연극,한국음악,0.6505,연극,0.3038
"국립남도국악원 토요상설, 국악이 좋다: 엿장수 허쟁강",한국음악+뮤지컬,한국음악,0.9765,뮤지컬,0.0172
"통영국제음악제, 리히터스 패턴스",대중음악+연극,대중음악,0.9451,연극,0.033
"판소리 오페라, 소월 [고양]",서양음악+한국음악,서양음악,0.9892,한국음악,0.0089
국립정동극장 신년음악회,대중음악+한국음악,대중음악,0.8896,한국음악,0.0838
그대 먼 데서 이기고 돌아온 사람아,대중음악+뮤지컬,대중음악,1.0,뮤지컬,0.0
4.4 독립만세운동 기념음악회: 달의 춤,서양음악+한국음악,서양음악,0.9982,한국음악,0.0018
"스물네번째 스윙-바이, 자유즉흥연주",대중음악+한국음악,대중음악,0.5559,한국음악,0.4379
"국립남도국악원 토요상설, 국악이 좋다: 국악의 향연",뮤지컬+연극,뮤지컬,0.6193,연극,0.2048
광주상설공연 (4월),서양음악+한국음악,서양음악,0.9978,한국음악,0.0008
케이킥 태권쇼,서양음악+한국음악,서양음악,1.0,한국음악,0.0
섀도우 콘서트 & 벽화체험,뮤지컬+서양음악,뮤지컬,1.0,서양음악,0.0
"신춘콘서트, 국악과 트로트의 만남 [함양]",한국음악+무용,한국음악,1.0,무용,0.0
"강릉아트센터 기획공연, 스트라빈스키의 병사이야기",서양음악+연극,서양음악,0.782,연극,0.2077
라임의 왕 김삿갓 [춘천],연극+한국음악,연극,1.0,한국음악,0.0
"체어, 테이블, 체어 [김포]",서양음악+대중음악,서양음악,0.7471,대중음악,0.2369
미야자키 하야오 영화음악 콘서트 with 샌드애니메이션 [대전],서양음악+한국음악,서양음악,1.0,한국음악,0.0
"은평과 마주해, 봄 콘서트",대중음악+한국음악,대중음악,0.9823,한국음악,0.0173
서커스 클래식,한국음악+연극,한국음악,0.5549,연극,0.2546
"3rd GPD FORUM 예술뉴런 뮤지카,  with 권은비, 프라우드먼",대중음악+뮤지컬,대중음악,1.0,뮤지컬,0.0
"장사익 & 충남교향악단, 봄맞이 소리愛 [예산]",서양음악+한국음악,서양음악,0.9977,한국음악,0.0014
"트라이보울 예술아카데미: 자라는 예술, 소년기 (4.20)",뮤지컬+무용,뮤지컬,0.5671,무용,0.3517
동아시아문화도시 개막식 [김해],대중음악+서양음악,대중음악,0.8027,서양음악,0.1891
피콜로이스트 김원미와 안디아모 국악퓨전콘서트: 그리고 그 사랑,대중음악+한국음악,대중음악,0.9227,한국음악,0.0609
"스물여섯번째 스윙-바이, 자유즉흥연주",대중음악+한국음악,대중음악,0.9999,한국음악,0.0
"토크콘서트, 추억은 몽글몽글",서양음악+뮤지컬,서양음악,0.6231,뮤지컬,0.3768
세종예술의전당 국립심포니오케스트라 신년음악회,서양음악+무용,서양음악,1.0,무용,0.0
적로: 이슬의 노래,한국음악+서양음악,한국음악,0.9999,서양음악,0.0
"피카스 그림동화 음악회, 엄마 찾아 삼만리",서양음악+한국음악,서양음악,0.9998,한국음악,0.0001
광주상설공연 (5월),대중음악+뮤지컬,대중음악,0.932,뮤지컬,0.068
"일루젼매지컬, 몽환록 [대전]",서양음악+대중음악,서양음악,1.0,대중음악,0.0
효 콘서트 [청양],대중음악+무용,대중음악,1.0,무용,0.0
제56회 군산 진포예술제 개막식,연극+서양음악,연극,0.9183,서양음악,0.0803
모래에 이야기 꽃을 피우다 [인천],대중음악+한국음악,대중음악,1.0,한국음악,0.0
"태권무 한빛 시즌3, 태권예술로 제주를 품다",연극+서양음악,연극,0.9998,서양음악,0.0001
The K콘서트: Like a Star,서양음악+연극,서양음악,0.9919,연극,0.0067
에코백 [보성],한국음악+대중음악,한국음악,0.999,대중음악,0.0005
오월 어머니의 노래 [제주],서양음악+뮤지컬,서양음악,0.9982,뮤지컬,0.0012
"효 콘서트, 소리정감",한국음악+대중음악,한국음악,0.9916,대중음악,0.008
"안산시립예술단 기획연주회, 목요보노음악회",서양음악+한국음악,서양음악,1.0,한국음악,0.0
"가정의 달 기념공연, 가정음악회 [천안]",대중음악+서양음악,대중음악,0.9968,서양음악,0.003
"가족과 함께하는 카툰 콘서트, 셜록홈즈 [당진]",서양음악+대중음악,서양음악,0.9691,대중음악,0.0308
Printemps: Via Trio,대중음악+서양음악,대중음악,0.9779,서양음악,0.0217
FINEDAY FESTIVAL,대중음악+한국음악,대중음악,0.9977,한국음악,0.0022
"김주원의 사색여정 with 소리꾼 이자람, 동행",한국음악+무용,한국음악,0.5038,무용,0.4894
몽환록: 꿈 같은 마술 이야기 [세종],연극+한국음악,연극,0.9891,한국음악,0.006
"평균율 너머, 우주 1회차: 왕혜인 X 김용성",서양음악+한국음악,서양음악,0.9996,한국음악,0.0004
커피콘서트 Ⅲ. 책 읽어주는 큐레이터: 리어왕,서양음악+대중음악,서양음악,1.0,대중음악,0.0
"제18회 당진시건강가정대축제, 우리가족 놀이터 건가월드",뮤지컬+서양음악,뮤지컬,1.0,서양음악,0.0
오월 어머니의 노래 [광주],서양음악+뮤지컬,서양음악,0.9947,뮤지컬,0.0051
"제주빌레앙상블, 열린음악회",한국음악+뮤지컬,한국음악,0.4467,뮤지컬,0.2756
"The Strangers Strange Songs, 이방인의 낯선 노래",서양음악+대중음악,서양음악,1.0,대중음악,0.0
5월 오픈마이크,서양음악+뮤지컬,서양음악,0.9941,뮤지컬,0.0044
"해설이 있는 음악회, 가족 음악회 [온양]",뮤지컬+서양음악,뮤지컬,0.7545,서양음악,0.2442
할망에게 묻고 답하다 [제주 서귀포],연극+대중음악,연극,0.9848,대중음악,0.0152
광주상설공연 (6월),대중음악+서양음악,대중음악,1.0,서양음악,0.0
오월 어머니의 노래 [서울],뮤지컬+서양음악,뮤지컬,0.9961,서양음악,0.0036
미야자키 하야오 영화음악 콘서트 with 샌드애니메이션 [과천],서양음악+무용,서양음악,0.9988,무용,0.0005
청소년과 함께하는 김숙진의 이야기가 있는 콘서트 [고양],대중음악+뮤지컬,대중음악,0.9891,뮤지컬,0.0084
"평화통일 음악회, 탈북민 애환!! 음악으로 듣는다 [사천]",대중음악+서양음악,대중음악,0.9843,서양음악,0.0153
"조희창의 굿모닝 콘서트, 아리랑 온 더 로드",서양음악+대중음악,서양음악,0.6206,대중음악,0.3415
비르투오소 인 클래식 [하남],서양음악+대중음악,서양음악,0.7664,대중음악,0.2123
"강릉단오제, 추억의 단오 [강릉]",연극+뮤지컬,연극,0.999,뮤지컬,0.0004
"스물아홉번째 스윙-바이, 자유즉흥연주",대중음악+한국음악,대중음악,0.9984,한국음악,0.0016
제10회 서울페스티발앙상블 정기연주회,서양음악+무용,서양음악,0.9942,무용,0.0047
"내가 농섬보다 외롭다, 사유의 시간 (06.22)",뮤지컬+서양음악,뮤지컬,0.9997,서양음악,0.0002
홍지민과 함께하는 판타스틱 쇼 [성주],뮤지컬+서양음악,뮤지컬,0.9999,서양음악,0.0001
"대한민국 청년축제, 청춘뉴런",서양음악+한국음악,서양음악,0.9998,한국음악,0.0001
"배익한 재즈 오케스트라, 재즈와 판소리의 만남: 재즈 x 판",대중음악+한국음악,대중음악,1.0,한국음악,0.0
"아이티 아이들 돕기 프로젝트, 헤이쥬드 콘서트 [고양]",대중음악+한국음악,대중음악,0.9425,한국음악,0.0283
6월 오픈마이크,뮤지컬+대중음악,뮤지컬,0.9917,대중음악,0.006
"최영림의 음악으로 더불어창작프로젝트 Part 2, 놀자 [춘천]",무용+뮤지컬,무용,0.4041,뮤지컬,0.2897
광주상설공연 (7월),서양음악+한국음악,서양음악,0.9996,한국음악,0.0003
"H-issue vol.1, 아트필드: 청 with 오정해 [하남]",서양음악+대중음악,서양음악,0.9998,대중음악,0.0001
"아트캠프, 패밀리 펀펀데이",서양음악+대중음악,서양음악,1.0,대중음악,0.0
"국립남도국악원 토요상설, 국악이 좋다: 기획공연 명인전 Ⅰ",한국음악+서양음악,한국음악,0.4901,서양음악,0.3962
미야자키 하야오 영화음악 콘서트 with 샌드애니메이션 [창원],서양음악+한국음악,서양음악,1.0,한국음악,0.0
우리가 기억 속에 간직하고 있는 장소들,한국음악+서양음악,한국음악,0.9984,서양음악,0.0009
"매드라인 x 날라리와 쟁이, 화합과 교류의 두드림 [대구]",연극+한국음악,연극,0.9999,한국음악,0.0
"서른두번째 스윙-바이, 자유즉흥연주",서양음악+한국음악,서양음악,0.9991,한국음악,0.0009
"K-클래식 콘서트 3, 충남예술고등학교 [천안]",한국음악+무용,한국음악,0.8555,무용,0.076
"로사오케스트라심포닉아트, 뮤직스펙트럼 오브 가야금오케스트라",한국음악+대중음악,한국음악,1.0,대중음악,0.0
"The Strangers Strange Songs, 이방인의 낯선 노래 BY 서린사랑",서양음악+무용,서양음악,0.9996,무용,0.0004
벽을 뚫고 나온 꽃 [과천],무용+한국음악,무용,0.9999,한국음악,0.0
"한글음악집현전 시리즈3, 마법글자 한글: 뮤직 & 매직밴드를 만나다! [경산]",대중음악+뮤지컬,대중음악,0.9967,뮤지컬,0.0032
한여름밤 Ice Coffee 콘서트,대중음악+서양음악,대중음악,0.8435,서양음악,0.1453
"체어, 테이블, 체어 [서울]",연극+뮤지컬,연극,0.9938,뮤지컬,0.0054
"브런치&리너 콘서트, 피아니스트 김용진과 함께하는 이달의 공연: 7월의 발레",대중음악+서양음악,대중음악,0.591,서양음악,0.4068
대구학생문화센터 합창단·합주단·국악단 연합 정기연주회,대중음악+뮤지컬,대중음악,0.6397,뮤지컬,0.3329
Acculturation (문화접변) 求音 (구음),한국음악+뮤지컬,한국음악,0.9997,뮤지컬,0.0002
"제34회 거창국제연극제, 굿바이 햄릿 (7/30)",연극+대중음악,연극,1.0,대중음악,0.0
알레스아트 야간개장,대중음악+서양음악,대중음악,0.9932,서양음악,0.0065
더 호러쇼: 기묘한 마을의 비밀,대중음악+연극,대중음악,1.0,연극,0.0
광주상설공연 (8월),서양음악+뮤지컬,서양음악,0.9921,뮤지컬,0.0049
"제34회 거창국제연극제: 체어, 테이블, 체어 (08.05)",뮤지컬+대중음악,뮤지컬,1.0,대중음악,0.0
"토요 특별기획공연, 여름방학",대중음악+무용,대중음악,0.8842,무용,0.071
재즈와 탱고 그리고 성악이 흐르는 Happy Summertime Concert,서양음악+대중음악,서양음악,0.9934,대중음악,0.0066
"이랑 만남시리즈 Ⅹ 기념 특별공연, 매직앙상블: 세계의 명화 [김해]",서양음악+한국음악,서양음악,1.0,한국음악,0.0
제7회 서초문화원 클래식판타지,서양음악+무용,서양음악,1.0,무용,0.0
타악 & DJ퍼포먼스: BEAT OF SCHOOL,한국음악+연극,한국음악,0.9621,연극,0.0282
"제23회 전주세계소리축제, 소리썸머나잇 DAY1",무용+서양음악,무용,1.0,서양음악,0.0
"제23회 전주세계소리축제, 소리썸머나잇 DAY2",한국음악+무용,한국음악,0.3041,무용,0.2658
"제1251회 서초금요음악회, Summer Night",대중음악+한국음악,대중음악,0.8223,한국음악,0.119
온가족이 함께하는 유모차 콘서트 [대전],서양음악+무용,서양음악,1.0,무용,0.0
키즈 마티네 콘서트 [김포],서양음악+대중음악,서양음악,0.557,대중음악,0.4419
"김주원의 사색여정 with 소프라노 황수미, 선물",서양음악+무용,서양음악,0.9998,무용,0.0002
"제896회 전남도립국악단 토요가무악희 시즌3, 그린국악",뮤지컬+서양음악,뮤지컬,0.6662,서양음악,0.3235
"손병호 & 최지연과 함께하는 여민락 콘서트, 지금 뛰다: NOW JUMP [세종] (8월)",연극+뮤지컬,연극,0.9989,뮤지컬,0.0008
전국 농어촌 청춘토크쇼: 황금들녘 [천안],대중음악+뮤지컬,대중음악,1.0,뮤지컬,0.0
"K-예술축제 아.우.름, 대전국악방송 개국 7년 기념 공개 음악회",서양음악+뮤지컬,서양음악,0.9999,뮤지컬,0.0
"공연장상주단체 페스티벌: 한 여름의 축제, YOU [세종]",연극+대중무용,연극,0.6131,대중무용,0.2145
안드로메다 유랑기 [원주],서양음악+무용,서양음악,0.8848,무용,0.1151
Triangle X sal?n de luna 03: 비유클리드 기하학,무용+연극,무용,0.9974,연극,0.0016
"국립정동극장 예술단, 모던정동",무용+뮤지컬,무용,0.5201,뮤지컬,0.2682
"수면콘서트, 베스트드림콘서트",서양음악+대중음악,서양음악,0.9873,대중음악,0.0058
"익산 브랜드 공연, WEST & EAST: 서쪽남자 & 동쪽여자",뮤지컬+한국음악,뮤지컬,0.4808,한국음악,0.4321
ACC 빅도어콘서트,대중음악+뮤지컬,대중음악,1.0,뮤지컬,0.0
서도와 은미: 만병통치樂 [화성],무용+한국음악,무용,0.9989,한국음악,0.0008
8월의 오픈마이크,대중음악+연극,대중음악,0.9997,연극,0.0003
"구름, 나무, 연못",뮤지컬+한국음악,뮤지컬,0.6823,한국음악,0.2498
"제24회 대전국제음악제 DCMF, 앙상블 콘쿠오레: 쇤베르크의 밤 150 [대전]",한국음악+서양음악,한국음악,0.9692,서양음악,0.0289
서른다섯번째 스윙-바이: Time Machine,무용+한국음악,무용,0.6741,한국음악,0.1527
"싱크넥스트24: 광광, 굉굉",연극+한국음악,연극,0.9204,한국음악,0.0434
"지박컨템포러리시리즈 Vol.24, 음악전시: blur",한국음악+연극,한국음악,0.5635,연극,0.2614
광주상설공연 (9월),대중음악+뮤지컬,대중음악,0.8397,뮤지컬,0.158
제1회 여수 국제 웹 페스트,뮤지컬+서양음악,뮤지컬,0.4912,서양음악,0.4532
판타스틱 [남해],서양음악+무용,서양음악,1.0,무용,0.0
에코백 [담양],연극+서양음악,연극,0.7628,서양음악,0.0804
춘향: 날개를 뜯긴 새 [평택],무용+한국음악,무용,1.0,한국음악,0.0
"서울 컬쳐 클럽 예술 축제, ...한 당신을 위하여 건배!",서양음악+한국음악,서양음악,0.9512,한국음악,0.0241
[데이터 분리] 바흐 Ⅹ 무브먼트 (패키지) (앵콜),서양음악+무용,서양음악,1.0,무용,0.0
"바흐 Ⅹ 무브먼트, 무반주 첼로 모음곡 (앵콜) (9.7)",서양음악+무용,서양음악,1.0,무용,0.0
"종교평화음악회, 팔공산은 사명대사를 모십니다 [대구]",서양음악+한국음악,서양음악,0.9998,한국음악,0.0002
퍼커셔니즘 [충북],뮤지컬+대중음악,뮤지컬,0.9997,대중음악,0.0003
"피아노 파 드 되, Dancing with Pierrot",서양음악+무용,서양음악,0.9377,무용,0.0602
"제47회 심훈상록문화제, 개막식",서양음악+대중음악,서양음악,0.9988,대중음악,0.0009
"바흐 Ⅹ 무브먼트, 무반주 바이올린 소나타 & 파르티타 (09.08) (앵콜)",서양음악+무용,서양음악,1.0,무용,0.0
"제47회 심훈상록문화제, 폐막식",대중음악+한국음악,대중음악,1.0,한국음악,0.0
"KOREAN DRUM Ⅲ: THE DRUM SHAMAN, 영혼의 맥박소리",뮤지컬+무용,뮤지컬,0.9985,무용,0.0013
방과후 공연놀이터,연극+대중음악,연극,0.9983,대중음악,0.001
반석산피크닉: 미야자키하야오 영화음악 콘서트 with 샌드아트 애니메이션 [화성],서양음악+무용,서양음악,1.0,무용,0.0
매직컬 판타지 콘서트 [동해],뮤지컬+대중음악,뮤지컬,0.9438,대중음악,0.0369
WeSA UNDER: THE DOOR,연극+무용,연극,0.7371,무용,0.2628
"평균율 너머, 우주 5회차: 왕혜인 Ⅹ 선지우 (9.21)",한국음악+서양음악,한국음악,0.8509,서양음악,0.1487
"풍금 & 박세욱 WITH 현앙상블 콘서트, 신이 내린 목소리: 클래식과의 만남",대중음악+서양음악,대중음악,1.0,서양음악,0.0
"9월 토요콘서트, 앰비규어스댄스컴퍼니 x 추다혜차지스 [창원]",한국음악+무용,한국음악,0.9624,무용,0.016
첼로가야금 [양주],한국음악+대중음악,한국음악,0.9927,대중음악,0.0066
"글자공상, Daydreaming of Letter [통영]",연극+대중음악,연극,0.9466,대중음악,0.0518
비르투오소 인 클래식 [부천],대중음악+서양음악,대중음악,0.7067,서양음악,0.2375
"스즈메의 문단속, 날씨의 아이, 너의 이름은. 갈라 콘서트 (9월)",뮤지컬+대중음악,뮤지컬,0.6515,대중음악,0.3456
서구! 서풍 콘서트 [대구],대중음악+한국음악,대중음악,0.9214,한국음악,0.076
에버하트 콘서트,서양음악+무용,서양음악,0.9995,무용,0.0005
"제1252회 서초금요음악회, 헝가리 국립무용단 특별공연: 카르파티아인의 메아리",연극+뮤지컬,연극,0.5429,뮤지컬,0.428
"돈키호테, 엉뚱하면 어때? [남양주]",대중음악+연극,대중음악,0.9995,연극,0.0005
반고흐 콘서트 [김천],대중음악+연극,대중음악,0.9995,연극,0.0004
풍류 [안성],대중음악+뮤지컬,대중음악,0.8576,뮤지컬,0.0596
"제29회 서곶문화예술제: 옛 시로 듣는다, 달달한 시",대중음악+한국음악,대중음악,0.9983,한국음악,0.0013
문학주간 2024,뮤지컬+대중음악,뮤지컬,0.8323,대중음악,0.1677
"칠곡교육가족한마음, 樂 콘서트 [칠곡]",서양음악+무용,서양음악,0.6877,무용,0.3029
"한국 중국 일본, 발악콘서트",대중음악+연극,대중음악,0.9722,연극,0.0142
모나드 서울: 변화하는 각,연극+한국음악,연극,0.9881,한국음악,0.0088
"청년시점, 청년예술콘서트 1부",서양음악+무용,서양음악,0.9992,무용,0.0008
클나무오케스트라 & 팝핀현준 & 박애리 열린음악회 [부안],한국음악+무용,한국음악,0.9986,무용,0.0013
부산국제공연예술마켓 (BPAM) (전일권),한국음악+뮤지컬,한국음악,0.7865,뮤지컬,0.1521
"제18회 당진예술제, 개막식",대중음악+뮤지컬,대중음악,1.0,뮤지컬,0.0
"김주원의 사색여정 with 무용가 김매자, 배정혜, 국수호 그리고 이정윤의 별",무용+연극,무용,0.9997,연극,0.0002
광주상설공연 (10월),대중음악+뮤지컬,대중음악,1.0,뮤지컬,0.0
제28회 대한노인회 덕양구지회 노인의날 축하공연,서양음악+뮤지컬,서양음악,0.9989,뮤지컬,0.0011
서울아트마켓 (PAMS) [달오름극장],무용+연극,무용,0.9987,연극,0.0013
서울아트마켓 (PAMS) [하늘극장],뮤지컬+서양음악,뮤지컬,0.759,서양음악,0.1986
소리동화: 팥죽할멈과 호랑이 & 방귀쟁이 며느리 편,서양음악+연극,서양음악,0.9978,연극,0.0021
엄마의 일기장 [부산],뮤지컬+서양음악,뮤지컬,0.7078,서양음악,0.2171
"이천국제음악제, icmf 오프닝 콘서트: 동서양의 하모니",서양음악+뮤지컬,서양음악,0.7508,뮤지컬,0.1385
여성: 삶의 노래 WOMEN: THE LIFE OF SONG,서양음악+한국음악,서양음악,1.0,한국음악,0.0
하이커 페스타,서양음악+무용,서양음악,0.9897,무용,0.0086
"크로스파티, 두번째달 Ⅹ 김무빈: 국악 Ⅹ 월드뮤직 [과천]",대중음악+한국음악,대중음악,0.8373,한국음악,0.1378
"NPAF, Harmony of 4 Piano & Magic: 4대 피아노와 마술의 하모니 [인천]",대중음악+서양음악,대중음악,0.954,서양음악,0.0334
"TABLAO DE NUEVO, POR EL MAR [제주]",서양음악+무용,서양음악,0.9118,무용,0.0481
제1회 Physical Performance Festival 피지컬 퍼포먼스 페스티벌,뮤지컬+무용,뮤지컬,0.8186,무용,0.1388
"글자공상, 최노아X계수정 라이브 퍼포먼스",뮤지컬+연극,뮤지컬,0.3691,연극,0.3028
고양 학생 뮤지컬&연극&영화 축제,뮤지컬+대중음악,뮤지컬,0.6331,대중음악,0.3667
3팀 3색 가을 콘서트 [울진],대중음악+뮤지컬,대중음악,0.9828,뮤지컬,0.0171
배리어프리 뮤직페스티벌,서양음악+뮤지컬,서양음악,0.9999,뮤지컬,0.0
제3회 공감플러스,뮤지컬+대중음악,뮤지컬,1.0,대중음악,0.0
에드바르의 초상수업 [부산],연극+서양음악,연극,0.9779,서양음악,0.0211
"하슬라국제예술제, 고귀한 두 여신이여 (10.18)",서양음악+무용,서양음악,0.9994,무용,0.0006
"제1254회 서초금요음악회, 음악정원",서양음악+뮤지컬,서양음악,0.9996,뮤지컬,0.0002
"세대공감 어울림 북콘서트, 김상욱 with 궤도 [경산]",대중음악+뮤지컬,대중음악,0.7856,뮤지컬,0.1186
"삼척문화예술회관 개관 30주년 기념, 삼척시민과 함께하는 어!울림 콘서트",대중음악+서양음악,대중음악,0.965,서양음악,0.0329
가을날의 음악산책 [홍성],서양음악+무용,서양음악,1.0,무용,0.0
내가 농섬보다 외롭다,뮤지컬+대중무용,뮤지컬,0.9999,대중무용,0.0
"트라이보울 예술아카데미: 잘 아는 예술, 노년기 (10.19)",대중음악+서양음악,대중음악,0.9916,서양음악,0.0056
"강동예술인페스티벌, 강동무용협회",대중음악+서양음악,대중음악,0.7551,서양음악,0.1371
한밤의 유U;콘서트: 가을 밤 현의 풍류 (10월),한국음악+대중음악,한국음악,0.9918,대중음악,0.0077
함께하는 순간 [공주],서양음악+무용,서양음악,0.9993,무용,0.0005
베스트슬립 수면콘서트,서양음악+대중음악,서양음악,0.9996,대중음악,0.0002
제11회 이데일리 문화대상,무용+한국음악,무용,0.9528,한국음악,0.0179
첼로가야금 2.0 콘서트 [울산],한국음악+서양음악,한국음악,0.9993,서양음악,0.0007
"김수인, 이승민 극락 콘서트 [평택]",한국음악+서양음악,한국음악,0.8389,서양음악,0.145
"제20회 부산국제합창제, 대상경연 및 시상식",연극+대중음악,연극,0.9989,대중음악,0.0011
"제주해녀 이야기: 섬, 숨, 삶 [제주]",서양음악+무용,서양음악,0.9477,무용,0.0415
토크콘서트: Talk into the groove [원주],대중음악+뮤지컬,대중음악,0.6192,뮤지컬,0.3805
VATERFLY HALLOWEEN COSTUME PARTY,연극+대중음악,연극,0.8449,대중음악,0.155
제2회 이앤아이앙상블 콘서트: 날것. 놀러. OLE! 감정에 자유를 주자 [용인],서양음악+연극,서양음악,0.7325,연극,0.0982
"강동예술인페스티벌, 강동국제장애인문화교류협회",연극+대중음악,연극,0.9954,대중음악,0.0034
춘향탈출 [광주],무용+서양음악,무용,0.6708,서양음악,0.3106
장사익과 함께하는 이브닝 콘서트: 만추 [용인],서양음악+한국음악,서양음악,0.9943,한국음악,0.0055
Nuvelletoile: En Espana [부평],서양음악+연극,서양음악,0.9807,연극,0.0187
제12회 단원구여성합창단 정기연주회,서양음악+뮤지컬,서양음악,1.0,뮤지컬,0.0
어울림문화학교 수강생 발표회 [고양],연극+뮤지컬,연극,0.9993,뮤지컬,0.0007
한양대학교 무용학과 60주년 창작 춤 페스티벌,연극+무용,연극,0.9821,무용,0.0177
"2024 제11회 전남학교예술교육페스티벌, 복합",서양음악+한국음악,서양음악,1.0,한국음악,0.0
SCAF 서초아트페스티벌,서양음악+무용,서양음악,1.0,무용,0.0
대한민국 동화축제 [포항],연극+뮤지컬,연극,1.0,뮤지컬,0.0
이태석 사랑나눔 음악회,서양음악+무용,서양음악,0.9999,무용,0.0
"벗 & 공감, 클라운지콘서트 [대구]",한국음악+서양음악,한국음악,0.9818,서양음악,0.0117
"아트클래스 시리즈Ⅴ, 호퍼: 고독한 뉴요커 [을숙도]",서양음악+무용,서양음악,1.0,무용,0.0
한국문화 큰잔치 (K-Wave Festival),연극+뮤지컬,연극,0.8704,뮤지컬,0.1092
제4회 마두금 연주회: 마이동풍,서양음악+무용,서양음악,0.9471,무용,0.0388
첼로가야금 2.0 콘서트 [용인],한국음악+서양음악,한국음악,0.7229,서양음악,0.2768
광주상설공연 (11월),한국음악+무용,한국음악,0.5116,무용,0.3708
"싱잉볼 콘서트, 하늘소리: 소망을 하늘로",연극+무용,연극,0.8455,무용,0.1032
"나화랑, 파랑새 노래하는 청포도 넝쿨 아래로 [김천]",서양음악+뮤지컬,서양음악,0.9999,뮤지컬,0.0001
제2회 롯데 러브 패밀리 동행 콘서트,대중음악+뮤지컬,대중음악,0.7233,뮤지컬,0.2767
"공익활동을 위한 기금 마련 콘서트, 당신이 있어 참 좋다!",대중음악+연극,대중음악,1.0,연극,0.0
"제6회 마포 M국악 페스티벌, 꼬레아 리듬터치 Ⅲ: 첼로가야금 2.0 콘서트",한국음악+서양음악,한국음악,0.9999,서양음악,0.0001
Make a Creative 쇼케이스: 데뷔를 대비하라,뮤지컬+서양음악,뮤지컬,0.5994,서양음악,0.3581
EXHIBITION: EVENIF,대중음악+한국음악,대중음악,0.9983,한국음악,0.0017
홍지민과 함께하는 판타스틱쇼 [하남],뮤지컬+서양음악,뮤지컬,0.9997,서양음악,0.0003
"제64주년 2.28민주운동 헌정공연, 얼음 사이 핀 꽃",서양음악+대중음악,서양음악,0.9657,대중음악,0.0238
"장한나의 대전그랜드페스티벌, 첼로가야금 콘서트 [대전]",한국음악+서양음악,한국음악,0.9836,서양음악,0.0164
동행 [대구],뮤지컬+대중음악,뮤지컬,0.8805,대중음악,0.1167
"더 하우스 콘서트, 해금과 재즈피아노의 만남 [양산]",한국음악+대중음악,한국음악,0.832,대중음악,0.1276
"제21회 유엔참전용사, 영웅을 위한 음악회",서양음악+한국음악,서양음악,0.9972,한국음악,0.0018
"제7회 동천정기음악회, Thank you for the music [대구]",서양음악+무용,서양음악,0.973,무용,0.0267
환상덜미 [수원],서양음악+한국음악,서양음악,0.5265,한국음악,0.4597
나다 뮤직페스티벌 (NADA Art & Music Festival),뮤지컬+대중음악,뮤지컬,1.0,대중음악,0.0
세이브미프로젝트 (SavemeProject),서양음악+뮤지컬,서양음악,1.0,뮤지컬,0.0
"발레 & 스트릿, 비트 온 포인트",서양음악+무용,서양음악,0.9996,무용,0.0004
"자선콘서트, 늦가을 이야기소리 [제주]",한국음악+대중음악,한국음악,0.5143,대중음악,0.4857
기원: 더 비기닝,한국음악+서양음악,한국음악,0.8715,서양음악,0.1023
Show me the 장구 프로젝트 [함안],무용+서양음악,무용,0.9993,서양음악,0.0007
재능 혜화 마티네: 한국의 소리와 서양의 소리의 만남,서양음악+한국음악,서양음악,0.7733,한국음악,0.2263
발칙한 세여자의 세계음악여행,서양음악+뮤지컬,서양음악,0.8882,뮤지컬,0.1047
세종메세나 콘서트,서양음악+뮤지컬,서양음악,0.9967,뮤지컬,0.0032
"당진시 인구 17만 달성 기념 축하 공연, 17 to 20",뮤지컬+한국음악,뮤지컬,0.9999,한국음악,0.0001
Struggle,무용+서양음악,무용,0.9998,서양음악,0.0001
비르투오소 인 클래식 [의정부],서양음악+대중음악,서양음악,0.9924,대중음악,0.0074
발레와 스트리트 댄스의 짜릿한 만남! 비트 온 포인트 [예천],대중음악+서양음악,대중음악,1.0,서양음악,0.0
모나드 서울: 무수히 펼쳐지는 각,연극+한국음악,연극,0.707,한국음악,0.2904
설탕요정이 읽어주는 호두까기 인형,서양음악+한국음악,서양음악,0.9972,한국음악,0.0016
"10년을 날다, 나비",연극+서양음악,연극,0.9848,서양음악,0.0144
달서구어르신 예능경연대회,연극+무용,연극,0.8062,무용,0.1606
1＋1 THE ONE: 필연적조우,연극+무용,연극,0.8454,무용,0.1
고3 수험생을 위한 힐링 콘서트 [구리],서양음악+무용,서양음악,0.9879,무용,0.0087
얼씨구! 브라보! 좋다! [세종],한국음악+뮤지컬,한국음악,0.9383,뮤지컬,0.0531
"재즈앳에무, Black Forest",한국음악+서양음악,한국음악,0.8188,서양음악,0.1812
"함께하는 사랑밭 감사콘서트: 사랑의 시간, 온기를 더하다",대중음악+서양음악,대중음악,0.5919,서양음악,0.4015
"보트피플ver.2, 바다의 아우슈비츠",연극+한국음악,연극,0.9847,한국음악,0.0151
"서른여덟번째 스윙-바이, 윤연준: 틈",서양음악+한국음악,서양음악,1.0,한국음악,0.0
"앙상블 위로 기획공연, 모던 남사당",서양음악+한국음악,서양음악,0.9997,한국음악,0.0002
광주상설공연 (12월),서양음악+한국음악,서양음악,1.0,한국음악,0.0
"제60회 예술공감, 앙상블 이도: 새롭게 만난 희로애락의 소리",한국음악+서양음악,한국음악,0.8916,서양음악,0.0594
기업인을 위한 서경 송년음악회,서양음악+대중음악,서양음악,1.0,대중음악,0.0
작은겨울아동극축제 [춘천],연극+뮤지컬,연극,1.0,뮤지컬,0.0
성남아트센터 후원회 송년음악회,대중음악+서양음악,대중음악,0.662,서양음악,0.3131
"렉처콘서트, 차인표의 여행스케치 [태백]",대중음악+한국음악,대중음악,1.0,한국음악,0.0
"Anime X Game Festival, 레드 스테이지",서양음악+뮤지컬,서양음악,0.8194,뮤지컬,0.1354
에코백 [천안],대중음악+서양음악,대중음악,0.9997,서양음악,0.0002
스테이지 만남동 [경기 광주],연극+뮤지컬,연극,0.9987,뮤지컬,0.0013
음악과 글쓰기 콘서트: 사이·회상,한국음악+무용,한국음악,1.0,무용,0.0
"지후 X 지후트리: 마음의, 그림",서양음악+뮤지컬,서양음악,0.9999,뮤지컬,0.0001
"Adieu 중구, 힐링의 밤",한국음악+대중음악,한국음악,0.9972,대중음악,0.0027
시흥시 송년음악회,서양음악+뮤지컬,서양음악,0.9823,뮤지컬,0.0164
공상페스티벌: 함께 꿈을 꾸다,한국음악+연극,한국음악,0.4659,연극,0.3995
고양시 자원봉사자의날 기념행사,연극+무용,연극,0.3924,무용,0.2743
"천안교육지원청, 쓰담쓰담 콘서트 [천안]",서양음악+무용,서양음악,0.4476,무용,0.4013
송파 송년음악회,뮤지컬+서양음악,뮤지컬,0.9968,서양음악,0.0029
이금희와 함께하는 공감 토크콘서트 [김제],한국음악+무용,한국음악,0.9998,무용,0.0001
"부산시립예술단 연합공연, 가마釜 뫼山",서양음악+한국음악,서양음악,0.3823,한국음악,0.3789
경북대학교 신년음악회 [대구],대중음악+서양음악,대중음악,0.7137,서양음악,0.2651
광주상설공연 (1월),서양음악+한국음악,서양음악,1.0,한국음악,0.0
꿈의 오케스트라 강릉: 소망과 꿈을 모아서,연극+뮤지컬,연극,0.9975,뮤지컬,0.0024
글로벌 인플루언서 엑스포 [고양],연극+뮤지컬,연극,0.9998,뮤지컬,0.0001
세종국악심포니오케스트라 & 김경호의 아리랑목동 [무안],한국음악+대중음악,한국음악,1.0,대중음악,0.0
와따가따 가족극장 겨울축제 [서울 노원],서양음악+한국음악,서양음악,0.9934,한국음악,0.0056
"김주원의 사색여정 with 반도네오니스트 고상지, 축제",대중음악+서양음악,대중음악,0.4508,서양음악,0.3591
"팀 퍼니스트, 트레인 블루스 Train Blues [광주]",연극+뮤지컬,연극,0.9945,뮤지컬,0.0054
누모리 쇼 [논산],대중음악+뮤지컬,대중음악,0.9306,뮤지컬,0.0671
피아니스트 백채영 프로젝트 Vol. 2,연극+대중음악,연극,0.4367,대중음악,0.3818
청소년 음악 페스티벌 [고창],서양음악+연극,서양음악,0.5717,연극,0.4128
"평택시립국악관현악단, 평택시민과 함께하는 국악성가의 밤",서양음악+무용,서양음악,0.9997,무용,0.0002
고창 송년음악회,한국음악+서양음악,한국음악,0.788,서양음악,0.1247
송년음악회 [논산],서양음악+뮤지컬,서양음악,0.997,뮤지컬,0.0021
서울아트랩 연말쌀콘: SAL-Vival,서양음악+한국음악,서양음악,0.5911,한국음악,0.4075
"나태주 시인과 함께하는 시와 음악: 가장 아름다운 선물, 당신 [공주]",서양음악+무용,서양음악,1.0,무용,0.0
"서린사랑의 작은음악회, The Identity: 너와 나의 정체성",무용+서양음악,무용,0.9511,서양음악,0.0383
알리 with 아듀 Concert [부산],대중음악+서양음악,대중음악,0.8126,서양음악,0.1873
조선마술사 [광주],한국음악+연극,한국음악,0.9556,연극,0.0281
오셀로: 소리의 심리학,뮤지컬+서양음악,뮤지컬,0.658,서양음악,0.2291
호두까기 인형 [화성],서양음악+연극,서양음악,0.7482,연극,0.2177
"크리스마스 이브 송년음악회: 사랑해요, 엄마! 콘서트 [포항]",대중음악+뮤지컬,대중음악,0.9999,뮤지컬,0.0001
엘림아트센터 크리스마스 콘서트: MUSIC & MAGIC,뮤지컬+서양음악,뮤지컬,0.995,서양음악,0.0044
안산시 송년음악회 [안산],대중음악+뮤지컬,대중음악,1.0,뮤지컬,0.0
"고영열 단독 콘서트, Jazz in 모리: 자진모리",한국음악+연극,한국음악,0.979,연극,0.0121
ICI-AVEC: 공명의 컨셉,서양음악+한국음악,서양음악,1.0,한국음악,0.0
"서울예술단 송년갈라, SPACon",뮤지컬+대중음악,뮤지컬,1.0,대중음악,0.0
제3회 부산국제어린이청소년아트페어 개막식,서양음악+무용,서양음악,1.0,무용,0.0
제야음악회 [대전],서양음악+뮤지컬,서양음악,1.0,뮤지컬,0.0
"새해국악연: 청룡, 하늘을 날다",한국음악+대중음악,한국음악,1.0,대중음악,0.0
"신년음악회, 뮤지컬 콘서트",뮤지컬+서양음악,뮤지컬,0.9455,서양음악,0.0508
"신년음악회: 새로운 시작, 희망의 노래 [대구]",서양음악+한국음악,서양음악,0.9834,한국음악,0.0166
"시선: si, Sonne!",연극+서양음악,연극,0.8089,서양음악,0.1521
한몽예술교류전 [남원],서양음악+무용,서양음악,0.9999,무용,0.0001
뮤즈하모니 신년음악회: 팝페라 X 국악,서양음악+무용,서양음악,0.6999,무용,0.2606
K-컬처 페스티벌 [평창],대중음악+한국음악,대중음악,1.0,한국음악,0.0
신년콘서트 [거창],한국음악+대중음악,한국음악,0.8588,대중음악,0.1411
제3회 SA청소년오케스트라 정기연주회,서양음악+연극,서양음악,0.9994,연극,0.0003
"그림 읽어주는 베토벤, THE CONCERT: 그리스 로마 신화",서양음악+대중음악,서양음악,1.0,대중음악,0.0
K-컬처 페스티벌 [강릉],서양음악+뮤지컬,서양음악,0.9968,뮤지컬,0.0029
USW 신년음악회,서양음악+한국음악,서양음악,1.0,한국음악,0.0
신년음악회 [보령],대중음악+서양음악,대중음악,0.6078,서양음악,0.3895
신년음악회 [태안],한국음악+뮤지컬,한국음악,1.0,뮤지컬,0.0
"청소년을 위한 음악과 클래식의 징검다리, 음악에 색을 입히다",서양음악+한국음악,서양음악,0.9744,한국음악,0.0153
"그림 읽어주는 베토벤, THE CONCERT [김천]",서양음악+무용,서양음악,0.9998,무용,0.0001
김동규와 함께하는 신년 음악회,서양음악+한국음악,서양음악,1.0,한국음악,0.0
