공연명,예측복합장르,장르1,확률1,장르2,확률2
보디가드,서양음악+대중음악,서양음악,0.9998304843902588,대중음악,0.003226351225748658
인어공주 [구미],뮤지컬+대중무용,뮤지컬,0.9999831914901733,대중무용,0.008621597662568092
허클베리피: 분신 9,한국음악+뮤지컬,한국음악,0.4035485088825226,뮤지컬,0.3483484983444214
절대 변하지 않는 것들,한국음악+무용,한국음악,0.9998563528060913,무용,0.020622650161385536
난타 [명동],서양음악+연극,서양음악,0.9994470477104187,연극,0.05899789556860924
헨젤과 그레텔 [강동],서양음악+대중음악,서양음악,0.9978234767913818,대중음악,0.0022428168449550867
신비아파트 시즌3: 뱀파이어왕의 비밀 [서울(앵콜)],대중음악+한국음악,대중음악,0.9971008896827698,한국음악,0.6867735385894775
듀랑고,무용+대중무용,무용,0.9717554450035095,대중무용,0.32018619775772095
인어공주 [경주],대중음악+한국음악,대중음악,0.5346019268035889,한국음악,0.03233422338962555
달콤한 의뢰인 [대구],한국음악+연극,한국음악,0.9973793029785156,연극,0.03747689723968506
스위니토드,한국음악+대중무용,한국음악,0.9987868666648865,대중무용,0.013156271539628506
은하계 제국에서 랑데부,한국음악+서양음악,한국음악,0.27309441566467285,서양음악,0.15862233936786652
신데렐라 [구미],서양음악+한국음악,서양음악,0.9955778121948242,한국음악,0.01293970923870802
팡팡공룡버블쇼 [부산],한국음악+대중음악,한국음악,0.9999465942382812,대중음악,0.030570628121495247
그로기,뮤지컬+한국음악,뮤지컬,0.9995501637458801,한국음악,0.01753424108028412
아버지들,대중음악+한국음악,대중음악,0.9040416479110718,한국음악,0.8862139582633972
트롯줌마,연극+한국음악,연극,1.0,한국음악,0.001908108708448708
은규,대중무용+한국음악,대중무용,0.9998576641082764,한국음악,0.9973207116127014
"김장훈 소극장 100회 콘서트 시즌 5, 더 클래식 2",뮤지컬+연극,뮤지컬,0.8251327276229858,연극,0.8133701682090759
신데렐라 [영등포],대중무용+한국음악,대중무용,0.9939150214195251,한국음악,0.9563912153244019
"아람누리 신년음악회, 선우예권 피아노 리사이틀",서양음악+연극,서양음악,0.9999397993087769,연극,0.0004311275843065232
제2회 리즈주니어챔버 정기연주회,서양음악+한국음악,서양음악,0.9837816953659058,한국음악,0.09501128643751144
Happy New TOWMOO Concert,무용+뮤지컬,무용,0.11433351784944534,뮤지컬,0.06590307503938675
피터래빗 [부천],서양음악+뮤지컬,서양음악,0.9994522929191589,뮤지컬,0.024585634469985962
핑크퐁과 아기상어의 바다대모험 [마포],대중음악+뮤지컬,대중음악,0.9935339689254761,뮤지컬,0.8858326077461243
코코몽 친구들의 겨울모험 [구리],뮤지컬+무용,뮤지컬,0.8625036478042603,무용,0.15002036094665527
하얀이와 충치마왕 [구리],대중음악+뮤지컬,대중음악,0.723319411277771,뮤지컬,0.14887113869190216
세례요한,무용+서양음악,무용,0.9245457649230957,서양음악,0.15989850461483002
미스터쇼 (Mr.SHOW),한국음악+대중음악,한국음악,0.9976243376731873,대중음악,0.7818976640701294
알사탕,뮤지컬+한국음악,뮤지컬,0.9989004135131836,한국음악,0.8061268329620361
키움 콘서트,대중음악+서양음악,대중음악,0.9999598264694214,서양음악,0.00457632215693593
AFTERSHOCK,무용+연극,무용,0.5893179178237915,연극,0.520316481590271
알사탕 [고양],서양음악+무용,서양음악,0.9416871070861816,무용,0.13823801279067993
대전시민천문대어린이합창단과 함께하는 희망콘서트,서양음악+뮤지컬,서양음악,0.3579375445842743,뮤지컬,0.026174958795309067
은여인 교수 퇴임 음악회,대중음악+한국음악,대중음악,0.9801038503646851,한국음악,0.07761558890342712
이민아의 춤,한국음악+뮤지컬,한국음악,0.5629642009735107,뮤지컬,0.3977757394313812
인천뉴필하모닉 오케스트라 연주회,서양음악+한국음악,서양음악,0.7639890313148499,한국음악,0.024503668770194054
헤드윅 [춘천],연극+한국음악,연극,1.0,한국음악,0.5698018670082092
사춘기메들리,대중음악+무용,대중음악,0.9481001496315002,무용,0.6221334934234619
연애하기 좋은 날,무용+서양음악,무용,0.30442145466804504,서양음악,0.12251783907413483
경자년 새해맞이 굿잔치: 굿(Good)이로구나!,한국음악+연극,한국음악,0.9989016056060791,연극,0.009505253285169601
판타스틱 스노우맨 [강동],뮤지컬+한국음악,뮤지컬,0.9931557774543762,한국음악,0.884177565574646
평택시민과 함께 하는 정태춘 박은옥 신년음악회,한국음악+대중음악,한국음악,0.871331512928009,대중음악,0.04278678447008133
귀환 [부산],서양음악+뮤지컬,서양음악,0.9962683916091919,뮤지컬,0.027555840089917183
강이채 비밀의 방 IV,서양음악+뮤지컬,서양음악,0.9999535083770752,뮤지컬,0.0016706747701391578
옥탑방 고양이 [대학로],서양음악+대중음악,서양음악,0.9971970319747925,대중음악,0.011180208064615726
비비빅쇼,연극+뮤지컬,연극,0.9889923930168152,뮤지컬,0.0012283793184906244
정글헌터어드벤처! 백설공주 [성남],한국음악+대중음악,한국음악,0.9841552972793579,대중음악,0.12647229433059692
맘마미아 [성남],무용+연극,무용,0.982752799987793,연극,0.6720832586288452
제169회 성남시립교향악단 정기연주회,서양음악+한국음악,서양음악,0.9831376075744629,한국음악,0.013144409283995628
환상동화,서양음악+무용,서양음악,0.9999955892562866,무용,0.00010228649625787511
산타와 월드스타 뽀로로,서양음악+뮤지컬,서양음악,0.9978151321411133,뮤지컬,0.008498355746269226
렛잇고 [양주],한국음악+대중무용,한국음악,0.9998905658721924,대중무용,0.32325980067253113
썬앤문,서양음악+연극,서양음악,0.9999831914901733,연극,0.00011854537297040224
이승환 30주년 콘서트: 무적전설 [천안],대중무용+한국음악,대중무용,0.8456162810325623,한국음악,0.458169549703598
사과가 쿵! [부산],한국음악+대중음악,한국음악,0.9989622831344604,대중음악,0.1526816487312317
루나틱,한국음악+무용,한국음악,0.6276910901069641,무용,0.14851114153862
고스트,서양음악+대중음악,서양음악,0.9848292469978333,대중음악,0.2539222538471222
오마이갓,서양음악+무용,서양음악,0.9998672008514404,무용,0.005482739303261042
너의 목소리가 들려,서양음악+연극,서양음악,0.30446529388427734,연극,0.25504744052886963
크리미널,한국음악+뮤지컬,한국음악,0.9999011754989624,뮤지컬,0.023219192400574684
겁쟁이 빌리 [강북],서양음악+뮤지컬,서양음악,0.19250638782978058,뮤지컬,0.06757001578807831
시간을 파는 상점,대중무용+대중음악,대중무용,0.9999842643737793,대중음악,0.9762869477272034
내일은 내일에게,한국음악+대중무용,한국음악,0.9746252298355103,대중무용,0.2540958523750305
그남자 그여자,한국음악+대중음악,한국음악,0.9870959520339966,대중음악,0.2857384979724884
캐빈 엘리쇼 [서울(앵콜)],서양음악+대중음악,서양음악,0.9971074461936951,대중음악,0.07689952850341797
영웅본색,서양음악+뮤지컬,서양음악,0.999981164932251,뮤지컬,0.00032749344245530665
스토리 오브 마이 라이프,서양음악+뮤지컬,서양음악,0.999948263168335,뮤지컬,0.0009312437032349408
MINI LIVE MAGAZINE HO VOL.3,서양음악+뮤지컬,서양음악,0.9999805688858032,뮤지컬,0.0008679602760821581
제773회 전라남도립국악단 토요공연: 남도풍류,서양음악+대중음악,서양음악,0.9991673231124878,대중음악,0.005750979296863079
TINGLE 팅글,한국음악+서양음악,한국음악,0.6056923866271973,서양음악,0.07069627940654755
러브액츄얼리 [창원],대중음악+한국음악,대중음악,0.9964218139648438,한국음악,0.8661192059516907
"롤링 25주년 기념 공연 vol.3, 볼빨간사춘기 콘서트",서양음악+대중음악,서양음악,0.8607487678527832,대중음악,0.0038781657349318266
"롤링 25주년 기념 공연 vol.4,  GROOVL1N concert",서양음악+연극,서양음악,0.9998162388801575,연극,0.0036354425828903913
아기돼지 삼형제 [대구],서양음악+한국음악,서양음악,0.6133997440338135,한국음악,0.5507150888442993
방귀쟁이 며느리 [대구],한국음악+대중음악,한국음악,0.9999630451202393,대중음악,0.27676379680633545
쉬어매드니스 [대학로],서양음악+대중음악,서양음악,0.7403716444969177,대중음악,0.1986619085073471
김종욱 찾기,한국음악+연극,한국음악,0.5554022789001465,연극,0.15317361056804657
그리스,서양음악+뮤지컬,서양음악,0.9986310601234436,뮤지컬,0.014606242999434471
"체홉, 여자를 읽다.",대중음악+무용,대중음악,0.14648862183094025,무용,0.10307246446609497
우리들의 사랑,한국음악+연극,한국음악,0.9991357922554016,연극,0.021910598501563072
베이비버스,대중음악+한국음악,대중음악,0.05265529826283455,한국음악,0.044921454042196274
지저스,한국음악+대중음악,한국음악,0.9447293281555176,대중음악,0.5827202200889587
달동네 [부산],대중음악+서양음악,대중음악,0.9694018959999084,서양음악,0.0007091451552696526
오케스트라와 함께하는 소프라노 김방술 초청독창회,한국음악+무용,한국음악,0.9992419481277466,무용,0.8067115545272827
돼지책 [을숙도],한국음악+대중무용,한국음악,0.9999788999557495,대중무용,0.006033959798514843
뷰티풀라이프 [대구],한국음악+대중음악,한국음악,0.99654620885849,대중음악,0.35931330919265747
치르치르의 파랑새를 찾아서,한국음악+대중음악,한국음악,0.8494366407394409,대중음악,0.7252077460289001
스크루지의 세 가지 선물,서양음악+뮤지컬,서양음악,0.9901222586631775,뮤지컬,0.04670397564768791
허각 콘서트: 공연각 [부산],서양음악+대중음악,서양음악,0.9904879927635193,대중음악,0.5241507291793823
치링치링 시크릿 쥬쥬 시즌2: 별의 여신 [수원],한국음악+대중음악,한국음악,0.9867762923240662,대중음악,0.012805194593966007
집짓는 아기돼지삼형제 [의정부],한국음악+뮤지컬,한국음악,0.9927042722702026,뮤지컬,0.02952919714152813
"김수로 Curated 15, 까사 발렌티나",연극+대중음악,연극,0.9999912977218628,대중음악,0.0007662585121579468
"쉽게 보는 셰익스피어 시리즈, 템페스트",서양음악+한국음악,서양음악,0.5075231194496155,한국음악,0.4018789827823639
환러춘제 한중우호음악회,뮤지컬+연극,뮤지컬,0.9996046423912048,연극,0.0015840764390304685
두산 신년음악회,대중음악+한국음악,대중음악,0.9945277571678162,한국음악,0.9435004591941833
제4회 앙상블 뷰티풀 랑데부 정기연주회,한국음악+대중음악,한국음악,0.9996250867843628,대중음악,0.002318834187462926
해설이 있는 청소년 음악회 감탄사 시리즈 1,서양음악+한국음악,서양음악,0.9976167678833008,한국음악,0.0007564476109109819
김태용 귀국 피아노 독주회,연극+서양음악,연극,0.9994910955429077,서양음악,0.07113037258386612
박혜윤 피아노 독주회,한국음악+대중음악,한국음악,0.9935755133628845,대중음악,0.8413097858428955
피어리스: 더 하이스쿨 맥베스,연극+한국음악,연극,0.5606161952018738,한국음악,0.5236721038818359
TIMF 신년음악회 [통영],뮤지컬+한국음악,뮤지컬,0.9771086573600769,한국음악,0.006539772730320692
빈 소년 합창단 [오산],연극+서양음악,연극,0.8440854549407959,서양음악,0.47351953387260437
누가 내머리에 똥 쌌어? [대전],한국음악+무용,한국음악,0.837184488773346,무용,0.04612559825181961
미녀와 야수 [대전],대중음악+뮤지컬,대중음악,0.9994064569473267,뮤지컬,0.002974563045427203
신데렐라 [부산],한국음악+뮤지컬,한국음악,0.9727066159248352,뮤지컬,0.024620482698082924
장화 신은 고양이 비긴즈,한국음악+무용,한국음악,0.9980573058128357,무용,0.0031049379613250494
행오버: 게임의 시작,한국음악+연극,한국음악,0.2919377386569977,연극,0.28108739852905273
한뼘사이 [광주],한국음악+대중음악,한국음악,0.9917576909065247,대중음악,0.0109700383618474
죽여주는 이야기,서양음악+뮤지컬,서양음악,0.9999886751174927,뮤지컬,0.00112126674503088
구름빵2,연극+뮤지컬,연극,0.9744511842727661,뮤지컬,0.038139332085847855
사랑은 비를 타고,뮤지컬+대중무용,뮤지컬,0.9995040893554688,대중무용,0.16489018499851227
럭키,대중음악+연극,대중음악,0.9998540878295898,연극,0.0013607731088995934
6시 퇴근 [대학로],서양음악+무용,서양음악,0.4502260386943817,무용,0.2105269432067871
뷰티풀라이프,연극+서양음악,연극,0.14550171792507172,서양음악,0.09809964895248413
발칙한 로맨스,대중음악+서양음악,대중음악,0.9711132049560547,서양음악,0.11486387252807617
당신만이,서양음악+연극,서양음악,0.998749852180481,연극,0.025044945999979973
브레멘 음악대 [제주],서양음악+무용,서양음악,0.9136136770248413,무용,0.12322080135345459
뚜껑없는 열차 [순천],서양음악+뮤지컬,서양음악,0.7884781360626221,뮤지컬,0.12765294313430786
아이다,연극+서양음악,연극,0.04643736779689789,서양음악,0.04397114738821983
OurR 첫 번째 단독 콘서트: I I I,대중음악+뮤지컬,대중음악,0.8645758628845215,뮤지컬,0.06838664412498474
신데렐라 [광주],서양음악+대중음악,서양음악,0.9928922653198242,대중음악,0.006587109062820673
ENOi 1st MINI ALBUM Red in the Apple COMEBACK SHOWCASE,대중음악+서양음악,대중음악,0.9013098478317261,서양음악,0.16238954663276672
아기돼지 삼형제 외 1편 [인천],서양음악+연극,서양음악,0.9996435642242432,연극,0.027011826634407043
헬로카봇 시즌5: 별똥별을 지켜라,한국음악+대중무용,한국음악,0.9999666213989258,대중무용,0.015682967379689217
이소라 콘서트 [대구],서양음악+대중음악,서양음악,0.974073052406311,대중음악,0.006940580438822508
김종국 콘서트: 진국 [광주],서양음악+대중음악,서양음악,0.9991412162780762,대중음악,0.0032778235618025064
빈 소년 합창단 신년음악회 [광주],연극+서양음악,연극,0.8530539274215698,서양음악,0.1136397123336792
백설공주 [광주],한국음악+대중무용,한국음악,0.9786442518234253,대중무용,0.05483309552073479
작업의 정석 [수원],한국음악+서양음악,한국음악,0.7959238290786743,서양음악,0.17086578905582428
"앙코르 산울림고전극장, 외갈매기",대중음악+한국음악,대중음악,0.8465992212295532,한국음악,0.33569762110710144
"이천아트홀 인형극 페스티벌, 빈대떡 신사",무용+대중무용,무용,0.9999986886978149,대중무용,0.0008172850357368588
빈 소년 합창단 신년음악회 [창원],한국음악+무용,한국음악,0.9985415935516357,무용,0.05732636898756027
창원시 통합 10주년기념 창원시립교향악단 신년음악회,한국음악+대중무용,한국음악,1.0,대중무용,0.7771198153495789
내일은 미스트롯 전국투어 콘서트: 청춘 [성남],한국음악+대중무용,한국음악,0.9999977350234985,대중무용,0.2921346127986908
그대를 사랑합니다 [서울],연극+무용,연극,0.4642767906188965,무용,0.03826379403471947
꽃의 비밀 [서울],뮤지컬+한국음악,뮤지컬,0.9998743534088135,한국음악,0.1933586299419403
김문정 바이올린 리사이틀,뮤지컬+서양음악,뮤지컬,0.9996508359909058,서양음악,0.007875685580074787
Salon de Cinema,한국음악+대중무용,한국음악,0.999995231628418,대중무용,0.7231712937355042
JUN. K Special Day: Walking on the Moon,대중음악+무용,대중음악,0.7195129990577698,무용,0.06323640793561935
빈센트 반 고흐 [대학로],대중음악+한국음악,대중음악,0.5253650546073914,한국음악,0.5143832564353943
쓰릴 미,대중음악+한국음악,대중음악,0.9883041381835938,한국음악,0.1746029555797577
엘리펀트송,대중음악+서양음악,대중음악,0.43894273042678833,서양음악,0.2134939581155777
정글라이프,서양음악+대중음악,서양음악,0.9906750321388245,대중음악,0.03979112207889557
우리집에 왜 왔니,연극+서양음악,연극,0.8587319254875183,서양음악,0.7548326849937439
천로역정,대중음악+한국음악,대중음악,0.8006475567817688,한국음악,0.7998826503753662
오백에 삼십 [대구],한국음악+대중음악,한국음악,0.9823274612426758,대중음악,0.3828865587711334
"Let’s Dance, CRAZY!!_SACHOOM2",뮤지컬+대중무용,뮤지컬,0.9998883008956909,대중무용,0.7042889595031738
"굿나잇, 케플러",연극+서양음악,연극,0.9999728202819824,서양음악,0.002640858991071582
넌 특별하단다,뮤지컬+서양음악,뮤지컬,0.949447512626648,서양음악,0.9237219095230103
엄마는 안 가르쳐줘,무용+한국음악,무용,0.6286345720291138,한국음악,0.4189988374710083
바보사랑,대중무용+한국음악,대중무용,0.9855992794036865,한국음악,0.3336009383201599
라쿠나 단독 콘서트: HAPPILY EVER AFTER,무용+연극,무용,0.9964489936828613,연극,0.97708660364151
성냥팔이소녀 [부천],무용+한국음악,무용,0.9646638631820679,한국음악,0.8718947172164917
치유,한국음악+무용,한국음악,0.9597397446632385,무용,0.23796208202838898
불편한 너와의 사정거리,서양음악+대중음악,서양음악,0.9997590184211731,대중음악,0.048022378236055374
토요명품공연,연극+서양음악,연극,0.9831444025039673,서양음악,0.012889046221971512
페퍼는 나쁘지 않아,서양음악+대중음악,서양음악,0.9992274045944214,대중음악,0.0004661665589082986
줄리 앤 폴,뮤지컬+연극,뮤지컬,0.975798487663269,연극,0.817494809627533
극적인 하룻밤,뮤지컬+연극,뮤지컬,0.9998764991760254,연극,0.01364961639046669
뮤하트,뮤지컬+한국음악,뮤지컬,0.9999966621398926,한국음악,0.0032041731756180525
비바 프랜드,연극+서양음악,연극,0.9425588846206665,서양음악,0.09865543991327286
미녀와야수 [대전],한국음악+대중음악,한국음악,0.9972763657569885,대중음악,0.027034688740968704
더 사이언스 오브 소리노리,무용+한국음악,무용,0.9895433187484741,한국음악,0.0007352557149715722
여신님이 보고 계셔 [대학로],대중음악+연극,대중음악,0.9988755583763123,연극,0.01715940237045288
조지아 맥브라이드의 전설,연극+서양음악,연극,0.9556950926780701,서양음악,0.46392908692359924
늘근도둑이야기 [대학로],연극+한국음악,연극,0.976984977722168,한국음악,0.7685421705245972
연애하기 좋은날 [부산],서양음악+무용,서양음악,0.9941218495368958,무용,0.002230788115411997
룸넘버13 [부산],한국음악+대중음악,한국음악,0.9970609545707703,대중음악,0.02300233580172062
신데렐라 [서산],서양음악+대중음악,서양음악,0.9939472675323486,대중음악,0.004334304016083479
"비프리, 제이통, 먼치맨 Live [부산]",무용+대중음악,무용,0.9753366112709045,대중음악,0.023268504068255424
위대한 개츠비,한국음악+대중음악,한국음악,0.9965378046035767,대중음악,0.776667594909668
창밖의 여자,무용+서양음악,무용,0.996273398399353,서양음악,0.9720640182495117
돌아와요 미자씨 [대구],뮤지컬+대중무용,뮤지컬,0.9884049892425537,대중무용,0.931381344795227
이윤정 오보에 독주회,무용+한국음악,무용,0.8963648676872253,한국음악,0.21385569870471954
롯데백화점 잠실점 VIP Culture Show,뮤지컬+대중음악,뮤지컬,0.3136768937110901,대중음악,0.18171660602092743
이데일리 신년음악회,연극+서양음악,연극,0.6288625001907349,서양음악,0.4000658392906189
중앙인 신년 희망 콘서트,연극+뮤지컬,연극,0.9808527827262878,뮤지컬,0.24897998571395874
수지오페라단 신년음악회,대중음악+대중무용,대중음악,0.9911749362945557,대중무용,0.9783811569213867
두 여자 [대학로],뮤지컬+한국음악,뮤지컬,1.0,한국음악,4.300769433029927e-05
개미와 베짱이 [안산],대중음악+무용,대중음악,0.9999898672103882,무용,0.00017987718456424773
꿀벌 마야의 모험 [안산],연극+무용,연극,0.8626493215560913,무용,0.26949286460876465
작업의 정석,연극+서양음악,연극,0.9733976721763611,서양음악,0.12647253274917603
오백에 삼십 [대학로],연극+서양음악,연극,0.9152422547340393,서양음악,0.4005333185195923
시크릿 [대학로],무용+대중음악,무용,0.8456803560256958,대중음악,0.255596786737442
파브르의 꿀벌나라 대모험,서양음악+대중음악,서양음악,0.9925013184547424,대중음악,0.011818247847259045
그놈은예뻤다,무용+서양음악,무용,0.8784180879592896,서양음악,0.4845319092273712
만주전선,연극+무용,연극,0.8264882564544678,무용,0.08011206984519958
에일리 전국투어 콘서트: I AM：RE-BORN [서울],대중음악+서양음악,대중음악,0.999669075012207,서양음악,0.00110450922511518
Midnight Travel,대중음악+한국음악,대중음악,0.9997610449790955,한국음악,0.0015173886204138398
"창작산실, 코리올라너스",대중음악+뮤지컬,대중음악,0.9976072311401367,뮤지컬,0.07467076182365417
"서울 아시테지 겨울축제, 낱말 공장 나라",연극+서양음악,연극,0.22216908633708954,서양음악,0.16011133790016174
"서울 아시테지 겨울축제, 우산도둑",대중음악+무용,대중음악,0.984613299369812,무용,0.05689934641122818
오페라의 유령 월드투어 [부산],연극+서양음악,연극,0.9576472640037537,서양음악,0.013309720903635025
신년운세로 풀어보는 당신의 팔자를 살리는 음악,뮤지컬+대중무용,뮤지컬,0.9999959468841553,대중무용,0.007848169654607773
장경미 THE 9TH 독주회,서양음악+대중음악,서양음악,0.9531881809234619,대중음악,0.041123732924461365
김현희 해금 줄풍류 산조 II 음반발매기념 렉처콘서트,대중음악+무용,대중음악,0.9993975162506104,무용,0.08263253420591354
오래전애,무용+서양음악,무용,0.9452351927757263,서양음악,0.9363287091255188
그림자를 판 사나이,대중음악+연극,대중음악,0.33500489592552185,연극,0.006984018255025148
메리제인,서양음악+연극,서양음악,0.9976220726966858,연극,0.008976295590400696
연애플레이리스트 [청주],무용+연극,무용,0.7520447373390198,연극,0.03745792806148529
미녀와 야수 [인천 부평],뮤지컬+연극,뮤지컬,0.9999830722808838,연극,0.003855158109217882
콩쥐팥쥐 [인천],연극+뮤지컬,연극,0.6948572397232056,뮤지컬,0.2923871576786041
수상한 흥신소 3탄 [대학로],연극+무용,연극,0.997490644454956,무용,0.3240179121494293
신비한 요리집 1탄: 백년국수 [대전],한국음악+대중음악,한국음악,0.9990059733390808,대중음악,0.16782577335834503
구름 한 가운데,뮤지컬+서양음악,뮤지컬,0.9825740456581116,서양음악,0.15756171941757202
슈퍼밴드 TOP3 콘서트 [수원],서양음악+대중음악,서양음악,0.9964720010757446,대중음악,0.005960419308394194
북극곰 예술여행,한국음악+뮤지컬,한국음악,0.9916331768035889,뮤지컬,0.9331129789352417
끝까지 간다,한국음악+서양음악,한국음악,0.8614688515663147,서양음악,0.05230395495891571
케이윌 전국투어 콘서트: THE K.WILL [광주],대중음악+서양음악,대중음악,0.806729257106781,서양음악,0.16027088463306427
자명교 10대교주,서양음악+뮤지컬,서양음악,0.9999364614486694,뮤지컬,0.0003406533505767584
대화,한국음악+서양음악,한국음악,0.7041778564453125,서양음악,0.2951565980911255
어린왕자의 꿈,대중음악+서양음악,대중음악,0.6542578935623169,서양음악,0.45545199513435364
나의 PS 파트너,서양음악+대중음악,서양음악,0.9999970197677612,대중음악,7.615031790919602e-05
반짝반짝 라푼젤,대중무용+무용,대중무용,0.9990862607955933,무용,0.9354465007781982
안녕 달아,서양음악+무용,서양음악,0.9999872446060181,무용,0.000358205521479249
멈춰진 계절,서양음악+무용,서양음악,0.9996071457862854,무용,0.0012657245388254523
십이야,한국음악+뮤지컬,한국음악,0.4164787232875824,뮤지컬,0.02476763166487217
난타 [제주],서양음악+무용,서양음악,0.9283732771873474,무용,0.14413714408874512
호두까기 인형 [인천],연극+뮤지컬,연극,0.09233279526233673,뮤지컬,0.034330666065216064
"서울 아시테지 겨울축제, room, chink, room",대중음악+서양음악,대중음악,0.9268236756324768,서양음악,0.10655935108661652
"서울 아시테지 겨울축제, 무니의 문",서양음악+연극,서양음악,0.9999144077301025,연극,0.0022601191885769367
백설공주와 일곱난쟁이 [광주],무용+대중음악,무용,0.9986476302146912,대중음악,0.09652073681354523
백설공주 [광주 수완],서양음악+한국음악,서양음악,0.9825133085250854,한국음악,0.14274264872074127
AKMU CONCERT: 항해 [진주],서양음악+대중음악,서양음악,0.9762035608291626,대중음악,0.0189974345266819
마음에 쏙 드는 엄마를 원하세요? [수원],서양음악+한국음악,서양음악,0.9907451868057251,한국음악,0.20922306180000305
셜록홈즈 [서울],대중음악+한국음악,대중음악,0.8360579013824463,한국음악,0.02216455340385437
"Tune Up Jazz Stage, 비상",한국음악+대중음악,한국음악,0.9566028118133545,대중음악,0.7227696180343628
말괄량이삐삐와 검은머리해적단,한국음악+서양음악,한국음악,0.9961872696876526,서양음악,0.10322493314743042
박재홍 밴드,서양음악+연극,서양음악,0.9985301494598389,연극,0.002107192762196064
조각: 사라진 기억,연극+한국음악,연극,0.9862605929374695,한국음악,0.9036663174629211
아기돼지 삼형제 [대학로],연극+뮤지컬,연극,0.9908798933029175,뮤지컬,0.08779729902744293
쿤의 모험,무용+한국음악,무용,0.812182605266571,한국음악,0.46232369542121887
아기돼지삼형제: 늑대숲 또옹돼지 원정대,서양음악+뮤지컬,서양음악,0.9999927282333374,뮤지컬,0.00023374237935058773
한뼘사이,무용+대중무용,무용,0.9993447661399841,대중무용,0.9770765900611877
8시에 만나,대중음악+연극,대중음악,0.9973325729370117,연극,0.0007133332546800375
잇츠! 홈쇼핑 주식회사,뮤지컬+서양음악,뮤지컬,0.17301005125045776,서양음악,0.04439086467027664
라푼젤 [금천],연극+서양음악,연극,0.900222659111023,서양음악,0.2851494550704956
하남문화재단 신년음악회,한국음악+대중무용,한국음악,0.8705620765686035,대중무용,0.16762606799602509
호랑이와 곶감 [경기],한국음악+대중무용,한국음악,0.9991602897644043,대중무용,0.9653506875038147
김해은&장대건의 아트& 컬쳐: 르네상스 예술의 부활,서양음악+연극,서양음악,0.9983283877372742,연극,0.002414549235254526
미래상상마술쇼,한국음악+뮤지컬,한국음악,0.46772798895835876,뮤지컬,0.26227545738220215
점프 [서울],서양음악+연극,서양음악,0.9999728202819824,연극,0.0005739524494856596
파이어맨 [명보아트홀],연극+뮤지컬,연극,0.9919454455375671,뮤지컬,0.10965196788311005
알사탕 [부산],한국음악+서양음악,한국음악,0.9646905064582825,서양음악,0.20378254354000092
여자만세2,서양음악+대중음악,서양음악,0.8961641192436218,대중음악,0.2739747166633606
빅 피쉬,서양음악+연극,서양음악,0.9847057461738586,연극,0.02727667987346649
웃는남자 [서울],한국음악+연극,한국음악,0.9951738715171814,연극,0.9450927972793579
구름빵 2,연극+한국음악,연극,0.9994706511497498,한국음악,0.006025712005794048
나는연주가,서양음악+한국음악,서양음악,0.4603796601295471,한국음악,0.06268230080604553
가방 들어주는 아이 [공주],서양음악+연극,서양음악,0.07126937061548233,연극,0.032839417457580566
딩동댕 동화나라콘서트 [도봉],무용+연극,무용,0.9849104285240173,연극,0.051066234707832336
난타 [홍대],서양음악+대중음악,서양음악,0.9999567270278931,대중음악,0.002439203904941678
VINCENT 리뉴얼 콘서트,무용+대중무용,무용,0.9844827055931091,대중무용,0.681988537311554
폴킴 투어 콘서트: 마음 [제주(앵콜)],무용+서양음악,무용,0.9999129772186279,서양음악,0.0058207157999277115
다함께 다방구,무용+연극,무용,0.41658347845077515,연극,0.3047514855861664
안나라수마나라,서양음악+뮤지컬,서양음악,0.9998623132705688,뮤지컬,0.0001935843756655231
죽어야 사는 남자,한국음악+뮤지컬,한국음악,0.9965697526931763,뮤지컬,0.043229855597019196
어린이 캣프렌즈,뮤지컬+대중무용,뮤지컬,0.9998998641967773,대중무용,0.14010126888751984
허풍선이 과학쇼 시즌2: 마리퀴리 vs 아인슈타인,한국음악+대중무용,한국음악,0.999985933303833,대중무용,0.008335616439580917
스위치,한국음악+무용,한국음악,0.6478701233863831,무용,0.3793172538280487
페인터즈 [종로],무용+대중무용,무용,0.9992478489875793,대중무용,0.9874931573867798
브레멘 음악대 [인천],뮤지컬+대중무용,뮤지컬,0.9838211536407471,대중무용,0.8703433871269226
궁 나와라 뚝딱: 5대 궁궐 이야기,한국음악+서양음악,한국음악,0.6529266238212585,서양음악,0.025503328070044518
페인터즈:히어로 [제주],서양음악+무용,서양음악,0.22108279168605804,무용,0.0923977941274643
본 이베어 내한공연,한국음악+대중음악,한국음악,0.9999666213989258,대중음악,0.1433395892381668
레베카,대중음악+한국음악,대중음악,0.9826143383979797,한국음악,0.055259644985198975
도둑배우,대중음악+서양음악,대중음악,0.9999895095825195,서양음악,6.317959196167067e-05
어른동생,한국음악+무용,한국음악,0.3472506105899811,무용,0.015916673466563225
연애 리플레이,서양음악+대중음악,서양음악,0.8873343467712402,대중음악,0.008385756984353065
그녀를 믿지 마세요 [대전],한국음악+뮤지컬,한국음악,0.15401652455329895,뮤지컬,0.043614402413368225
HOTEL DE LIGHT [정선],연극+한국음악,연극,0.3406909108161926,한국음악,0.13728561997413635
Young Trapper Concert,서양음악+한국음악,서양음악,0.979962944984436,한국음악,0.22099757194519043
WITZ STAGE 1,연극+서양음악,연극,0.9998586177825928,서양음악,0.00630564009770751
꿀벌마야의 모험 [천안],뮤지컬+대중무용,뮤지컬,0.9636633992195129,대중무용,0.0336168110370636
기분을 말해봐 [천안],서양음악+대중음악,서양음악,0.9992247819900513,대중음악,0.0060753850266337395
안나와 엘사의 생일파티 [천안],뮤지컬+연극,뮤지컬,0.9989653825759888,연극,0.013148436322808266
작업의 정석 1탄,연극+무용,연극,0.9990617632865906,무용,0.8551394939422607
프리프링 마리의 마법학교 대모험 [서울],한국음악+대중음악,한국음악,0.9961751699447632,대중음악,0.057861510664224625
핫식스,무용+서양음악,무용,0.6192003488540649,서양음악,0.2433236986398697
팥죽할멈과 호랑이 [용인],연극+무용,연극,0.999909520149231,무용,0.33240988850593567
해설이 있는 바리톤 황선엽 리사이틀,한국음악+뮤지컬,한국음악,0.9999655485153198,뮤지컬,0.3889754116535187
"술술클래식, 내 인생의 클래식",한국음악+서양음악,한국음악,0.9881644248962402,서양음악,0.009850075468420982
뷰티풀라이프 [춘천],뮤지컬+대중음악,뮤지컬,0.9317877888679504,대중음악,0.10931690037250519
리얼공룡쇼! 정글헌터어드벤처 [대구],무용+뮤지컬,무용,0.2386990338563919,뮤지컬,0.15002842247486115
경종수정실록,한국음악+대중무용,한국음악,0.9999998807907104,대중무용,0.009779003448784351
톡톡,뮤지컬+연극,뮤지컬,0.8202371597290039,연극,0.5018492937088013
리틀캣 [양산],한국음악+뮤지컬,한국음악,0.9938202500343323,뮤지컬,0.5905227065086365
광주국악상설공연 (1월),대중음악+한국음악,대중음악,0.9957019686698914,한국음악,0.9061973094940186
수상한 흥신소 1탄 [대학로],한국음악+대중무용,한국음악,0.9064015746116638,대중무용,0.5901874303817749
라푼젤 [대전],뮤지컬+한국음악,뮤지컬,0.9993981122970581,한국음악,0.7752974629402161
"서울 아시테지 겨울축제, 즐거운 나의 집",뮤지컬+서양음악,뮤지컬,0.7985391020774841,서양음악,0.03494925796985626
"서울 아시테지 겨울축제, 보이야르의 노래",서양음악+무용,서양음악,0.9999426603317261,무용,0.02753223106265068
빨래,대중음악+대중무용,대중음악,0.9998672008514404,대중무용,0.9745671153068542
아이스크림 왕국의 뽀로로와 친구들 [부산],서양음악+뮤지컬,서양음악,0.9999918937683105,뮤지컬,0.00010644774738466367
꼬마버스 타요와 하하호호 노래자랑  [서울],연극+한국음악,연극,0.9474827647209167,한국음악,0.12058015167713165
작업의 정석 [코엑스],한국음악+대중음악,한국음악,0.9893757104873657,대중음악,0.4713239073753357
BB 1st 크게 망할 대망 콘서트,한국음악+연극,한국음악,0.9998124241828918,연극,0.0020288126543164253
"Meet the Artist, 첼리스트 양성원",한국음악+서양음악,한국음악,0.3936888873577118,서양음악,0.02895260788500309
안녕 스크루지 [김포],서양음악+한국음악,서양음악,0.9885718822479248,한국음악,0.6109744310379028
피터팬 [창원],한국음악+대중무용,한국음악,0.9517633318901062,대중무용,0.8310858011245728
"MPMG WEEK, Limited Edition: ALONG",연극+뮤지컬,연극,0.999085545539856,뮤지컬,0.0008326037786900997
2호선 세입자,대중음악+대중무용,대중음악,0.9990461468696594,대중무용,0.0361134335398674
신데렐라 [수원],서양음악+연극,서양음악,0.3579142093658447,연극,0.048144835978746414
인어공주 [일산],한국음악+대중음악,한국음악,0.8157221674919128,대중음악,0.7151650190353394
플란다스의 개 [고양],연극+한국음악,연극,0.9999938011169434,한국음악,0.018827883526682854
치카치카 버블맨,서양음악+대중음악,서양음악,0.9999617338180542,대중음악,0.01053832471370697
당신이 주인공 1탄,대중음악+무용,대중음악,0.9878966808319092,무용,0.8476375937461853
당신이 주인공 2탄 [홍대],서양음악+무용,서양음악,0.9667620658874512,무용,0.034915294498205185
고고다이노 공룡탐험대: 우르르 행성을 구하라! [진주],대중음악+한국음악,대중음악,0.3506234586238861,한국음악,0.017240053042769432
쪼아맨과 멜롱이 시즌2: 흥청망청별로 잡혀간 멜롱이 구출대작전,대중음악+한국음악,대중음악,0.9551880955696106,한국음악,0.5546520948410034
써니텐,한국음악+대중무용,한국음악,0.9976978898048401,대중무용,0.12005341053009033
프리즌,한국음악+뮤지컬,한국음악,0.4174627363681793,뮤지컬,0.06819901615381241
나의 PS 파트너 [광주],연극+서양음악,연극,0.9980364441871643,서양음악,0.7068554162979126
맥스 첫 내한공연: THE INTIMATE AF TOUR,한국음악+서양음악,한국음악,0.5892283320426941,서양음악,0.03366303816437721
PIANO DUO,연극+무용,연극,0.9673037528991699,무용,0.17454278469085693
윤수일 골든마이크 쇼,연극+한국음악,연극,0.8986866474151611,한국음악,0.7965545058250427
백설공주 [울산],대중음악+한국음악,대중음악,0.9996154308319092,한국음악,0.0003833628725260496
백설공주와 일곱난쟁이 [울산],서양음악+뮤지컬,서양음악,0.999690055847168,뮤지컬,0.00013398377632256597
팥죽할머니와 호랑이 [울산],서양음악+무용,서양음악,1.0,무용,1.166234324045945e-05
백설공주 [남양주],서양음악+무용,서양음악,0.9987917542457581,무용,0.00014228512009140104
하얀이와 충치마왕 [부천],서양음악+대중음악,서양음악,0.7600921988487244,대중음악,0.04623118042945862
"금호영재콘서트, 김규용 대금 독주회",한국음악+무용,한국음악,0.11423526704311371,무용,0.07085558772087097
"금호영아티스트콘서트, 이연재 오보에 독주회",대중음악+한국음악,대중음악,0.9966138005256653,한국음악,0.0007560480153188109
송치경 교수 정년퇴임 음악회,서양음악+대중음악,서양음악,0.99993896484375,대중음악,0.0011608104687184095
양지 피아노 독주회,서양음악+뮤지컬,서양음악,0.9999078512191772,뮤지컬,0.00012987865193281323
김혜실 귀국 피아노 독주회,뮤지컬+서양음악,뮤지컬,0.8017289042472839,서양음악,0.16275270283222198
구미정 피아노 독주회,한국음악+대중음악,한국음악,0.9977431297302246,대중음악,0.01230873167514801
라이어 1탄 [서울],서양음악+무용,서양음악,0.7846332788467407,무용,0.33775925636291504
장윤정 라이브 콘서트 [부천],무용+연극,무용,0.954198956489563,연극,0.9044281244277954
판타스틱 [대학로],서양음악+연극,서양음악,0.9911066889762878,연극,0.01869715005159378
그남자그여자 [대구],서양음악+연극,서양음악,0.05129699781537056,연극,0.051053307950496674
정동하 전국 투어 콘서트: SKETCH [광주],뮤지컬+한국음악,뮤지컬,0.06337413936853409,한국음악,0.06184517219662666
택시안에서 [부산],연극+뮤지컬,연극,0.992495059967041,뮤지컬,0.0057769338600337505
"창작산실, 오월바람",무용+한국음악,무용,0.9858900308609009,한국음악,0.9416544437408447
"창작산실, 목련 아래의 디오니소스",대중음악+한국음악,대중음악,0.1888803392648697,한국음악,0.05048850551247597
"서울 아시테지 겨울축제, 깨비가 잃어버린 도깨비 방망이",대중음악+한국음악,대중음악,0.9867051243782043,한국음악,0.1328391432762146
"창작산실, 호모파베르",한국음악+뮤지컬,한국음악,0.19437336921691895,뮤지컬,0.063134104013443
"창작산실, 체액",대중음악+무용,대중음악,0.9997932314872742,무용,0.027136795222759247
행쇼,서양음악+연극,서양음악,0.9942198991775513,연극,0.049552615731954575
오! 나의 귀신님,무용+대중음악,무용,0.9993415474891663,대중음악,0.023938871920108795
그 분이 오셨다,서양음악+뮤지컬,서양음악,0.9999886751174927,뮤지컬,0.0008225861820392311
흑백다방,뮤지컬+대중음악,뮤지컬,0.9983432292938232,대중음악,0.18508389592170715
"안녕하세요, 무평읍",대중음악+연극,대중음악,0.5623404383659363,연극,0.24269266426563263
자메이카 헬스클럽 [해피씨어터],한국음악+대중무용,한국음악,0.9999971389770508,대중무용,0.9993502497673035
바리톤 김동섭의 슈베르트 겨울나그네,대중음악+한국음악,대중음악,0.6614641547203064,한국음악,0.22753304243087769
첼로 김해은 & 기타 장대건 르네상스 예술의 부활 [대구],한국음악+대중음악,한국음악,0.18803806602954865,대중음악,0.07036851346492767
그리즐리 두번째 정규앨범: 삶，숨，쉼 음감회,한국음악+연극,한국음악,0.8983246684074402,연극,0.10149896144866943
연애플레이리스트,대중음악+서양음악,대중음악,0.8738763928413391,서양음악,0.5790790915489197
해녀의 부엌: 해녀이야기,한국음악+무용,한국음악,0.1759767383337021,무용,0.13513407111167908
매직기프트쇼,서양음악+뮤지컬,서양음악,0.9999940395355225,뮤지컬,0.0003108869132120162
옹알스,무용+대중무용,무용,0.9401280283927917,대중무용,0.16530433297157288
창문 넘어 도망친 100세 노인,무용+대중무용,무용,0.999879002571106,대중무용,0.3210293650627136
겨울은 춥고 봄은 멀다,뮤지컬+대중음악,뮤지컬,0.9999338388442993,대중음악,0.002047288930043578
"윈터뮤직페스타, 데이브레이크 & 모노플로 & 워킹애프터유",서양음악+한국음악,서양음악,0.999954104423523,한국음악,0.00035532782203517854
요한계시록,서양음악+대중음악,서양음악,0.9414364099502563,대중음악,0.4180529713630676
문지기 문지기 문열어라 [청주],서양음악+한국음악,서양음악,0.999369204044342,한국음악,0.00485195079818368
그대와 영원히,서양음악+한국음악,서양음악,0.981419563293457,한국음악,0.025063281878829002
노리야 학교가자 [마당세실극장],연극+한국음악,연극,0.987395167350769,한국음악,0.0011383697856217623
노리야 놀러가자,대중음악+한국음악,대중음악,0.9664308428764343,한국음악,0.17563289403915405
연애플레이리스트 [대구],서양음악+뮤지컬,서양음악,0.957434892654419,뮤지컬,0.21754209697246552
그녀를 믿지 마세요,무용+연극,무용,0.8803633451461792,연극,0.37174829840660095
팬레터,대중무용+서양음악,대중무용,0.1719963103532791,서양음악,0.07786548137664795
수상한 흥신소 2탄,서양음악+한국음악,서양음악,0.9591322541236877,한국음악,0.019282536581158638
박강수 소극장콘서트 [남원],연극+뮤지컬,연극,0.8037667870521545,뮤지컬,0.01206826139241457
오버코트,연극+뮤지컬,연극,0.9999985694885254,뮤지컬,0.004539224784821272
＃나만빼고,서양음악+대중음악,서양음악,0.9260804653167725,대중음악,0.8844496011734009
분장실,한국음악+대중음악,한국음악,0.993733823299408,대중음악,0.08924105763435364
기억을 지워드립니다,뮤지컬+한국음악,뮤지컬,0.992294430732727,한국음악,0.4488188922405243
아이언 마스크,뮤지컬+대중무용,뮤지컬,0.9969931840896606,대중무용,0.8962621688842773
성냥팔이소녀와 루돌프 [창원],한국음악+연극,한국음악,0.9654526710510254,연극,0.7874060869216919
여자는 울지 않는다,서양음악+대중음악,서양음악,0.498500794172287,대중음악,0.23028317093849182
더 나은 노래,연극+대중음악,연극,0.5573623180389404,대중음악,0.06979977339506149
출동! 슈퍼윙스 시즌3: 우주기지를 지켜라! [청주],서양음악+연극,서양음악,0.9997537732124329,연극,0.0018243707017973065
택시안에서 [서울],무용+대중음악,무용,0.9993367791175842,대중음악,0.7732144594192505
Memory in dream,무용+대중음악,무용,0.9975064396858215,대중음악,0.9945523142814636
바람이 불어오는 곳 [대학로],연극+한국음악,연극,0.9999282360076904,한국음악,0.08599470555782318
기적의 소년,뮤지컬+연극,뮤지컬,0.5906029939651489,연극,0.334502637386322
보잉보잉,뮤지컬+연극,뮤지컬,0.9718793034553528,연극,0.0030746387783437967
검정고무신 [부산],서양음악+연극,서양음악,0.9257285594940186,연극,0.01867052912712097
자베트,연극+무용,연극,0.8589910864830017,무용,0.03238973394036293
내일은 미스트롯 전국투어 콘서트: 청춘 [천안],서양음악+대중음악,서양음악,0.7612979412078857,대중음악,0.7480109930038452
빈 소년 합창단 [강릉],뮤지컬+서양음악,뮤지컬,0.9997746348381042,서양음악,0.00018889614148065448
겨울이야기 [강릉],한국음악+대중음악,한국음악,0.9996009469032288,대중음악,0.01947822794318199
송대관 VS 태진아 라이벌콘서트: 한판붙자 [청주],한국음악+대중무용,한국음악,0.9991324543952942,대중무용,0.0050899614579975605
춘풍이 온다,서양음악+대중음악,서양음악,0.9978491067886353,대중음악,0.0007294132374227047
알라딘과 자스민공주 [거창],연극+서양음악,연극,0.9880234003067017,서양음악,0.18177896738052368
코리아윈드필하모니 더 워 콘서트 [대구],대중음악+서양음악,대중음악,0.740454912185669,서양음악,0.02058304101228714
아프리카 리듬과 열정을 아냐포! [대구],연극+무용,연극,1.0,무용,0.023931434378027916
그녀를 믿지 마세요 [대구],대중음악+대중무용,대중음악,0.9999998807907104,대중무용,0.019719142466783524
PASSION [대구],뮤지컬+서양음악,뮤지컬,0.05374586954712868,서양음악,0.04240518435835838
배은진 비올라 리사이틀 [대구],무용+대중무용,무용,0.9995648264884949,대중무용,0.9855368733406067
청소년 협주곡의 밤 [대구],무용+대중무용,무용,0.9961698651313782,대중무용,0.05840010568499565
싯다르타 [대구],서양음악+한국음악,서양음악,0.5494466423988342,한국음악,0.19414791464805603
누수공사 [부산],연극+한국음악,연극,0.990429699420929,한국음악,0.8819713592529297
"부산마루국제음악제, 염원 하늘에 닿다: 메인콘서트Ⅱ",뮤지컬+한국음악,뮤지컬,1.0,한국음악,0.0012567962985485792
검은스님들 [부산],서양음악+대중음악,서양음악,0.9746633768081665,대중음악,0.015261759050190449
"예술의전당 어린이 가족 페스티벌, 에스메의 여름",대중음악+한국음악,대중음악,0.9939066767692566,한국음악,0.312133252620697
썸씽로튼,연극+서양음악,연극,0.6870229840278625,서양음악,0.0050471690483391285
변하지 않는 것들: page 2,서양음악+대중음악,서양음악,0.2762559950351715,대중음악,0.0020799313206225634
홍도1589,한국음악+대중음악,한국음악,0.998760461807251,대중음악,0.4295898675918579
부산시립무용단 안무가양성 프로젝트: 몸으로 쓰는 시,서양음악+연극,서양음악,0.6785027384757996,연극,0.044989004731178284
"박찬민 아나운서와 함께하는 마티네 콘서트, 드라마틱 플루트",연극+뮤지컬,연극,0.9984651803970337,뮤지컬,0.0029232341330498457
우리는 친구다,대중음악+뮤지컬,대중음악,0.9554367065429688,뮤지컬,0.017737744376063347
"트라이보울 시리즈, 쉼표 (comma)",대중음악+연극,대중음악,0.853485107421875,연극,0.5130200982093811
모던타임즈 [대구],서양음악+연극,서양음악,0.9869967699050903,연극,0.1355523318052292
단재의 혼,무용+대중무용,무용,0.9989079236984253,대중무용,0.9671958088874817
색소폰 콰르텟 에스윗,대중무용+무용,대중무용,0.9940650463104248,무용,0.9716346859931946
뭉치와 병균 끈적이,뮤지컬+연극,뮤지컬,0.1344127058982849,연극,0.12762688100337982
싯다르타 [부산],뮤지컬+연극,뮤지컬,0.9999958276748657,연극,0.0004738577117677778
가을은 두 번째 봄,서양음악+뮤지컬,서양음악,0.999052107334137,뮤지컬,0.0023003597743809223
속죄,한국음악+연극,한국음악,0.0160000529140234,연극,0.013738107867538929
펀홈,서양음악+연극,서양음악,0.7601046562194824,연극,0.004157684743404388
ANNE : 빨강머리 앤,대중음악+한국음악,대중음악,0.8347066044807434,한국음악,0.766092836856842
그림자 재판,한국음악+무용,한국음악,0.9081212878227234,무용,0.06168592721223831
"권리장전, 친일탐구: 총독의 소리 국민적 인간의 생산",서양음악+대중음악,서양음악,0.08588096499443054,대중음악,0.02577289193868637
"권리장전, 친일탐구: 1984",서양음악+대중음악,서양음악,0.9550621509552002,대중음악,0.6946038603782654
"권리장전, 친일탐구: 어느 (친일파)의 하루",연극+한국음악,연극,0.9977098703384399,한국음악,0.9751710891723633
공룡 타루,서양음악+연극,서양음악,0.8042744398117065,연극,0.3811796009540558
미래의 여름,한국음악+뮤지컬,한국음악,0.41208332777023315,뮤지컬,0.1667395681142807
"송영민의 뮤직 브런치 (6,7,8월)",무용+연극,무용,0.961385190486908,연극,0.5681577920913696
시데레우스,대중음악+무용,대중음악,0.9739103317260742,무용,0.5513793230056763
"연극열전8, 마우스피스",뮤지컬+서양음악,뮤지컬,0.7956714630126953,서양음악,0.033464960753917694
찬란하지 않아도 괜찮아,대중음악+대중무용,대중음악,0.9751957058906555,대중무용,0.9261042475700378
여름은 덥고 겨울은 길다,서양음악+무용,서양음악,0.9999593496322632,무용,0.0023449130821973085
마른대지,서양음악+대중음악,서양음악,0.9317213892936707,대중음악,0.1551119089126587
렌트,대중음악+서양음악,대중음악,0.7632536292076111,서양음악,0.0436072014272213
꽃보다 슈퍼스타,한국음악+대중무용,한국음악,0.9887561202049255,대중무용,0.957655668258667
화전가,한국음악+무용,한국음악,0.8055919408798218,무용,0.45583057403564453
루드윅: 베토벤 더 피아노,뮤지컬+무용,뮤지컬,0.027076682075858116,무용,0.02495155669748783
하늘정원,뮤지컬+연극,뮤지컬,0.915587306022644,연극,0.2334764003753662
오! 나의귀신님 [대전],한국음악+서양음악,한국음악,0.9432677030563354,서양음악,0.4200446605682373
인피니티 플라잉(INFINITY FLYING) [경주],서양음악+연극,서양음악,0.9998953342437744,연극,0.0015465954784303904
월명,서양음악+연극,서양음악,0.9964644908905029,연극,0.030414680019021034
"제2회 스튜디오76 페스티벌, 패치워크 브레히트: Capital 02.",연극+서양음악,연극,0.9999969005584717,서양음악,0.002572027500718832
제2회 76페스티벌,서양음악+한국음악,서양음악,0.6227439641952515,한국음악,0.13759395480155945
정씨여자,서양음악+무용,서양음악,0.5209146738052368,무용,0.43325275182724
어쩌면 해피엔딩,서양음악+대중음악,서양음악,0.8363910913467407,대중음악,0.013468852266669273
마마누요,무용+한국음악,무용,0.9878484010696411,한국음악,0.9643012285232544
더 스테이지: K-POP 아이돌 도전기,무용+한국음악,무용,0.9769337773323059,한국음악,0.9650632739067078
로로스페이스 썸머 뮤직페스티벌,한국음악+대중음악,한국음악,0.844121515750885,대중음악,0.6023828983306885
피터팬,한국음악+무용,한국음악,0.9953662157058716,무용,0.7500357627868652
러브스펠,대중음악+한국음악,대중음악,0.9761576652526855,한국음악,0.06134016439318657
로미오와 줄리엣,무용+대중음악,무용,0.9973756074905396,대중음악,0.31922614574432373
알사탕 [서울],한국음악+서양음악,한국음악,0.9964392781257629,서양음악,0.04847446456551552
새빨간 거짓말 [부산],대중음악+서양음악,대중음악,0.9318722486495972,서양음악,0.1678076833486557
연극 라면,뮤지컬+대중음악,뮤지컬,0.2584279477596283,대중음악,0.1297491043806076
"제19회 의정부음악극축제, 리골레토 [의정부]",한국음악+연극,한국음악,0.5486488342285156,연극,0.5385076999664307
"SAC ON SCREEN, 라 바야데르",서양음악+한국음악,서양음악,0.5494274497032166,한국음악,0.16626672446727753
제4회 미스터리 스릴러전,연극+대중음악,연극,0.10018070042133331,대중음악,0.01033544261008501
피터팬과 후크선장 [구미],무용+한국음악,무용,0.2995494604110718,한국음악,0.25364771485328674
미녀와 야수 [정읍],대중음악+무용,대중음악,0.8232015371322632,무용,0.2296725958585739
킹스턴 루디스카 콘서트,서양음악+대중음악,서양음악,0.9979689717292786,대중음악,0.0025723797734826803
뜬쇠예술단의 뜬쇠한마당,한국음악+서양음악,한국음악,0.9999668598175049,서양음악,0.09252849966287613
"작곡가 집중탐구 Ⅲ, 비발디 [당진]",대중음악+서양음악,대중음악,0.46052873134613037,서양음악,0.2858688235282898
신데렐라 [당진],서양음악+무용,서양음악,0.9840227365493774,무용,0.01757262647151947
팔로우미 [부산(앵콜)],대중음악+서양음악,대중음악,0.9902589321136475,서양음악,0.021752553060650826
블러디 사일런스,한국음악+서양음악,한국음악,0.21655334532260895,서양음악,0.14291004836559296
봄날의 곰,대중음악+연극,대중음악,0.07886268198490143,연극,0.012896467000246048
인어공주 [천안],연극+한국음악,연극,0.9997304081916809,한국음악,0.0025896611623466015
말안듣는청개구리와 개미와베짱이 [천안],서양음악+뮤지컬,서양음악,0.607460081577301,뮤지컬,0.5502035617828369
"댄스, 힙합에 빠지다",한국음악+서양음악,한국음악,0.9997813105583191,서양음악,0.002437974326312542
서울시오페라단 정기공연: 세비야의 이발사,서양음악+무용,서양음악,0.999997615814209,무용,0.00010312895756214857
모차르트 10주년 기념공연,서양음악+뮤지컬,서양음악,0.8778771758079529,뮤지컬,0.7194991707801819
미네소타 컨템퍼러리 앙상블 MCE 정기연주회,한국음악+대중음악,한국음악,0.9868093729019165,대중음악,0.9165034890174866
제84회 바로크와 현대가곡연구회 정기연주회,서양음악+연극,서양음악,0.12919902801513672,연극,0.07100024074316025
신미정 피아노 독주회,연극+무용,연극,0.2502860128879547,무용,0.19268310070037842
"산울림 고전극장, 소년 간첩",뮤지컬+서양음악,뮤지컬,0.9391242265701294,서양음악,0.2027594894170761
"산울림 고전극장, 보들레르",대중음악+연극,대중음악,0.1287742406129837,연극,0.06309130787849426
전진아 거문고 독주회,서양음악+무용,서양음악,0.9999958276748657,무용,0.00011160146095789969
정고운 가야금 소리 움직임,대중음악+한국음악,대중음악,0.9997616410255432,한국음악,0.4438728392124176
토요국악동화,서양음악+무용,서양음악,0.998200535774231,무용,8.605381299275905e-05
박상민 소극장 콘서트: 니가 그리운 날엔,서양음악+무용,서양음악,0.9999967813491821,무용,7.67782603361411e-06
여명 1919,대중음악+서양음악,대중음악,0.10152479261159897,서양음악,0.05567952245473862
안티고네,서양음악+한국음악,서양음악,0.7312389612197876,한국음악,0.010330049321055412
오싹한 연애,뮤지컬+대중무용,뮤지컬,0.9795611500740051,대중무용,0.009275385178625584
나무늘보 릴렉스,연극+서양음악,연극,0.9781382083892822,서양음악,0.45418161153793335
꿈꾸는 쌩상(프리뷰),무용+대중음악,무용,0.9813799262046814,대중음악,0.006048144306987524
아모르파티,한국음악+무용,한국음악,0.9999825954437256,무용,0.05478927493095398
리미트,서양음악+대중음악,서양음악,0.9999860525131226,대중음악,0.00013728340854868293
박진수 귀국 바이올린 독주회,대중음악+서양음악,대중음악,0.9274231195449829,서양음악,0.7641468048095703
소프라노 신지연 귀국 독창회,서양음악+대중음악,서양음악,0.3008742034435272,대중음악,0.05130466818809509
피아니스트 강정은의 Romantic Story Ⅳ,서양음악+한국음악,서양음악,0.9727020859718323,한국음악,0.04006996005773544
장혜진 귀국 바이올린 독주회,대중음악+무용,대중음악,0.999775230884552,무용,0.5675704479217529
박은식 피아노 독주회,대중음악+뮤지컬,대중음악,0.8347875475883484,뮤지컬,0.0031896240543574095
이정란 음반발매기념 리사이틀 [서울],한국음악+대중음악,한국음악,0.9975353479385376,대중음악,0.40187275409698486
제15회 라메르에릴 정기연주회,연극+뮤지컬,연극,0.16262783110141754,뮤지컬,0.1448461413383484
오케스트라 앙상블 서울 OES의 베토벤 시리즈 IV,뮤지컬+한국음악,뮤지컬,0.9505753517150879,한국음악,0.22071924805641174
뚝딱하니 용궁,대중음악+서양음악,대중음악,0.46680861711502075,서양음악,0.18530651926994324
달의 목소리,서양음악+뮤지컬,서양음악,0.9999346733093262,뮤지컬,0.0005638325237669051
브레멘음악대 [수원],연극+한국음악,연극,0.9357401132583618,한국음악,0.22467400133609772
그녀를 믿지 마세요 [수원],서양음악+대중음악,서양음악,0.9984076619148254,대중음악,0.036620043218135834
"SAC ON SCREEN, 여자만세",서양음악+무용,서양음악,0.9967259168624878,무용,0.9606364369392395
마리 퀴리,무용+한국음악,무용,0.9982424974441528,한국음악,0.008684737607836723
마티네 콘서트,한국음악+대중음악,한국음악,0.9859045147895813,대중음악,0.6289942264556885
안성맞춤 남사당공연,연극+뮤지컬,연극,0.8113933205604553,뮤지컬,0.5869211554527283
"제19회 의정부음악극축제, 카르멘",한국음악+뮤지컬,한국음악,0.041568536311388016,뮤지컬,0.007752807345241308
극장괴담4 [대구],무용+대중음악,무용,0.999231219291687,대중음악,0.9944873452186584
원하고 바라고 [대구],연극+서양음악,연극,0.9501242637634277,서양음악,0.006112057715654373
몸부림,한국음악+대중음악,한국음악,0.9990376234054565,대중음악,0.005229705013334751
대전시립합창단 가족음악회,한국음악+서양음악,한국음악,0.9985128045082092,서양음악,0.015319009311497211
비올리스트 임형진 두 번째 독주회,뮤지컬+한국음악,뮤지컬,0.9214690327644348,한국음악,0.4987843930721283
찰칵,한국음악+대중음악,한국음악,0.9396215677261353,대중음악,0.026324402540922165
제이미,한국음악+연극,한국음악,0.9616986513137817,연극,0.85211580991745
리얼리티,서양음악+대중음악,서양음악,0.9949754476547241,대중음악,0.0037464099004864693
캔터빌의 유령,연극+대중음악,연극,0.08000290393829346,대중음악,0.022906772792339325
금요공감 (8월),서양음악+연극,서양음악,0.9719170331954956,연극,0.9563066363334656
다담,한국음악+대중음악,한국음악,0.999903678894043,대중음악,0.9933271408081055
"수요열린예술무대, 뒤란 (8.19)",한국음악+뮤지컬,한국음악,0.9986390471458435,뮤지컬,0.20790156722068787
인제 연극 릴레이,무용+서양음악,무용,0.9963647723197937,서양음악,0.022067032754421234
두여자 [대구],대중음악+대중무용,대중음악,0.8744527101516724,대중무용,0.29591625928878784
하이마스크 시즌2: 프로포즈 [안동],서양음악+대중음악,서양음악,0.46635162830352783,대중음악,0.2156647890806198
변사또 생일잔치,대중음악+한국음악,대중음악,0.8480032086372375,한국음악,0.14424602687358856
용을 쫓는 사냥꾼,서양음악+무용,서양음악,0.2306736558675766,무용,0.0517105907201767
도서관에 간 사자,한국음악+연극,한국음악,0.9621369242668152,연극,0.5922941565513611
자취,무용+서양음악,무용,0.44218888878822327,서양음악,0.4198061227798462
라면에 파송송,한국음악+대중무용,한국음악,0.9999957084655762,대중무용,0.0036236594896763563
미아 파밀리아,대중음악+대중무용,대중음악,0.9575363397598267,대중무용,0.9457776546478271
한뼘사이 [대전],뮤지컬+한국음악,뮤지컬,0.34838658571243286,한국음악,0.05175071954727173
신비한 놀이터 [서울],한국음악+무용,한국음악,0.999819815158844,무용,0.0028073498979210854
미녀와 야수 [서울 금천],무용+연극,무용,0.8965518474578857,연극,0.6392337083816528
세자매,연극+한국음악,연극,0.6119928359985352,한국음악,0.15821172297000885
라스트 세션,한국음악+서양음악,한국음악,0.9992347955703735,서양음악,0.004469885956496
이철진의 월요승무이야기,무용+뮤지컬,무용,0.9387375116348267,뮤지컬,0.8771030902862549
안녕! 도깨비,대중음악+대중무용,대중음악,0.9999275207519531,대중무용,0.0482698492705822
제84회 순천시립합창단 정기연주회,연극+한국음악,연극,0.9834430813789368,한국음악,0.9627488851547241
여수국제음악제,한국음악+연극,한국음악,0.8815752267837524,연극,0.11874418705701828
세빌리아의 이발사 [여수],뮤지컬+한국음악,뮤지컬,0.9783931970596313,한국음악,0.23705992102622986
개세끼들 [여수],한국음악+대중무용,한국음악,0.999998927116394,대중무용,0.013599531725049019
"부산문화회관 챔버페스티벌, 조이오브스트링스의 The Color of Classics : 컬러 심리로 보는 클래식",서양음악+대중음악,서양음악,0.9990346431732178,대중음악,0.004175584763288498
청개구리 이야기,서양음악+연극,서양음악,0.8961860537528992,연극,0.06163099780678749
이정란 음반발매기념 리사이틀 [대구],대중음악+서양음악,대중음악,0.9980663657188416,서양음악,0.01808096468448639
제465회 대구시립교향악단 정기연주회 [대구],서양음악+한국음악,서양음악,0.9998070597648621,한국음악,0.00013109152496326715
하티와 광대들,무용+한국음악,무용,0.9793217778205872,한국음악,0.5159075856208801
개와 고양이의 시간,연극+대중무용,연극,0.7005358934402466,대중무용,0.41410019993782043
"김문정과 함께하는 여민락콘서트, POP MUSIC IN MUSICAL［세종］",서양음악+대중음악,서양음악,0.5416820645332336,대중음악,0.0876079797744751
하모니-카,무용+연극,무용,0.8937963843345642,연극,0.15899500250816345
전설의 리틀 농구단,뮤지컬+한국음악,뮤지컬,0.9958184361457825,한국음악,0.03636253625154495
나는 거기 있었다...,한국음악+대중음악,한국음악,0.999646782875061,대중음악,0.001539552235044539
"제7회 대한민국 신진연출가전, 황제의 전갈",서양음악+한국음악,서양음악,0.9088937640190125,한국음악,0.0045632412657141685
아기돼지 삼형제 [울산],한국음악+대중무용,한국음악,0.9999912977218628,대중무용,0.9901968240737915
흉터 [대학로],서양음악+대중음악,서양음악,0.9940389394760132,대중음악,0.002708917483687401
청남대재즈토닉페스티벌,연극+한국음악,연극,0.9997991919517517,한국음악,0.12340761721134186
라움 마티네 콘서트: 살롱 드 아르떼 (패키지),한국음악+서양음악,한국음악,0.9969735145568848,서양음악,0.13811048865318298
알래스카와 같은,서양음악+뮤지컬,서양음악,0.9341450929641724,뮤지컬,0.11607132107019424
고모령에 달(月) 지고 [부산],서양음악+뮤지컬,서양음악,0.9999791383743286,뮤지컬,0.00023348219110630453
SUMMER NIGHT,대중음악+한국음악,대중음악,0.9978548884391785,한국음악,0.009409229271113873
여름이 끝날 무렵,연극+서양음악,연극,0.9989925026893616,서양음악,0.005217887461185455
피아노의 숲,뮤지컬+대중무용,뮤지컬,0.8704321384429932,대중무용,0.43103617429733276
"밀양공연예술축제, 꿈꾸는 별들",대중음악+한국음악,대중음악,0.590191125869751,한국음악,0.5618839859962463
"대전 우리소리축제 하하하, 쪽빛황혼",무용+한국음악,무용,0.865375280380249,한국음악,0.034440796822309494
"대전 우리소리축제 하하하, 오방신: 이희문 X 놈놈 X 밴드허송세월 / 송소희 X 두번째달",뮤지컬+무용,뮤지컬,0.46639296412467957,무용,0.37530484795570374
"대전 우리소리축제 하하하, 퓨전국악그룹: 풍류 & 지유진",서양음악+무용,서양음악,0.999758780002594,무용,0.00040604520472697914
YOU & IT,서양음악+무용,서양음악,0.8635902404785156,무용,0.08200422674417496
"대전 우리소리축제 하하하, 금송가야금연주단: 22살 로맨스",무용+대중무용,무용,0.9999282360076904,대중무용,0.018055710941553116
판소리 다섯마당 [대전],연극+무용,연극,0.9297971129417419,무용,0.1358887255191803
"대전 우리소리축제 하하하, 국악앙상블 너울: 청춘의 우리 소리, 젊음(音)",대중음악+한국음악,대중음악,0.9999959468841553,한국음악,0.0005627761711366475
노인과 바다 [광주],한국음악+뮤지컬,한국음악,0.9999947547912598,뮤지컬,0.005441906861960888
제67회 광주연우회 정기연주회,대중음악+무용,대중음악,0.9897852540016174,무용,0.0007493375451304018
내일은 미스터트롯 대국민 감사콘서트 [서울],무용+서양음악,무용,0.9998206496238708,서양음악,0.1825714409351349
"마리아칼라스홀 초청연주 시리즈, 한희철 피아노 독주회 Ⅱ",대중음악+한국음악,대중음악,0.9997212290763855,한국음악,0.008794915862381458
어나더 컨트리,연극+무용,연극,0.9999903440475464,무용,0.11725974082946777
비스티,대중음악+서양음악,대중음악,0.26599201560020447,서양음악,0.02753170020878315
통의동클래식 열다섯번째 연주회,연극+한국음악,연극,0.9981689453125,한국음악,0.5189090967178345
미스터 얼간이 [부산],한국음악+무용,한국음악,0.9959579110145569,무용,0.9575611352920532
연애하기 좋은 날 [부산],서양음악+대중음악,서양음악,0.9860963225364685,대중음악,0.4463920295238495
"제1회 29아나 관람전, 클래식",대중음악+대중무용,대중음악,0.9999849796295166,대중무용,0.9926161766052246
"제1회 29아나 관람전, 우로보로스",대중음악+서양음악,대중음악,0.8268741965293884,서양음악,0.21494053304195404
신나는 클래식 세계여행 [안성],서양음악+무용,서양음악,0.24939638376235962,무용,0.019026290625333786
순수하지않아 [전주],대중음악+한국음악,대중음악,0.33002132177352905,한국음악,0.13506069779396057
두뇌수술,서양음악+연극,서양음악,0.39310067892074585,연극,0.14251835644245148
혜화동 마술사,무용+대중음악,무용,0.8540565371513367,대중음악,0.1547519415616989
내 모든 걸 [청주],대중음악+연극,대중음악,0.41166168451309204,연극,0.23032599687576294
돈데보이,서양음악+연극,서양음악,0.7310802936553955,연극,0.6093289852142334
"톡톡 클래식, 위대한 작곡가: 베토벤 이야기",한국음악+대중무용,한국음악,0.9999912977218628,대중무용,0.05871948227286339
알라딘과 자스민공주 [익산],한국음악+대중음악,한국음악,0.9034579396247864,대중음악,0.5551828145980835
팬텀싱어3 콘서트 [대구],서양음악+연극,서양음악,0.9999771118164062,연극,0.0004025686939712614
가야금의 현:실,한국음악+연극,한국음악,0.26502493023872375,연극,0.045021917670965195
흥해도 청춘 망해도 청춘,연극+대중무용,연극,0.8724896907806396,대중무용,0.7054523825645447
자메이카 헬스클럽,한국음악+서양음악,한국음악,0.9931326508522034,서양음악,0.01541951298713684
연작소설,서양음악+대중음악,서양음악,0.999976396560669,대중음악,0.0016448370879516006
모노디즘 단독공연: 집회,서양음악+한국음악,서양음악,0.9990999698638916,한국음악,0.0023426965344697237
"햇님이달님이 [청주,세종］",연극+한국음악,연극,0.8843556046485901,한국음악,0.3457968533039093
우면산 별밤축제,한국음악+무용,한국음악,0.9928399324417114,무용,0.07061199098825455
THE 가구,서양음악+무용,서양음악,0.9997060894966125,무용,0.010672475211322308
조각 [전주],연극+무용,연극,0.9997789263725281,무용,0.3641907572746277
"썸머 브리즈, 홍진호",뮤지컬+서양음악,뮤지컬,0.7388179898262024,서양음악,0.018790606409311295
"클래식 레볼루션, 양성원 & 엔리코 파체",서양음악+대중음악,서양음악,0.8875197172164917,대중음악,0.11993586272001266
"클래식 레볼루션, 양성원 & 엔리코 파체 II",서양음악+대중음악,서양음악,0.9989635944366455,대중음악,0.011631404049694538
"클래식 레볼루션, 성남시립교향악단",서양음악+뮤지컬,서양음악,0.9835783243179321,뮤지컬,0.655095636844635
"클래식 레볼루션, 임현정",대중음악+한국음악,대중음악,0.5124192237854004,한국음악,0.07489364594221115
"함신익과 심포니 송 마스터즈 시리즈 IV,  베토벤과 멘델스존",한국음악+서양음악,한국음악,0.9831105470657349,서양음악,0.09260837733745575
"함신익과 심포니 송 마스터즈 시리즈 Ⅴ, 차이코프스키와 바르톡",대중음악+서양음악,대중음악,0.9999618530273438,서양음악,0.0005783907254226506
정명훈 & 원 코리아 오케스트라,서양음악+뮤지컬,서양음악,0.9999485015869141,뮤지컬,0.004065914545208216
"클래식 레볼루션, 체임버뮤직데이 I",서양음악+대중음악,서양음악,0.9998841285705566,대중음악,0.0016071299323812127
"클래식 레볼루션, 체임버뮤직데이 II",서양음악+대중음악,서양음악,0.9978173971176147,대중음악,0.0015375906368717551
"클래식 레볼루션, 체임버뮤직데이 III",뮤지컬+연극,뮤지컬,0.7034052610397339,연극,0.012721031904220581
"클래식 레볼루션, 크리스토프 포펜 & 김태형",대중음악+서양음악,대중음악,0.06101280078291893,서양음악,0.01578494720160961
"함신익과 심포니 송 마스터즈 시리즈 Ⅴ, 베토벤과 그의 후손들",서양음악+뮤지컬,서양음악,0.48403695225715637,뮤지컬,0.11916045099496841
그랜드오페라단 창단 24주년 기념,대중음악+한국음악,대중음악,0.9999924898147583,한국음악,0.07932870090007782
"클래식 레볼루션, 서울튜티챔버오케스트라",한국음악+대중음악,한국음악,0.953075647354126,대중음악,0.3019472658634186
피아니스트 강지은의 Story of Life,대중음악+서양음악,대중음악,0.6037278771400452,서양음악,0.0703236311674118
한성은 귀국 플루트 독주회,한국음악+대중음악,한국음악,0.9764080047607422,대중음악,0.04722047597169876
양선용 프로젝트: Soundscape,대중음악+한국음악,대중음악,0.9986820816993713,한국음악,0.018143199384212494
헤이린 첫 정규 미니앨범 발매 단독 콘서트,대중음악+한국음악,대중음악,0.9981327652931213,한국음악,0.5540497899055481
용기 없는 일주일,서양음악+무용,서양음악,0.5641742944717407,무용,0.09595818817615509
엄마는 안가르쳐줘,대중음악+서양음악,대중음악,0.9291138052940369,서양음악,0.05147097259759903
팬텀싱어3 콘서트 [서울],한국음악+대중음악,한국음악,0.9929593801498413,대중음악,0.4578041732311249
프리즌 [대학로],연극+무용,연극,0.9854533076286316,무용,0.9707766175270081
토끼와자라 [창원],서양음악+한국음악,서양음악,0.5335742831230164,한국음악,0.21541030704975128
머더 발라드,대중음악+한국음악,대중음악,0.9974575638771057,한국음악,0.6755422353744507
레미제라블,서양음악+무용,서양음악,0.995500385761261,무용,0.0016706875758245587
"DCMF, #01 개막콘서트: DCMF 앙상블 연주회",한국음악+서양음악,한국음악,0.6658872961997986,서양음악,0.18492421507835388
"DCMF, #02: TIMF Ensemble 초청연주회",서양음악+뮤지컬,서양음악,0.9811822772026062,뮤지컬,0.11069677770137787
"DCMF, #03: Ensemble Eins 초청연주회",서양음악+대중음악,서양음악,0.9817837476730347,대중음악,0.3386220335960388
"DCMF, #04: 이영우 피아노 독주회",연극+대중음악,연극,0.9033564925193787,대중음악,0.1941038966178894
"DCMF, #05: Percussion Group Rims 연주회",서양음악+뮤지컬,서양음악,0.9983938336372375,뮤지컬,0.007825183682143688
담소네공방: FLOWER DAY,무용+서양음악,무용,0.6987411975860596,서양음악,0.10900414735078812
"클래식 할 뻔(FUN)2, 세계음악기행: 변병에 핀 클래식의 꽃",서양음악+대중음악,서양음악,0.999158501625061,대중음악,0.08104929327964783
UNMARRIED MOTHER CONCERT,서양음악+연극,서양음악,0.9466667175292969,연극,0.09056157618761063
"제38회 대한민국연극제 in 세종, 네트워킹 페스티벌 공연",서양음악+연극,서양음악,0.7096967101097107,연극,0.006772396620362997
늘근도둑이야기 [안동],한국음악+무용,한국음악,0.434088796377182,무용,0.012517860159277916
총알탄 사람들,한국음악+대중음악,한국음악,0.8964093923568726,대중음악,0.7087511420249939
이웃집 쌀통 [대구],서양음악+한국음악,서양음악,0.46244749426841736,한국음악,0.26535406708717346
와이프,대중음악+한국음악,대중음악,0.9569776654243469,한국음악,0.050880737602710724
헤뽀빠: 별에서 온 편지,대중음악+한국음악,대중음악,0.9957754015922546,한국음악,0.35696175694465637
동행,서양음악+뮤지컬,서양음악,0.9981918931007385,뮤지컬,0.0033954873215407133
"봄 작가, 겨울 무대 낭독공연",대중음악+대중무용,대중음악,0.9910995364189148,대중무용,0.7426924705505371
시르렁 실겅 톱질이야!  [남원],연극+한국음악,연극,0.9999998807907104,한국음악,0.0010300007415935397
도고 트로트 보이즈 [아산],대중음악+연극,대중음악,0.6524261236190796,연극,0.43965432047843933
세대공감: 교과서에 수록된 우리민요,서양음악+뮤지컬,서양음악,0.9764490127563477,뮤지컬,0.0018622634233906865
홍민지 타악기독주회,뮤지컬+한국음악,뮤지컬,0.8456775546073914,한국음악,0.7465305328369141
기분을 말해봐 [부천],무용+서양음악,무용,0.7490533590316772,서양음악,0.28764989972114563
토끼와자라 [부천],대중음악+한국음악,대중음악,0.9998915195465088,한국음악,0.02568035200238228
"장일범의 해설이 있는 11시 콘서트, 피아니스트 임동민",한국음악+대중음악,한국음악,0.9950841069221497,대중음악,0.062296416610479355
한영화 & 최예인 피아노 듀오 리사이틀 [천안],한국음악+대중음악,한국음악,0.6792019009590149,대중음악,0.296089231967926
"ACC 브런치콘서트, 강은일의 오래된 미래",뮤지컬+대중음악,뮤지컬,0.6714239716529846,대중음악,0.1487053483724594
나의 PS파트너 [대구],뮤지컬+대중음악,뮤지컬,0.1115911677479744,대중음악,0.03771153837442398
아기돼지 삼형제 [구로],서양음악+대중음악,서양음악,0.9922533631324768,대중음악,0.008224276825785637
이승환 뮤비 콘서트: 출첵,대중음악+무용,대중음악,0.9926481246948242,무용,0.012983633205294609
"해설이 있는 음악회, 오미선 ＆ 나승서: 가곡，시에 물들다",서양음악+연극,서양음악,0.9949333071708679,연극,0.0008237458532676101
"커피콘서트VI, 김현철: 달콤한 여유",서양음악+대중음악,서양음악,0.9565497040748596,대중음악,0.49224749207496643
연희는 방구왕 [부천],서양음악+대중음악,서양음악,0.7049739956855774,대중음악,0.06078450381755829
"문화콘서트 난장, 나주정미소 난장곡간 (8.20)",무용+한국음악,무용,0.9999854564666748,한국음악,0.985576331615448
난설,서양음악+뮤지컬,서양음악,0.9862616658210754,뮤지컬,0.021786080673336983
나의 알바인생,한국음악+대중음악,한국음악,0.9959404468536377,대중음악,0.02301117405295372
정밀아 콘서트: 그리운 은하수,무용+연극,무용,0.9920410513877869,연극,0.22106051445007324
브레멘 음악대 [창원],연극+뮤지컬,연극,0.9901061654090881,뮤지컬,0.18076589703559875
경섬,서양음악+뮤지컬,서양음악,0.2662583291530609,뮤지컬,0.23456023633480072
관리인,한국음악+연극,한국음악,0.9986022114753723,연극,0.00455081183463335
청춘이 레몬을 깨물 때,한국음악+대중무용,한국음악,0.9999210834503174,대중무용,0.001078664674423635
생산적 장례식,서양음악+무용,서양음악,0.9217460751533508,무용,0.0003337763773743063
이민희 플루트 귀국 독주회,대중음악+서양음악,대중음악,0.8644009232521057,서양음악,0.538104236125946
손혜미 피아노 독주회,서양음악+무용,서양음악,0.9856797456741333,무용,0.9103266000747681
이혜원 바이올린 독주회,서양음악+뮤지컬,서양음악,0.9995099306106567,뮤지컬,8.042344416026026e-05
이은정 바이올린 독주회,대중음악+한국음악,대중음악,0.9625147581100464,한국음악,0.05122407525777817
콜레기움 무지쿰 서울 정기연주회,서양음악+뮤지컬,서양음악,0.6011897325515747,뮤지컬,0.01342750247567892
안일구 플루트 독주회,서양음악+뮤지컬,서양음악,0.9998013377189636,뮤지컬,0.000318746839184314
바리톤 김대수 독창회,대중음악+한국음악,대중음악,0.9998470544815063,한국음악,0.016842395067214966
알앤디웍스 두번째 콘서트: R＆D works UNIVERSE,서양음악+뮤지컬,서양음악,0.999996542930603,뮤지컬,3.232603194192052e-05
베르테르,서양음악+한국음악,서양음악,0.9999122619628906,한국음악,0.0002428055740892887
언플러그드,대중음악+서양음악,대중음악,0.9791927337646484,서양음악,0.00839544553309679
아는 엔딩,대중음악+뮤지컬,대중음악,0.9510538578033447,뮤지컬,0.3821506202220917
엔드게임,서양음악+뮤지컬,서양음악,0.9999574422836304,뮤지컬,0.00014560090494342148
정재은 파이프 오르간 독주회,서양음악+뮤지컬,서양음악,0.22776545584201813,뮤지컬,0.19627784192562103
제20회 국민일보 신인음악회,대중음악+뮤지컬,대중음악,0.7962921857833862,뮤지컬,0.017207954078912735
제64회 연세신포니에타 정기연주회,뮤지컬+대중무용,뮤지컬,0.6166042685508728,대중무용,0.4542977511882782
제9회 대한민국 신인 음악제 II,서양음악+무용,서양음악,0.9995891451835632,무용,0.013084108009934425
"신비아파트 시즌3, 뱀파이어왕의 비밀 [서울(앵콜)]",한국음악+대중무용,한국음악,0.9999817609786987,대중무용,0.0204191654920578
흉터 [대구],뮤지컬+연극,뮤지컬,0.803072452545166,연극,0.21716396510601044
메리골드,뮤지컬+대중무용,뮤지컬,0.6889921426773071,대중무용,0.20304229855537415
그해 분장실,연극+무용,연극,0.9999032020568848,무용,0.36756807565689087
"브런치클래식, 베토벤의 보석상자 Ⅲ: 베토벤과 함께 춤을 [군포]",한국음악+서양음악,한국음악,0.9788427352905273,서양음악,0.1531044989824295
제10회 별의별 춤 페스티벌,한국음악+무용,한국음악,0.9999943971633911,무용,0.09253446757793427
"전라북도 공연예술 페스타, 콜비츠와의 대화 [전주]",뮤지컬+서양음악,뮤지컬,0.9982559084892273,서양음악,0.09321336448192596
"전라북도 공연예술 페스타, 말괄량이 길들이기 [전주]",한국음악+서양음악,한국음악,0.9995998740196228,서양음악,0.004757177084684372
"제1회 코델 페스티벌, 괴물",한국음악+서양음악,한국음악,0.9998514652252197,서양음악,0.003952364902943373
씨유 투모로우,서양음악+연극,서양음악,0.5760521292686462,연극,0.01162250991910696
"제1회 코델 페스티벌, See you tomorrow",대중음악+서양음악,대중음악,0.353965163230896,서양음악,0.060964301228523254
강제 결혼,대중음악+서양음악,대중음악,0.8564359545707703,서양음악,0.6941254734992981
"SURL concert: Ah, ah, ah, ah What can I do?",무용+연극,무용,0.9256272315979004,연극,0.01743621751666069
신팽슬여사 행장기 [대구],대중음악+뮤지컬,대중음악,0.6888091564178467,뮤지컬,0.045873213559389114
"제6회 무죽 페스티벌, 절대영도",무용+서양음악,무용,0.8736096620559692,서양음악,0.46735769510269165
"제6회 무죽 페스티벌, 신인류",서양음악+한국음악,서양음악,0.962826132774353,한국음악,0.009639641270041466
이한진 밴드 [인천],연극+한국음악,연극,0.8524009585380554,한국음악,0.06390243768692017
윤소희 비올라 독주회 [인천],대중음악+무용,대중음악,0.9993696808815002,무용,0.12506899237632751
박혜선 파이프 오르간 독주회 [인천],대중음악+서양음악,대중음악,0.9410749077796936,서양음악,0.8594242334365845
이윤석 하모니카 독주회 [인천],한국음악+대중음악,한국음악,0.9850878119468689,대중음악,0.49773266911506653
운곡 로맨스: 생명의 날개옷 [고창],대중음악+서양음악,대중음악,0.1801721304655075,서양음악,0.12588711082935333
일곱마리아기염소와 늑대 [안산],무용+서양음악,무용,0.943374514579773,서양음악,0.430198609828949
기분을 말해봐 [안산],한국음악+서양음악,한국음악,0.5638467073440552,서양음악,0.1883503496646881
"뮤지컬, 재즈에 빠지다!: 이지훈 & 전수경 [보성]",한국음악+뮤지컬,한국음악,0.7266523241996765,뮤지컬,0.36014309525489807
"헬로! 오페라, 세빌리아의 이발사 [보성]",한국음악+무용,한국음악,0.9982447624206543,무용,0.1566970944404602
킹키부츠,서양음악+뮤지컬,서양음악,0.020525645464658737,뮤지컬,0.005605617072433233
브로드웨이 42번가,서양음악+한국음악,서양음악,0.962801992893219,한국음악,0.0029606479220092297
그녀가산다 [대구],서양음악+뮤지컬,서양음악,0.9675841331481934,뮤지컬,0.18967260420322418
알라딘과 자스민공주 [통영],한국음악+대중음악,한국음악,0.29451441764831543,대중음악,0.2558596432209015
"한수원과 함께하는 문화가 있는 날, 조아콘서트",서양음악+대중음악,서양음악,0.8751503825187683,대중음악,0.08334571123123169
누가 내 머리에 똥 쌌어? [영주],한국음악+서양음악,한국음악,0.9983841180801392,서양음악,0.0064619374461472034
유랑극단 [포항],서양음악+뮤지컬,서양음악,0.9959670305252075,뮤지컬,0.009936625137925148
찰리채플린 시네마콘서트 with 신나는섬 [울산],뮤지컬+한국음악,뮤지컬,0.1606949120759964,한국음악,0.007839983329176903
모이라이 게임,뮤지컬+대중무용,뮤지컬,1.0,대중무용,0.00046661333180963993
We 2Z Live: Contact,대중음악+무용,대중음악,0.9012248516082764,무용,0.21886573731899261
유림식당,서양음악+대중음악,서양음악,0.999984622001648,대중음악,0.0003736094804480672
찔려찔러,서양음악+연극,서양음악,0.8862720131874084,연극,0.061391498893499374
"티엘아이 아트센터 젊은음악가시리즈, 양윤희 피아노 독주회",대중음악+서양음악,대중음악,0.9328356981277466,서양음악,0.8881293535232544
"티엘아이 아트센터 젊은음악가시리즈, 송민제 첼로 독주회",뮤지컬+서양음악,뮤지컬,0.9183284640312195,서양음악,0.8846361041069031
"티엘아이 아트센터 젊은음악가시리즈, 이정현 첼로 독주회",서양음악+대중음악,서양음악,0.9405276775360107,대중음악,0.03775137662887573
베어 더 뮤지컬,무용+대중무용,무용,0.9938690066337585,대중무용,0.42174795269966125
"대한민국오페라페스티벌, 세빌리아의 이발사",한국음악+대중무용,한국음악,0.9999957084655762,대중무용,0.015928447246551514
광염소나타,연극+한국음악,연극,0.21890534460544586,한국음악,0.04296046495437622
더 모먼트,서양음악+대중음악,서양음악,0.9999580383300781,대중음악,0.00048278094618581235
살고지고,뮤지컬+대중음악,뮤지컬,0.35053300857543945,대중음악,0.04511469602584839
존경하는 엘레나 선생님,대중음악+서양음악,대중음악,0.957169234752655,서양음악,0.04294241964817047
오페라의 유령 월드투어 [대구],한국음악+서양음악,한국음악,0.04666057974100113,서양음악,0.009473247453570366
"베토벤, 음악이 되다",무용+한국음악,무용,0.10150028765201569,한국음악,0.02078545279800892
"음악의 밤, 밤의 음악",한국음악+서양음악,한국음악,0.1947372853755951,서양음악,0.09272323548793793
피아노트리오 울림의 우리가 사랑한 트리오,대중음악+서양음악,대중음악,0.872332751750946,서양음악,0.5507577061653137
통영 힐링 콘서트,뮤지컬+서양음악,뮤지컬,0.8300110697746277,서양음악,0.11914998292922974
마쯔와 신기한 돌,서양음악+대중음악,서양음악,0.9994624257087708,대중음악,0.005463581532239914
페인터즈 [서대문],연극+뮤지컬,연극,0.9978528022766113,뮤지컬,0.46786990761756897
서울녘 피아졸라,서양음악+뮤지컬,서양음악,0.9999151229858398,뮤지컬,0.0033356528729200363
21세기 살롱콘서트 [부산],대중음악+무용,대중음악,0.9997124075889587,무용,0.3617720901966095
클래식 샹들리에 in 나루,연극+무용,연극,0.9987310767173767,무용,0.011692062020301819
알라딘과 자스민공주 [용인],서양음악+무용,서양음악,0.9999294281005859,무용,0.0001610849576536566
청춘만발,대중음악+서양음악,대중음악,0.9999418258666992,서양음악,0.001294624526053667
피아노를 위한 큐레이션 피아노위크 [대구],서양음악+대중음악,서양음악,0.9999648332595825,대중음악,0.003081012051552534
"화 앙상블, 피아노와 타악기의 만남 [대구]",연극+대중음악,연극,0.27835848927497864,대중음악,0.004978817421942949
언덕을 넘어서 가자,연극+서양음악,연극,0.9141305685043335,서양음악,0.390145868062973
고전적 낭만,한국음악+대중음악,한국음악,0.9983330368995667,대중음악,0.030914155766367912
백경우의 전통춤 기원(祈願) [대구],연극+서양음악,연극,0.9986631870269775,서양음악,0.05005631595849991
이상한 나라의 앨리스 [부산],뮤지컬+대중음악,뮤지컬,0.9966835379600525,대중음악,0.007964146323502064
토요신명,서양음악+뮤지컬,서양음악,0.9999995231628418,뮤지컬,1.4313854990177788e-05
"베토벤 피아노 소나타 전곡연주회 VII, 박정희 피아노 리사이틀",연극+서양음악,연극,0.2781031131744385,서양음악,0.15084761381149292
마술피리 [구로아트벨리],연극+서양음악,연극,0.04654606431722641,서양음악,0.03469043970108032
기차,뮤지컬+서양음악,뮤지컬,0.649435818195343,서양음악,0.06712213903665543
착한 사람,한국음악+대중무용,한국음악,0.9999858140945435,대중무용,0.005424352362751961
슈퍼맨처럼-!,서양음악+대중음악,서양음악,0.9989998936653137,대중음악,0.05109506472945213
안개,서양음악+뮤지컬,서양음악,0.999964714050293,뮤지컬,0.00028380975709296763
양욱진 첼로 독주회,대중음악+한국음악,대중음악,0.9981591105461121,한국음악,0.008276453241705894
바틀비 신화,서양음악+한국음악,서양음악,0.4569316506385803,한국음악,0.08638852089643478
혜영에게 [대구],무용+대중무용,무용,0.9968855977058411,대중무용,0.99050372838974
"권리장전, 친일탐구: 알츠, 하이! 뭐？",서양음악+대중음악,서양음악,0.9998373985290527,대중음악,0.0014983766013756394
플레이 위드 햄릿,한국음악+대중무용,한국음악,0.9115267992019653,대중무용,0.8260488510131836
인계점,대중음악+뮤지컬,대중음악,0.9999998807907104,뮤지컬,5.007805157219991e-06
백범,연극+무용,연극,0.9966580867767334,무용,0.37906450033187866
오방신과 발광,한국음악+서양음악,한국음악,0.4243026375770569,서양음악,0.03904203698039055
"연극열전8, 아들 Le Fils",연극+대중음악,연극,0.3038100302219391,대중음악,0.013916008174419403
"몽중인-나는 춘향이 아니라,",대중음악+뮤지컬,대중음악,0.58866286277771,뮤지컬,0.31700077652931213
"My Song for You VOL.13, 택우＆윤한솔",서양음악+한국음악,서양음악,0.1249951720237732,한국음악,0.03800899162888527
"OMC 콘서트, 원플러스원",서양음악+대중음악,서양음악,0.9898582100868225,대중음악,0.32685166597366333
행복,무용+한국음악,무용,0.9993746876716614,한국음악,0.041445400565862656
첼로 두오 헤르츠 리사이틀,무용+서양음악,무용,0.963488757610321,서양음악,0.005957785993814468
돌이 된 여자,서양음악+뮤지컬,서양음악,0.9998950958251953,뮤지컬,0.011262132786214352
토끼와 자라 [대전],서양음악+뮤지컬,서양음악,0.6430404782295227,뮤지컬,0.08986366540193558
아양신인안무가페스티벌 [대구],대중음악+서양음악,대중음악,0.2597867250442505,서양음악,0.09217525273561478
"PARS'S 작가전 3rd, 몰리에르",뮤지컬+연극,뮤지컬,0.9350601434707642,연극,0.286161333322525
정윤정 피아노 독주회,서양음악+대중음악,서양음악,0.8199530839920044,대중음악,0.5429078936576843
동물없는 연극,서양음악+뮤지컬,서양음악,0.9995172023773193,뮤지컬,0.004469168838113546
방귀쟁이 며느리 [구미(신평)],서양음악+대중음악,서양음악,0.7938703298568726,대중음악,0.48134422302246094
떳다! 복(福)고풍,서양음악+뮤지컬,서양음악,0.9999973773956299,뮤지컬,9.532106923870742e-05
핑크퐁 클래식나라: 뚜띠를 찾아라 [공주],한국음악+서양음악,한국음악,0.9973176121711731,서양음악,0.044775426387786865
보잉보잉 [공주],뮤지컬+연극,뮤지컬,0.9999600648880005,연극,0.001126313116401434
이음콘서트,한국음악+서양음악,한국음악,0.8428301811218262,서양음악,0.5462031960487366
마술피리 [세종문화회관],한국음악+대중음악,한국음악,0.8907188773155212,대중음악,0.08846435695886612
유한나 귀국 바이올린 독주회,서양음악+연극,서양음악,0.9891235828399658,연극,0.016564631834626198
문세희 피아노 독주회,한국음악+서양음악,한국음악,0.9987302422523499,서양음악,0.009336370974779129
판 페스티벌,한국음악+연극,한국음악,0.9483159780502319,연극,0.016958681866526604
수요춤전,한국음악+대중음악,한국음악,0.9999974966049194,대중음악,0.023494262248277664
이단자들,서양음악+대중음악,서양음악,0.9054378271102905,대중음악,0.0072150323539972305
지구를 떠나는 법,대중음악+연극,대중음악,0.7027067542076111,연극,0.462279349565506
김연정 바이올린 독주회,한국음악+연극,한국음악,0.1203431487083435,연극,0.11406324803829193
TRIO CONCERT: 트리오 101 희망을 노래하다,서양음악+연극,서양음악,0.20046497881412506,연극,0.15255893766880035
왔어! 왔어!,대중음악+서양음악,대중음악,0.9188494682312012,서양음악,0.0018511111848056316
제169회 인천시립합창단 정기연주회,뮤지컬+한국음악,뮤지컬,0.6885811686515808,한국음악,0.5456079244613647
"클래식시리즈 3, 엔니오 모리꼬네를 위하여",서양음악+대중음악,서양음악,0.4516046941280365,대중음악,0.2280884087085724
베니스의 상인 [대구],서양음악+한국음악,서양음악,0.9699501395225525,한국음악,0.0018120263703167439
독도 아리랑,대중음악+한국음악,대중음악,0.8778212070465088,한국음악,0.05729537829756737
이퀄,서양음악+대중음악,서양음악,0.7735673785209656,대중음악,0.008698932826519012
행복 [대전],서양음악+한국음악,서양음악,0.9534934163093567,한국음악,0.10980645567178726
Stage 30 (9월),대중음악+뮤지컬,대중음악,0.8133015036582947,뮤지컬,0.02192397229373455
"친절한 디토씨의 클래식 음악여행 #1, 이탈리아 고전음악 순례",무용+뮤지컬,무용,0.5913626551628113,뮤지컬,0.2767889201641083
청의 [대구],서양음악+무용,서양음악,0.15394864976406097,무용,0.02137943170964718
오만과 편견,서양음악+대중음악,서양음악,0.9987409710884094,대중음악,0.028592221438884735
청년풍물야인전,연극+뮤지컬,연극,0.9977471232414246,뮤지컬,0.10010961443185806
"고수의콘서트 레퍼토리Ⅱ, 민요와 함께 놀다 가(歌)",한국음악+대중무용,한국음악,0.9999819993972778,대중무용,0.0035401040222495794
생쥐와 딸기 & 꾀 많은 토끼,무용+연극,무용,0.2742997109889984,연극,0.060373324900865555
인어공주 [목포],연극+뮤지컬,연극,0.3416443467140198,뮤지컬,0.029894333332777023
"제39회 대구음악제, 가을밤, 아름다운 선율 속으로...",한국음악+뮤지컬,한국음악,0.9999724626541138,뮤지컬,0.08461154252290726
"썸머 페스티벌, 피아니스트 박종훈 Family Concert [대구]",서양음악+무용,서양음악,0.9997192025184631,무용,0.0036853079218417406
미오 프라텔로,대중음악+한국음악,대중음악,0.980717122554779,한국음악,0.04799428954720497
성난 서울 삼신할미,연극+서양음악,연극,0.7816949486732483,서양음악,0.10291805863380432
생활풍경,대중음악+한국음악,대중음악,0.9999940395355225,한국음악,0.004544705152511597
무인도 탈출기,서양음악+한국음악,서양음악,0.7930552959442139,한국음악,0.5496339797973633
알라딘과 요술램프 [울산],연극+무용,연극,0.98846834897995,무용,0.1761080026626587
블랙코메디,대중음악+서양음악,대중음악,0.9515408277511597,서양음악,0.02197425439953804
덕분에 콘서트,연극+서양음악,연극,0.11939816176891327,서양음악,0.05720481276512146
차이콥스키 시리즈 [인천],한국음악+대중음악,한국음악,0.9991430044174194,대중음악,0.030567720532417297
"마티네 콘서트, 오전11시, 클래식 공방",서양음악+뮤지컬,서양음악,0.818531334400177,뮤지컬,0.28126758337020874
Altos Romanticism,서양음악+무용,서양음악,0.9981923699378967,무용,0.005015190690755844
sonata op.120,한국음악+대중무용,한국음악,0.999830961227417,대중무용,0.001177587895654142
Bach & Ysaye,서양음악+무용,서양음악,0.9856213927268982,무용,0.13747553527355194
음악이란 언어로,무용+서양음악,무용,0.9998812675476074,서양음악,0.9689112901687622
시골학생,한국음악+뮤지컬,한국음악,0.9497653841972351,뮤지컬,0.9308034181594849
쉿! [대전],대중음악+연극,대중음악,0.4879029393196106,연극,0.06995967775583267
"괴테의 시(詩)를 노래하는 음악가들 시리즈 Ⅰ,II",서양음악+대중음악,서양음악,0.955506443977356,대중음악,0.14888611435890198
"11시 음악산책 6, 정재형의 프롬나드",무용+대중무용,무용,0.99996018409729,대중무용,0.24901384115219116
허풍선이 극장의 비밀,뮤지컬+서양음악,뮤지컬,0.1455114632844925,서양음악,0.11894582957029343
"마리아칼라스홀 초청연주 시리즈, 한희철 피아노 독주회 Ⅳ",서양음악+한국음악,서양음악,0.6233038306236267,한국음악,0.1619662493467331
문화가 있는 날,서양음악+뮤지컬,서양음악,0.8401429653167725,뮤지컬,0.10210752487182617
우리집에 손주며느릿감이 온다,서양음악+연극,서양음악,0.5974884629249573,연극,0.001351035200059414
싸이코패스를 사랑한 스토커 [대구],한국음악+대중음악,한국음악,0.9973904490470886,대중음악,0.033282194286584854
덤 웨이터,한국음악+뮤지컬,한국음악,0.3751000165939331,뮤지컬,0.26738348603248596
플라타너스,대중음악+서양음악,대중음악,0.9009667038917542,서양음악,0.16173617541790009
박소은의 어쿠스틱 단독콘서트: 손없는날,대중음악+서양음악,대중음악,0.762959897518158,서양음악,0.6400576829910278
단짠콘서트,대중음악+서양음악,대중음악,0.9952665567398071,서양음악,0.010683774016797543
"빨간모자야 조심해! [청주, 세종]",대중음악+한국음악,대중음악,0.9955111742019653,한국음악,0.09786545485258102
코뿔소,무용+서양음악,무용,0.918789803981781,서양음악,0.11045908182859421
행쇼 [전주],연극+서양음악,연극,0.991778552532196,서양음악,0.011132732965052128
"세계4대오페라축제, 라트라비아타",서양음악+한국음악,서양음악,0.9270893931388855,한국음악,0.037653833627700806
쇼팽으로 만나는 지브리 오케스트라,서양음악+뮤지컬,서양음악,0.9984939098358154,뮤지컬,0.0037458492442965508
"세계4대오페라축제, 사랑의 묘약",서양음악+무용,서양음악,0.7690659165382385,무용,0.2544974386692047
소프라노 이현민 독창회,뮤지컬+서양음악,뮤지컬,0.438615620136261,서양음악,0.14486359059810638
한동연 첼로 독주회,뮤지컬+한국음악,뮤지컬,0.9527537226676941,한국음악,0.008253201842308044
JUNGLE,서양음악+뮤지컬,서양음악,0.5270164012908936,뮤지컬,0.3042353391647339
내 모든 걸 [대구],뮤지컬+대중음악,뮤지컬,0.9806625247001648,대중음악,0.6700059771537781
셰프: 비밥의 새로운 이름,뮤지컬+서양음악,뮤지컬,0.8730188608169556,서양음악,0.23332004249095917
Play Blue Note Masterpiece VOL3 [대구(앵콜)],대중음악+연극,대중음악,0.04940693452954292,연극,0.02632899209856987
"재즈 명반을 만나다 2, My Song [대구]",무용+한국음악,무용,0.9994696974754333,한국음악,0.45376938581466675
제174회 포항시립교향악단 정기연주회,뮤지컬+무용,뮤지컬,0.23022890090942383,무용,0.015982577577233315
"대구아티스트위크 시즌 Ⅲ, 피아노: 정나영 & 문민영 듀오 리사이틀",서양음악+무용,서양음악,0.9632795453071594,무용,0.014377078041434288
"대구아티스트위크 시즌 Ⅲ, 피아노: Virtuoso & Piano Fantasy",서양음악+뮤지컬,서양음악,0.8926365971565247,뮤지컬,0.0042084637098014355
"제39회 대구음악제, Piano! From now on",서양음악+무용,서양음악,0.9999904632568359,무용,0.00011955102672800422
"렉쳐콘서트, 류태형의 클래식 탐구생활",서양음악+대중음악,서양음악,0.9951411485671997,대중음악,0.007274311035871506
재즈피아니스트 송준서의 시네마 뮤직,서양음악+대중음악,서양음악,0.8693979978561401,대중음악,0.012388119474053383
"미니멀라이프페스티벌, 유용호 & 그＿냥",연극+뮤지컬,연극,0.5434019565582275,뮤지컬,0.25597062706947327
새침때기 토끼와 용감한 자라의 모험,대중음악+무용,대중음악,0.9979097247123718,무용,0.002167933387681842
브릴리언트: 찬란하게 빛나던,서양음악+연극,서양음악,0.9935711622238159,연극,0.019522113725543022
"바이올리니스트 박소연의 클래식 인사이드 시리즈 II, 눈이 닿는 곳마다 아름다운 체코 클래식",서양음악+연극,서양음악,0.947063684463501,연극,0.058703552931547165
굿모닝 씨어터 [안동],뮤지컬+연극,뮤지컬,0.9028252363204956,연극,0.011210390366613865
"아르코 파트너, 다가오는 것들 & 산양의 노래",대중음악+무용,대중음악,0.9962073564529419,무용,0.04537300020456314
장문로41가길,대중음악+한국음악,대중음악,0.9996742010116577,한국음악,0.00038434448651969433
제24회 살롱음악회,뮤지컬+서양음악,뮤지컬,0.06447907537221909,서양음악,0.007430246565490961
근대 춤유산: 신민요춤의 재발견,대중음악+한국음악,대중음악,0.9996713399887085,한국음악,0.005901325959712267
유령 [부산],연극+서양음악,연극,0.11532969772815704,서양음악,0.011821545660495758
신현필 x 고희안 듀오 콘서트: Dear Schubert,한국음악+서양음악,한국음악,0.14135001599788666,서양음악,0.06455929577350616
나와 함께 블루스를,서양음악+대중음악,서양음악,0.3338330090045929,대중음악,0.0015105075435712934
풍류열전(하반기) [대구],연극+대중음악,연극,0.8834354281425476,대중음악,0.06867185980081558
행복 [대구],연극+한국음악,연극,0.6472409963607788,한국음악,0.040564995259046555
"제2회 실험극 페스티벌, 파지 [대구]",서양음악+뮤지컬,서양음악,0.999812662601471,뮤지컬,0.0011729884427040815
"제2회 실험극 페스티벌, 고급지지 않은 보이첵 [대구]",한국음악+대중음악,한국음악,0.416957825422287,대중음악,0.06785678118467331
"5959 LIVE, 앙상블 시나위",서양음악+연극,서양음악,0.9936363697052002,연극,0.09069965779781342
여기가 집이다,서양음악+대중음악,서양음악,0.1566520631313324,대중음악,0.0389280803501606
"커피콘서트 Ⅶ , 음악그룹 the튠: 길가락 유랑",한국음악+무용,한국음악,0.7894090414047241,무용,0.008942872285842896
미스매치 리딩 쇼케이스,한국음악+대중무용,한국음악,0.999957799911499,대중무용,0.009579194709658623
박기훈 임채선 듀오의 Play List,한국음악+대중무용,한국음악,0.9999635219573975,대중무용,0.9999207258224487
Global Connecting in Seoul,무용+대중무용,무용,0.9999691247940063,대중무용,0.00244904519058764
강샤인하우스콘서트 [서울(앵콜)],서양음악+대중음악,서양음악,0.8656288981437683,대중음악,0.17640112340450287
컬러스 오브 러브,대중음악+서양음악,대중음악,0.757217526435852,서양음악,0.3007298707962036
무지개의 끝,연극+뮤지컬,연극,0.9662640690803528,뮤지컬,0.5220646858215332
"위대한 유산, 베토벤 32개 피아노 소나타를 만나다, Vol.1 Pianist 이영신",서양음악+연극,서양음악,0.983433723449707,연극,0.00815942045301199
"위대한 유산, 베토벤 32개 피아노 소나타를 만나다, Vol.2 Pianist 신이은",뮤지컬+한국음악,뮤지컬,0.9975029826164246,한국음악,0.0008546118624508381
주진서 피아노 독주회,한국음악+뮤지컬,한국음악,0.9606975317001343,뮤지컬,0.6688379645347595
"위대한 유산, 베토벤 32개 피아노 소나타를 만나다, Vol.3 Pianist 이재완",연극+뮤지컬,연극,0.999908447265625,뮤지컬,0.0011938324896618724
임성윤 바이올린 독주회,한국음악+대중무용,한국음악,0.9999958276748657,대중무용,0.11277348548173904
"위대한 유산, 베토벤 32개 피아노 소나타를 만나다, Vol.4 Pianist 김보경",연극+뮤지컬,연극,0.24590879678726196,뮤지컬,0.07378086447715759
유성민 바이올린 독주회,뮤지컬+무용,뮤지컬,0.9999020099639893,무용,0.005726582836359739
"금호영아티스트콘서트, 노현진 피아노 독주회",대중음악+뮤지컬,대중음악,0.9993252754211426,뮤지컬,0.013854733668267727
"금호영체임버콘서트, 아레테 콰르텟 연주회",한국음악+무용,한국음악,0.8812317252159119,무용,0.7853866219520569
포어스트만 콰르텟 정기연주회,서양음악+대중음악,서양음악,0.9962844848632812,대중음악,0.04578494653105736
제20회 앙상블 디아파종 정기연주회,서양음악+뮤지컬,서양음악,0.29710713028907776,뮤지컬,0.09448380023241043
"위대한 유산, 베토벤 32개 피아노 소나타를 만나다, Vol.5 Pianist 정민경",서양음악+무용,서양음악,0.9990414977073669,무용,0.00045931729255244136
쉬지 스톨크(Suzy Storck),한국음악+뮤지컬,한국음악,0.6114187836647034,뮤지컬,0.017641248181462288
"영산아트홀 전문연주자시리즈, 뉴바로크앙상블 콘서트",무용+서양음악,무용,0.9999998807907104,서양음악,0.0066095925867557526
테너 최현승 귀국 독창회,무용+서양음악,무용,0.559422492980957,서양음악,0.5026909708976746
Ensemble Eins New Music Concert VI,서양음악+무용,서양음악,0.9999659061431885,무용,0.015851937234401703
클래식의 재발견 시리즈 II,서양음악+무용,서양음악,0.9998849630355835,무용,0.003702331567183137
바리톤 최종우 독창회,대중음악+대중무용,대중음악,0.9999693632125854,대중무용,0.8618435859680176
최정현 바이올린 독주회,무용+서양음악,무용,0.8618203997612,서양음악,0.6461648941040039
작곡가 신귀복 음악인생 60: 얼굴,한국음악+무용,한국음악,0.8662601709365845,무용,0.7431265115737915
제16회 포더피아노 정기연주회,연극+뮤지컬,연극,0.8486774563789368,뮤지컬,0.019018517807126045
"한국피아노 재능기부협회 특별기획연주 II, 베토벤 탄생 250주년 기념 음악회",대중음악+뮤지컬,대중음악,0.9993811845779419,뮤지컬,0.0006916334386914968
제10회 이화브릴란테앙상블 정기연주회,서양음악+연극,서양음악,0.9991961121559143,연극,0.008817469701170921
소프라노 강경이 독창회,서양음악+대중음악,서양음악,0.999054491519928,대중음악,0.011999924667179585
베이스 이대범 독창회,연극+서양음악,연극,0.9999994039535522,서양음악,0.0005324414232745767
문명환 비올라 독주회,무용+대중음악,무용,0.9935389161109924,대중음악,0.5625365972518921
매치메이커,무용+뮤지컬,무용,0.2205497920513153,뮤지컬,0.05405436456203461
울림,서양음악+대중음악,서양음악,0.9979158043861389,대중음악,0.005934516899287701
김목경 7th 외출,무용+대중음악,무용,0.33459678292274475,대중음악,0.02429802529513836
작가를 찾는 6인의 등장인물,대중음악+한국음악,대중음악,0.9998886585235596,한국음악,0.000806110561825335
우리시대 라이벌 춤으로 맞장!,무용+한국음악,무용,0.9675092697143555,한국음악,0.06594090908765793
앙상블 리에티 기획공연 Ⅱ [전주],연극+대중음악,연극,0.898834228515625,대중음악,0.06265899538993835
일주일간의 기적,한국음악+무용,한국음악,0.5585861802101135,무용,0.08784831315279007
오! 금남식당,한국음악+서양음악,한국음악,0.9883762001991272,서양음악,0.0344369113445282
김종욱 찾기 [여수],대중음악+한국음악,대중음악,0.9870309233665466,한국음악,0.011065630242228508
팥죽할머니와 호랑이 [대구],한국음악+무용,한국음악,0.9934210181236267,무용,0.673767626285553
데이브레이크 × ÷ SHOW: 몇 배의 즐거움을 함께 나누자,서양음악+한국음악,서양음악,0.3658600151538849,한국음악,0.2540442943572998
순정이 블루스,한국음악+뮤지컬,한국음악,0.6478062868118286,뮤지컬,0.5768525004386902
실내악 시리즈 10 [인천],대중음악+연극,대중음악,0.9949789643287659,연극,0.04253113269805908
이은빈 비올라 독주회 [인천],한국음악+대중무용,한국음악,0.9840240478515625,대중무용,0.024894125759601593
손민수 피아노 독주회 [인천],연극+서양음악,연극,0.8316658139228821,서양음악,0.18479323387145996
"코챔과 함께하는 실내악 시리즈 4, 코리아나 챔버 뮤직 소사이어티",무용+서양음악,무용,0.9926211833953857,서양음악,0.002666822401806712
김현미 바이올린 독주회,뮤지컬+서양음악,뮤지컬,0.08311676234006882,서양음악,0.027929434552788734
다니엘전 바이올린 독주회 [인천],서양음악+대중음악,서양음악,0.9998419284820557,대중음악,0.0014117821119725704
리벤토 현악사중주 시리즈,서양음악+무용,서양음악,0.9999376535415649,무용,0.0013431092957034707
"자양스테이션 아티스트 라운지, 아니무스 콰르텟 (9월)",서양음악+무용,서양음악,0.9999228715896606,무용,0.0006802997668273747
"미니멀라이프페스티벌, 랍스타&마틴스미스",서양음악+무용,서양음악,0.12681904435157776,무용,0.06928650289773941
별의 아이들,무용+서양음악,무용,0.7858762145042419,서양음악,0.04125925526022911
"온스테이지, 배다해의 어쿠스틱라이브",연극+서양음악,연극,0.9945616126060486,서양음악,0.13240176439285278
캣츠 40주년 내한공연 [서울],서양음악+무용,서양음악,0.9995729327201843,무용,0.004544021096080542
2인극 페스티벌 [대구],대중음악+한국음악,대중음악,0.9995942711830139,한국음악,0.025876671075820923
만나지 못한 친구 [대구],뮤지컬+한국음악,뮤지컬,0.8372505307197571,한국음악,0.5528770685195923
너클리6: 너에게 들려주고 싶은 클래식이야기 [광림아트센터],대중음악+대중무용,대중음악,0.9979512095451355,대중무용,0.8234943151473999
"클래식으로 읽는 안데르센 4대 동화, 나이팅게일",서양음악+뮤지컬,서양음악,0.9925621151924133,뮤지컬,0.006043519824743271
조주연 피아노 독주회,대중음악+뮤지컬,대중음악,0.7860612273216248,뮤지컬,0.0608157142996788
좀비덤: 생명의 나무,연극+대중음악,연극,0.041334040462970734,대중음악,0.02048557996749878
"Meet the Artist, 피아니스트 김태형",한국음악+서양음악,한국음악,0.9987583160400391,서양음악,0.09585671871900558
사랑해요 당신,서양음악+대중음악,서양음악,0.9779990911483765,대중음악,0.4571382701396942
엘렉트라,대중음악+한국음악,대중음악,0.9006301760673523,한국음악,0.20077110826969147
벚꽃나무넘어,한국음악+뮤지컬,한국음악,0.9997441172599792,뮤지컬,0.06161224842071533
행복한 장의사,연극+대중음악,연극,0.5954445600509644,대중음악,0.22653961181640625
강아지 죽기로 결심하다,무용+서양음악,무용,0.431475967168808,서양음악,0.16594909131526947
개량인간,대중음악+뮤지컬,대중음악,0.7797017097473145,뮤지컬,0.12706468999385834
이수민 플루트 독주회 [성남],한국음악+대중음악,한국음악,0.8496008515357971,대중음악,0.813941478729248
히스토리 보이즈,한국음악+대중무용,한국음악,0.9952771663665771,대중무용,0.47603604197502136
"웰컴대학로, 광염 소나타",연극+한국음악,연극,0.4591003954410553,한국음악,0.20777110755443573
다우트,한국음악+뮤지컬,한국음악,0.9954419136047363,뮤지컬,0.5236814618110657
"제2회 말모이연극제, 싸나이로만스",대중음악+무용,대중음악,0.9999963045120239,무용,0.005425744224339724
"제2회 말모이연극제, 없시요",대중음악+뮤지컬,대중음악,0.1081230491399765,뮤지컬,0.024385007098317146
"제2회 말모이연극제, 불매기라는 이름의 달항아리",대중음악+한국음악,대중음악,0.9999521970748901,한국음악,0.00019095932657364756
"제2회 말모이연극제, 잉큼잉큼 소설극장",서양음악+대중음악,서양음악,0.9931384921073914,대중음악,0.09580116719007492
20세기 작가,뮤지컬+한국음악,뮤지컬,0.9875259399414062,한국음악,0.0015045180916786194
@GODBLOG,연극+한국음악,연극,0.09224971383810043,한국음악,0.04012028127908707
강샤인하우스콘서트 [부산],연극+한국음악,연극,0.9999622106552124,한국음악,0.02892630733549595
"대구오페라축제, 댄스 카르멘",서양음악+연극,서양음악,0.9985148310661316,연극,0.5714526176452637
더 북: 성경이 된 사람들,한국음악+무용,한국음악,0.9999293088912964,무용,0.07375317066907883
이일주 작품발표회 V [전주],뮤지컬+연극,뮤지컬,0.9930124878883362,연극,0.2568635642528534
오! 나의귀신님 [광주],무용+서양음악,무용,0.9981805086135864,서양음악,0.02190869115293026
타임택시,무용+대중무용,무용,0.9999967813491821,대중무용,0.006556287407875061
"제38회 대한민국연극제 in 세종, 본선 대회",서양음악+한국음악,서양음악,0.9931944608688354,한국음악,0.12099196016788483
제1회 일편단심페스티벌,대중무용+뮤지컬,대중무용,0.9268055558204651,뮤지컬,0.9053187966346741
카프카 변신,뮤지컬+서양음악,뮤지컬,0.9999852180480957,서양음악,0.8831453919410706
"NT Live, 시라노 드베르주라크",대중무용+무용,대중무용,0.9999659061431885,무용,0.9883108735084534
베이비 박스,서양음악+연극,서양음악,0.9858095049858093,연극,0.5456758141517639
스카팽,서양음악+대중음악,서양음악,0.05800511687994003,대중음악,0.05208790674805641
스탈린에게 보내는 연애편지,뮤지컬+한국음악,뮤지컬,0.17984876036643982,한국음악,0.11822480708360672
왕중왕,서양음악+한국음악,서양음악,0.39318329095840454,한국음악,0.1459006518125534
복녀씨 이야기 [부산],대중음악+뮤지컬,대중음악,0.9831920266151428,뮤지컬,0.4329557716846466
동행 [대구],한국음악+대중음악,한국음악,0.8939250707626343,대중음악,0.19252325594425201
토끼 깡충,연극+대중무용,연극,0.9876668453216553,대중무용,0.47120481729507446
카르멘 [성남],대중무용+한국음악,대중무용,0.26616114377975464,한국음악,0.18671366572380066
"1866 푸른책, 그리고 박병선 [창원]",연극+뮤지컬,연극,0.3888567090034485,뮤지컬,0.05896401032805443
동굴가족,연극+뮤지컬,연극,0.2632918953895569,뮤지컬,0.15559406578540802
새들의 무덤,한국음악+대중음악,한국음악,0.4316852390766144,대중음악,0.08560469001531601
성실로28길,뮤지컬+대중음악,뮤지컬,0.9971283078193665,대중음악,0.04834311828017235
필경사 바틀비 [부산],서양음악+대중음악,서양음악,0.983468770980835,대중음악,0.006485408637672663
"그날, 오월 아리랑",한국음악+무용,한국음악,0.9999167919158936,무용,0.32139986753463745
"혜화동1번지 7기동인 가을페스티벌, 맞;춤: 관람모드-만나는 방식",서양음악+연극,서양음악,0.7826933264732361,연극,0.267417311668396
물고기 남자,서양음악+무용,서양음악,0.9824619889259338,무용,0.6710940003395081
알려지지 않은 예술가의 눈물과 자이툰 파스타,대중무용+대중음악,대중무용,0.9596329927444458,대중음악,0.905526876449585
맥햄리셀,서양음악+한국음악,서양음악,0.9433912634849548,한국음악,0.5458132028579712
"제38회 대한민국연극제 in 세종, 네트워킹 페스티벌",서양음악+대중음악,서양음악,0.69926917552948,대중음악,0.1129717007279396
"키우피우 오브제극축제, 얼굴과 얼굴-마주;봄 (10.8~10.17)",서양음악+뮤지컬,서양음악,0.9999487400054932,뮤지컬,0.0006298504304140806
창문 넘어 도망친 100세 노인 [천안],서양음악+대중음악,서양음악,0.7676911950111389,대중음악,0.5641238689422607
배우들,대중음악+무용,대중음악,0.8205943703651428,무용,0.030921587720513344
카프카의 변신,무용+대중음악,무용,0.15034358203411102,대중음악,0.07237741351127625
"제3회 프로젝트10MINUTES, 비주류",한국음악+서양음악,한국음악,0.9974225759506226,서양음악,0.005200827494263649
일 없습니다,한국음악+서양음악,한국음악,0.24850605428218842,서양음악,0.16248999536037445
아싸,서양음악+연극,서양음악,0.9252960085868835,연극,0.020319998264312744
향촌연가 [대구],연극+뮤지컬,연극,1.0,뮤지컬,0.005888480693101883
"제6회 무죽 페스티벌, 복날은 간다",한국음악+서양음악,한국음악,0.9993994235992432,서양음악,0.013660933822393417
알을 깨고 나온 새는 무엇으로 나는가 [대전],대중음악+한국음악,대중음악,0.850490152835846,한국음악,0.07198166102170944
별이네 헤어살롱 [대구],대중음악+무용,대중음악,0.9792590141296387,무용,0.05380347743630409
웃기는 어둠,한국음악+대중음악,한국음악,0.9825813174247742,대중음악,0.16897247731685638
"웰컴대학로, 템플",연극+서양음악,연극,0.9999839067459106,서양음악,0.007100945338606834
"제2회 말모이 연극제, 덫",한국음악+무용,한국음악,0.9997178912162781,무용,0.8871702551841736
"제2회 말모이연극제, 동백꽃",한국음악+대중무용,한국음악,0.1968141496181488,대중무용,0.08230192214250565
사랑을 이루어 드립니다,무용+연극,무용,0.9995701909065247,연극,0.039414167404174805
"볼라레, 백형민의 춤 이야기 (10월)",한국음악+무용,한국음악,0.9710157513618469,무용,0.0324866846203804
백조의 호수,서양음악+대중음악,서양음악,0.975545346736908,대중음악,0.04697434976696968
"씨네스테이지, 백조의 호수",서양음악+대중음악,서양음악,0.6005187034606934,대중음악,0.10355217009782791
"춘하추동 명인명무, 이정희",뮤지컬+한국음악,뮤지컬,0.9990854263305664,한국음악,0.9986599683761597
제176회 대전시립연정국악원 국악연주단 정기공연,대중음악+무용,대중음악,0.997467041015625,무용,0.027554107829928398
"제179회 GAC목요예술무대, Cake Walk",무용+연극,무용,0.8777203559875488,연극,0.5057834982872009
"댄스살롱 Ⅱ, 여인의 향기 [군포]",서양음악+연극,서양음악,0.9988390803337097,연극,0.09312348067760468
바리톤 제상철 리사이틀,서양음악+뮤지컬,서양음악,0.9999942779541016,뮤지컬,6.733722693752497e-05
금어기행 [부산],뮤지컬+대중무용,뮤지컬,0.9976131916046143,대중무용,0.9154530763626099
"KCO의 오전 11시, 클래식 정원 2",서양음악+연극,서양음악,0.9969574213027954,연극,0.04174415022134781
베토벤 탄생 250주년 기념 음악회 [대구],한국음악+서양음악,한국음악,0.8525084257125854,서양음악,0.04605349525809288
옛날옛적 클래식,서양음악+무용,서양음악,0.9556344747543335,무용,0.14029107987880707
임동혁 피아노 리사이틀 [용인],서양음악+대중음악,서양음악,0.9989997744560242,대중음악,0.0031535488087683916
탁윤지 첼로 독주회,서양음악+대중음악,서양음악,0.9926015734672546,대중음악,0.009142170660197735
이경화 피아노 독주회,한국음악+무용,한국음악,0.9735239744186401,무용,0.18047425150871277
피아니스트 최승리의 아름다운 동행,대중음악+무용,대중음악,0.9994908571243286,무용,0.23726412653923035
"베토벤 탄생 250주년 기념, 이혜경 피아노 독주회",서양음악+대중음악,서양음악,0.1873474270105362,대중음악,0.04739205166697502
제169회 한국독일가곡연구회 정기연주회,서양음악+뮤지컬,서양음악,0.5672303438186646,뮤지컬,0.007053244858980179
앙상블 공간 프로젝트 열 번째 이야기,대중음악+서양음악,대중음악,0.5921074151992798,서양음악,0.2051635980606079
이철민 귀국 피아노 독주회,대중음악+서양음악,대중음악,0.9999874830245972,서양음악,0.00032059612567536533
김광훈 바이올린 독주회,한국음악+서양음악,한국음악,0.9986671209335327,서양음악,0.0090000806376338
장영광 클라리넷 독주회,연극+무용,연극,0.9992775321006775,무용,0.010991580784320831
앙상블 위로 정기연주회,대중음악+한국음악,대중음악,0.9489541053771973,한국음악,0.5053439140319824
제11회 아카데미 열정과 나눔 정기연주회,뮤지컬+대중음악,뮤지컬,0.996631920337677,대중음악,0.02083222195506096
피아니스트 김유정 초청 리사이틀,서양음악+연극,서양음악,0.46468886733055115,연극,0.05743996053934097
서울스프링실내악축제 (10.13),한국음악+서양음악,한국음악,0.8141075372695923,서양음악,0.11211442947387695
코리안심포니오케스트라: 고전적; Classical,무용+서양음악,무용,0.9939963817596436,서양음악,0.27964913845062256
"춘천시립교향악단 패밀리콘서트 2, 신나는 오케스트라와 함께하는 음악회",한국음악+대중음악,한국음악,0.5450109243392944,대중음악,0.23190808296203613
"앤솔러지 시리즈 V, 정나라 ＆ 김다미 [수원]",대중음악+서양음악,대중음악,0.9891226887702942,서양음악,0.06742070615291595
백건우와 슈만 [수원],연극+서양음악,연극,0.3834192752838135,서양음악,0.2409992665052414
서울스프링실내악축제 (10.12),한국음악+서양음악,한국음악,0.9253624081611633,서양음악,0.002980638761073351
서울스프링실내악축제 (10.14),무용+한국음악,무용,0.4789927005767822,한국음악,0.21130837500095367
대전시립교향악단 챔버시리즈 5,연극+뮤지컬,연극,0.016882101073861122,뮤지컬,0.009325220249593258
김영주 클라리넷 귀국독주회,뮤지컬+연극,뮤지컬,0.8996931910514832,연극,0.10745073854923248
비올라 안용주 리사이틀,대중음악+연극,대중음악,0.9615159034729004,연극,0.8646017909049988
"유벨톤 기획 연주 시리즈3, 협주곡 음악회: 나는연주자다4 [대전]",한국음악+뮤지컬,한국음악,0.8711913824081421,뮤지컬,0.005872352048754692
이지혜 바이올린 리사이틀 [대전],서양음악+무용,서양음악,0.9999992847442627,무용,0.0015573323471471667
"아침을 여는 클래식, 피아니스트 문지영 (10월)",서양음악+한국음악,서양음악,0.7615815997123718,한국음악,0.611268937587738
여행콘서트,서양음악+대중음악,서양음악,0.9999998807907104,대중음악,1.5635121599189006e-05
"위대한 작곡가의 불꽃 같은 연애사＃1, 그대, 불멸의 연인",연극+서양음악,연극,0.5093231797218323,서양음악,0.01106669008731842
"썸머 페스티벌, 코리아 윈드 필하모니 [대구]",무용+연극,무용,0.9609846472740173,연극,0.1197756752371788
"월드오케스트라시리즈, WOS 비르투오소 챔버",무용+서양음악,무용,0.9966742992401123,서양음악,0.08500058203935623
"월드오케스트라시리즈, 대구MBC교향악단",서양음악+대중음악,서양음악,0.9442875981330872,대중음악,0.011240437626838684
Musical Offering,대중음악+대중무용,대중음악,0.7199985384941101,대중무용,0.35248586535453796
Travel beyond COVID,연극+한국음악,연극,0.973518431186676,한국음악,0.9619194269180298
"하나의 공간, 넷의 시선",서양음악+무용,서양음악,0.9907614588737488,무용,0.03750958293676376
갓 구운 크루아상,연극+서양음악,연극,0.292266845703125,서양음악,0.009059911593794823
한밤중의 슈베르트,대중음악+대중무용,대중음악,0.9999614953994751,대중무용,0.018447769805788994
시월애,한국음악+연극,한국음악,0.814645528793335,연극,0.009556528180837631
베토벤 탄생 250주년: 바이올린 & 피아노 듀오 연주,한국음악+대중무용,한국음악,0.9997420907020569,대중무용,0.9932971596717834
제2회 대전호른앙상블 정기연주회,한국음악+뮤지컬,한국음악,0.9873540997505188,뮤지컬,0.05531129240989685
"제6회 바로크음악제, 조성연 하프시코드 리사이틀",한국음악+대중무용,한국음악,0.9998278617858887,대중무용,0.4124431908130646
리움챔버오케스트라 오작교 프로젝트: La Danse,서양음악+대중음악,서양음악,0.876964271068573,대중음악,0.004522140137851238
"김현정 글로리아의 베토벤 불멸의 연인, 엘리제를 위하여",무용+연극,무용,0.9296467304229736,연극,0.5991113781929016
백건우와 슈만,서양음악+무용,서양음악,0.9916348457336426,무용,0.059506017714738846
"앤솔러지 시리즈 V, 정나라 ＆ 김다미 [서울]",서양음악+대중음악,서양음악,0.4560609459877014,대중음악,0.23150178790092468
라흐마니노프 & 그리그,무용+뮤지컬,무용,0.9125077724456787,뮤지컬,0.1429162174463272
임지희 바이올린 독주회,서양음악+한국음악,서양음악,0.833511471748352,한국음악,0.01260379422456026
제42회 신음악회 작품발표회,서양음악+뮤지컬,서양음악,0.9996718168258667,뮤지컬,0.0033811326138675213
신윤경 비올라 독주회,연극+뮤지컬,연극,0.9999972581863403,뮤지컬,0.0002738532202783972
서울스프링실내악축제 (10.15),무용+대중무용,무용,0.9999974966049194,대중무용,0.9976423382759094
"썸머 페스티벌, 렉처 콘서트: 바르톡톡 [대구]",대중음악+서양음악,대중음악,0.9994341731071472,서양음악,0.0035480221267789602
디엘앙상블 두 번째 콘서트,대중음악+한국음악,대중음악,0.6962154507637024,한국음악,0.013461022637784481
바이올리니스트 한소라 & 피아니스트 채문영 듀오 연주회,한국음악+연극,한국음악,0.9982195496559143,연극,0.1333409696817398
박수진 바이올린 독주회,서양음악+뮤지컬,서양음악,0.999637246131897,뮤지컬,0.001800034660845995
이윤경 오보에 독주회,한국음악+대중무용,한국음악,0.9999709129333496,대중무용,0.005384301301091909
이수아 바이올린 독주회,연극+서양음악,연극,0.9999154806137085,서양음악,0.009468560107052326
김지혜 바이올린 독주회,한국음악+대중음악,한국음악,0.9999816417694092,대중음악,0.02922445721924305
"금호영아티스트콘서트, 권영진 호른 독주회",서양음악+연극,서양음악,0.46703827381134033,연극,0.03449009358882904
"위대한 유산, 베토벤 32개 피아노 소나타를 만나다, Vol.6 Pianist 윤병화",대중음악+무용,대중음악,0.9978626370429993,무용,0.6236945390701294
"아름다운 목요일, 베토벤의 시간 ‘17’20: Happy Birthday Ludwig I",서양음악+연극,서양음악,0.8897950649261475,연극,0.006516578607261181
"아름다운 목요일, 베토벤의 시간 ‘17‘20: Happy Birthday Ludwig II",서양음악+대중음악,서양음악,0.9907982349395752,대중음악,0.016610095277428627
"아름다운 목요일, 베토벤의 시간 ‘17‘20: Happy Birthday Ludwig Ⅲ",뮤지컬+무용,뮤지컬,0.9998341798782349,무용,0.0018630933482199907
제21회 더 브라이튼 피아노 앙상블 정기연주회,한국음악+서양음악,한국음악,0.9978073239326477,서양음악,0.020127108320593834
"서울스프링실내악축제, 개막공연",뮤지컬+한국음악,뮤지컬,0.6634657979011536,한국음악,0.1728360950946808
서울스프링실내악축제 (10.11),대중음악+서양음악,대중음악,0.5148727297782898,서양음악,0.20768432319164276
박진희 파이프오르간 독주회,한국음악+뮤지컬,한국음악,0.9944460391998291,뮤지컬,0.7086220383644104
도음신인음악회,무용+한국음악,무용,0.9814090728759766,한국음악,0.5058943033218384
"브런치클래식 , 베토벤의 보석상자: Ⅴ. 베토벤 고전의 완성 [군포]",한국음악+뮤지컬,한국음악,0.3255372643470764,뮤지컬,0.062018781900405884
칼레이도스코프 뮤직 소사이어티 [인천],한국음악+대중무용,한국음악,0.9999969005584717,대중무용,0.09202064573764801
KCO 피아노 트리오 [인천],서양음악+한국음악,서양음악,0.4597053825855255,한국음악,0.370557963848114
"자양스테이션 아티스트 라운지, 아우름 트리오 (10월)",무용+대중음악,무용,0.8813638687133789,대중음악,0.05066482350230217
"Meet the Artist, 바이올리니스트 대니 구",연극+뮤지컬,연극,0.980905294418335,뮤지컬,0.2605224847793579
퍼니밴드의 Sing Sing Sing Concert [통영],한국음악+무용,한국음악,0.9990465044975281,무용,0.9961727261543274
Movist / Movie_st,서양음악+무용,서양음악,0.9999616146087646,무용,0.01477922685444355
"티엘아이 챔버 뮤직 페스티벌 Ⅰ, Night of Piazzolla",대중무용+무용,대중무용,0.9954814910888672,무용,0.9209591746330261
"티엘아이 챔버 뮤직 페스티벌 Ⅱ, New Combination Ⅲ",서양음악+무용,서양음악,0.9774693846702576,무용,0.015031563118100166
부산마루국제음악제 개막공연: 운명,무용+한국음악,무용,0.3533207178115845,한국음악,0.032028183341026306
테너 윤서준 ＆ 바리톤 안동영 듀오콘서트,서양음악+뮤지컬,서양음악,0.9997555613517761,뮤지컬,0.0016529299318790436
제12회 성악음악학술연구회 정기연주회,서양음악+한국음악,서양음악,0.9504554867744446,한국음악,0.06728562712669373
한국가곡 100주년 기념: 그리운 20세기 한국가곡,서양음악+대중음악,서양음악,0.9987372756004333,대중음악,0.0018260516226291656
바흐솔리스텐서울 마스터피스시리즈 IX,연극+대중음악,연극,0.9175085425376892,대중음악,0.877648115158081
이마에스트리 우리 가곡 부르는 날: 힘내라 대한민국!,서양음악+대중음악,서양음악,0.9866002202033997,대중음악,0.7299181222915649
제22회 춘천시립청소년합창단 정기연주회,무용+연극,무용,0.9749456644058228,연극,0.9177873730659485
대전시립합창단 기획연주회: 가곡의 향기,연극+뮤지컬,연극,0.8468089699745178,뮤지컬,0.7594805955886841
"제6회 바로크음악제, 카운터테너 장정권과 바로크 팰리즈",연극+서양음악,연극,0.9999556541442871,서양음악,0.004857288207858801
사랑을 노래하다: 가을의 팬텀,대중음악+무용,대중음악,0.9999583959579468,무용,0.00021133794507477432
제175회 수원시립합창단 정기연주회,뮤지컬+한국음악,뮤지컬,1.0,한국음악,0.0002030235482379794
독립을 외치던 그날... 시를 노래하다,대중음악+뮤지컬,대중음악,0.9999216794967651,뮤지컬,0.0045397719368338585
테너 양재혁 독창회,한국음악+대중음악,한국음악,0.9990322589874268,대중음악,0.03961510583758354
제82회 프랑스가곡연구회 정기연주회,서양음악+뮤지컬,서양음악,0.14318010210990906,뮤지컬,0.010845143347978592
"대구오페라축제, 가곡과의 아름다운 동행",뮤지컬+한국음악,뮤지컬,0.9993845224380493,한국음악,0.9878943562507629
카발레리아 루스티카나 [부산],무용+서양음악,무용,0.27718794345855713,서양음악,0.206552654504776
운수좋은날 [부산],서양음악+뮤지컬,서양음악,0.9999421834945679,뮤지컬,0.005357458721846342
버섯피자,한국음악+대중무용,한국음악,0.9998708963394165,대중무용,0.06614189594984055
카발레리아루스티카나&팔리아치,연극+뮤지컬,연극,0.501609742641449,뮤지컬,0.39718902111053467
국립오페라단과 함께하는 가을밤 콘서트,한국음악+서양음악,한국음악,0.9159886240959167,서양음악,0.6739057898521423
오페라카니발 [춘천],연극+한국음악,연극,0.49905070662498474,한국음악,0.1646835207939148
오유리 스토리텔링 오페라 리골렛토,서양음악+한국음악,서양음악,0.23081019520759583,한국음악,0.051072731614112854
라 트라비아타 [익산],서양음악+한국음악,서양음악,0.8915738463401794,한국음악,0.004674258176237345
"세계4대오페라축제, 투란도트",대중음악+뮤지컬,대중음악,0.997916042804718,뮤지컬,0.0031535145826637745
"세계4대오페라축제, 카르멘",한국음악+대중음악,한국음악,0.9960583448410034,대중음악,0.09415815770626068
마술피리,연극+무용,연극,0.9973177313804626,무용,0.019610844552516937
"씨네 스테이지, 맥베스",서양음악+대중음악,서양음악,0.9982230067253113,대중음악,0.042370665818452835
"대구오페라축제, 광장오페라: 라 보엠",서양음악+무용,서양음악,0.6243096590042114,무용,0.4092823266983032
"대구오페라축제, 해설 카르멘",서양음악+대중음악,서양음악,0.9999361038208008,대중음악,0.00036147094215266407
"대구오페라축제, 춘향전",대중음악+서양음악,대중음악,0.7450951933860779,서양음악,0.12211958318948746
"대구오페라축제, 달의 세계",한국음악+무용,한국음악,0.9999959468841553,무용,0.003071925835683942
"제6회 바로크음악제, 음악그룹 나무: 팔음 & 완창판소리 프로젝트",서양음악+뮤지컬,서양음악,0.8527788519859314,뮤지컬,0.05973471328616142
목이 긴 메아리,서양음악+대중음악,서양음악,0.9998303651809692,대중음악,0.0019045984372496605
"수요공감, 정윤형",한국음악+서양음악,한국음악,0.41394495964050293,서양음악,0.30201470851898193
