공연장규모,장르조합,n,DPI_AB,U_AB,S_AB,A_AB,장르_A,장르_B,DPI_A,U_A,S_A,A_A,DPI_B,U_B,S_B,A_B,기준선,판정
대규모,대중무용+대중음악,4,58.22328857121939,0.5885714285714285,0.5950357142857143,0.3866251361305113,대중무용,대중음악,74.74116646773616,0.8992913921137956,0.5663032109611965,0.186413603016762,43.72671736966474,0.39513888425273774,0.5923872358228353,0.186413603016762,59.23394191870045,실패
대규모,대중무용+연극,1,77.04566963680541,0.8914285714285715,0.6190714285714285,0.3866251361305113,대중무용,연극,74.74116646773616,0.8992913921137956,0.5663032109611965,0.186413603016762,44.29851614649853,0.3541911803158665,0.6449343361050099,0.186413603016762,59.519841307117346,성공
대규모,대중무용+한국음악,1,39.60974129008904,0.3271428571428571,0.5277142857142858,0.3866251361305113,대중무용,한국음악,74.74116646773616,0.8992913921137956,0.5663032109611965,0.186413603016762,49.68046720326335,0.49463071704992,0.5308164492656178,0.186413603016762,62.210816835499756,실패
대규모,대중음악+무용,3,42.53664925292841,0.4180952380952381,0.4891666666666667,0.3866251361305113,대중음악,무용,43.72671736966474,0.39513888425273774,0.5923872358228353,0.186413603016762,54.030767368146314,0.563910832610421,0.5323923552791057,0.186413603016762,48.87874236890553,실패
대규모,대중음악+뮤지컬,3,61.077514718996404,0.6095238095238096,0.6318571428571428,0.3866251361305113,대중음악,뮤지컬,43.72671736966474,0.39513888425273774,0.5923872358228353,0.186413603016762,52.14859193570236,0.4768466354793622,0.637202151733843,0.186413603016762,47.93765465268355,성공
대규모,대중음악+서양음악,6,52.51165607871525,0.4996428571428571,0.5925833333333334,0.3866251361305113,대중음악,서양음악,43.72671736966474,0.39513888425273774,0.5923872358228353,0.186413603016762,49.8549161948782,0.5067409266813095,0.5185653294013994,0.186413603016762,46.79081678227147,성공
대규모,대중음악+연극,2,33.14650887871411,0.2875,0.4472499999999999,0.3866251361305113,대중음악,연극,43.72671736966474,0.39513888425273774,0.5923872358228353,0.186413603016762,44.29851614649853,0.3541911803158665,0.6449343361050099,0.186413603016762,44.012616758081634,실패
대규모,대중음악+한국음악,1,28.45588252357356,0.1842857142857142,0.546,0.3866251361305113,대중음악,한국음악,43.72671736966474,0.39513888425273774,0.5923872358228353,0.186413603016762,49.68046720326335,0.49463071704992,0.5308164492656178,0.186413603016762,46.703592286464044,실패
대규모,무용+서양음악,4,46.80216397962069,0.3821428571428571,0.6384821428571428,0.3866251361305113,무용,서양음악,54.030767368146314,0.563910832610421,0.5323923552791057,0.186413603016762,49.8549161948782,0.5067409266813095,0.5185653294013994,0.186413603016762,51.94284178151226,실패
대규모,무용+연극,1,77.63609333940093,0.8914285714285715,0.631,0.3866251361305113,무용,연극,54.030767368146314,0.563910832610421,0.5323923552791057,0.186413603016762,44.29851614649853,0.3541911803158665,0.6449343361050099,0.186413603016762,49.16464175732242,성공
대규모,무용+한국음악,2,47.09098051378423,0.3653571428571428,0.7195357142857143,0.3866251361305113,무용,한국음악,54.030767368146314,0.563910832610421,0.5323923552791057,0.186413603016762,49.68046720326335,0.49463071704992,0.5308164492656178,0.186413603016762,51.85561728570483,실패
대규모,뮤지컬+서양음악,10,60.720631526520854,0.6492857142857142,0.5854214285714285,0.3866251361305113,뮤지컬,서양음악,52.14859193570236,0.4768466354793622,0.637202151733843,0.186413603016762,49.8549161948782,0.5067409266813095,0.5185653294013994,0.186413603016762,51.001754065290285,성공
대규모,뮤지컬+연극,3,42.15027181124679,0.38785714285714284,0.5323809523809523,0.3866251361305113,뮤지컬,연극,52.14859193570236,0.4768466354793622,0.637202151733843,0.186413603016762,44.29851614649853,0.3541911803158665,0.6449343361050099,0.186413603016762,48.22355404110044,실패
대규모,뮤지컬+한국음악,2,60.34284663243774,0.6182142857142857,0.622,0.3866251361305113,뮤지컬,한국음악,52.14859193570236,0.4768466354793622,0.637202151733843,0.186413603016762,49.68046720326335,0.49463071704992,0.5308164492656178,0.186413603016762,50.91452956948285,성공
대규모,서양음악+연극,4,37.44106764136094,0.37464285714285717,0.44621428571428573,0.3866251361305113,서양음악,연극,49.8549161948782,0.5067409266813095,0.5185653294013994,0.186413603016762,44.29851614649853,0.3541911803158665,0.6449343361050099,0.186413603016762,47.076716170688364,실패
대규모,서양음악+한국음악,5,40.42079004637294,0.3384285714285714,0.5498142857142857,0.3866251361305113,서양음악,한국음악,49.8549161948782,0.5067409266813095,0.5185653294013994,0.186413603016762,49.68046720326335,0.49463071704992,0.5308164492656178,0.186413603016762,49.767691699070774,실패
대규모,연극+한국음악,8,54.71320868260468,0.51,0.6103839285714285,0.3866251361305113,연극,한국음악,44.29851614649853,0.3541911803158665,0.6449343361050099,0.186413603016762,49.68046720326335,0.49463071704992,0.5308164492656178,0.186413603016762,46.98949167488094,성공
소규모,대중무용+무용,1,59.00198556107036,0.8914285714285715,0.3177142857142857,0.3866251361305113,대중무용,무용,43.17543556716681,0.5498400620576648,0.3016815273855593,0.186413603016762,29.605516634214176,0.3546239933061395,0.28922924728933513,0.186413603016762,36.39047610069049,성공
소규모,대중음악+연극,1,32.90786957263532,0.3628571428571429,0.2842142857142857,0.3866251361305113,대중음악,연극,24.596613360905796,0.2981636916175667,0.2572603497232197,0.186413603016762,35.19913521462628,0.3904177356946191,0.38073572994291066,0.186413603016762,29.897874287766037,성공
소규모,대중음악+한국음악,20,69.13580081105164,0.6725,0.757525,0.3866251361305113,대중음악,한국음악,24.596613360905796,0.2981636916175667,0.2572603497232197,0.186413603016762,21.456687900420725,0.2515276760915292,0.24155414938000438,0.186413603016762,23.026650630663262,성공
소규모,무용+뮤지컬,1,5.795226363185584,0.0257142857142857,0.1960714285714285,0.3866251361305113,무용,뮤지컬,29.605516634214176,0.3546239933061395,0.28922924728933513,0.186413603016762,32.86129100019305,0.3596258437723765,0.4421015061186068,0.186413603016762,31.233403817203612,실패
소규모,무용+서양음악,2,36.83338757065537,0.44785714285714284,0.38085714285714284,0.3866251361305113,무용,서양음악,29.605516634214176,0.3546239933061395,0.28922924728933513,0.186413603016762,36.5510109178573,0.4890352207777799,0.27765614553483564,0.186413603016762,33.07826377603574,성공
소규모,무용+연극,1,49.63124333990812,0.6842857142857143,0.3065714285714285,0.3866251361305113,무용,연극,29.605516634214176,0.3546239933061395,0.28922924728933513,0.186413603016762,35.19913521462628,0.3904177356946191,0.38073572994291066,0.186413603016762,32.402325924420225,성공
소규모,뮤지컬+서양음악,2,41.22491425863868,0.41428571428571426,0.5424285714285715,0.3866251361305113,뮤지컬,서양음악,32.86129100019305,0.3596258437723765,0.4421015061186068,0.186413603016762,36.5510109178573,0.4890352207777799,0.27765614553483564,0.186413603016762,34.70615095902517,성공
소규모,뮤지컬+연극,1,42.7733848687103,0.3485714285714286,0.5814285714285714,0.3866251361305113,뮤지컬,연극,32.86129100019305,0.3596258437723765,0.4421015061186068,0.186413603016762,35.19913521462628,0.3904177356946191,0.38073572994291066,0.186413603016762,34.030213107409665,성공
소규모,서양음악+연극,5,70.83728528888324,0.6925714285714286,0.755742857142857,0.3866251361305113,서양음악,연극,36.5510109178573,0.4890352207777799,0.27765614553483564,0.186413603016762,35.19913521462628,0.3904177356946191,0.38073572994291066,0.186413603016762,35.87507306624179,성공
소규모,서양음악+한국음악,9,60.181563388983164,0.6852380952380952,0.5186349206349206,0.3866251361305113,서양음악,한국음악,36.5510109178573,0.4890352207777799,0.27765614553483564,0.186413603016762,21.456687900420725,0.2515276760915292,0.24155414938000438,0.186413603016762,29.00384940913901,성공
소규모,연극+한국음악,2,25.241888100547666,0.2685714285714285,0.34875,0.3866251361305113,연극,한국음악,35.19913521462628,0.3904177356946191,0.38073572994291066,0.186413603016762,21.456687900420725,0.2515276760915292,0.24155414938000438,0.186413603016762,28.327911557523503,실패
중규모,대중무용+대중음악,1,76.49872095115613,0.8914285714285715,0.6081428571428571,0.3866251361305113,대중무용,대중음악,52.33862626801266,0.6014984921382003,0.4643815587630304,0.186413603016762,50.02085109510878,0.5830086217647011,0.42957263783962085,0.186413603016762,51.17973868156072,성공
중규모,대중무용+뮤지컬,1,18.94070701392617,0.1357142857142857,0.3122857142857143,0.3866251361305113,대중무용,뮤지컬,52.33862626801266,0.6014984921382003,0.4643815587630304,0.186413603016762,51.65714246576147,0.5549926594866226,0.5174806063827603,0.186413603016762,51.997884366887064,실패
중규모,대중무용+서양음악,2,21.275930434465053,0.1653571428571428,0.3177142857142857,0.3866251361305113,대중무용,서양음악,52.33862626801266,0.6014984921382003,0.4643815587630304,0.186413603016762,47.457320008096495,0.5653130493166121,0.39350076057832867,0.186413603016762,49.89797313805458,실패
중규모,대중무용+한국음악,1,29.369849515263866,0.1628571428571428,0.7112857142857143,0.3866251361305113,대중무용,한국음악,52.33862626801266,0.6014984921382003,0.4643815587630304,0.186413603016762,41.51141537577205,0.4669627197780796,0.38889554095411716,0.186413603016762,46.92502082189236,실패
중규모,대중음악+무용,1,55.67441417294518,0.5871428571428572,0.5140714285714286,0.3866251361305113,대중음악,무용,50.02085109510878,0.5830086217647011,0.42957263783962085,0.186413603016762,48.99136063394166,0.5583193450129392,0.4383626077437545,0.186413603016762,49.506105864525225,성공
중규모,대중음악+뮤지컬,1,49.49564292241283,0.5085714285714286,0.4752142857142857,0.3866251361305113,대중음악,뮤지컬,50.02085109510878,0.5830086217647011,0.42957263783962085,0.186413603016762,51.65714246576147,0.5549926594866226,0.5174806063827603,0.186413603016762,50.838996780435124,실패
중규모,대중음악+서양음악,11,50.61090442170407,0.5672077922077923,0.45138961038961034,0.38662513613051125,대중음악,서양음악,50.02085109510878,0.5830086217647011,0.42957263783962085,0.186413603016762,47.457320008096495,0.5653130493166121,0.39350076057832867,0.186413603016762,48.73908555160264,성공
중규모,대중음악+연극,3,20.611767358333385,0.14761904761904757,0.35473809523809524,0.3866251361305113,대중음악,연극,50.02085109510878,0.5830086217647011,0.42957263783962085,0.186413603016762,45.64205408268549,0.4879317419323695,0.4682977085059765,0.186413603016762,47.831452588897136,실패
중규모,대중음악+한국음악,6,52.17861589407571,0.645952380952381,0.44515476190476194,0.3866251361305113,대중음악,한국음악,50.02085109510878,0.5830086217647011,0.42957263783962085,0.186413603016762,41.51141537577205,0.4669627197780796,0.38889554095411716,0.186413603016762,45.76613323544042,성공
중규모,무용+뮤지컬,4,49.53313470306445,0.48178571428571426,0.5436428571428571,0.3866251361305113,무용,뮤지컬,48.99136063394166,0.5583193450129392,0.4383626077437545,0.186413603016762,51.65714246576147,0.5549926594866226,0.5174806063827603,0.186413603016762,50.32425154985157,실패
중규모,무용+서양음악,8,61.75501372598426,0.7414285714285714,0.5208303571428572,0.3866251361305113,무용,서양음악,48.99136063394166,0.5583193450129392,0.4383626077437545,0.186413603016762,47.457320008096495,0.5653130493166121,0.39350076057832867,0.186413603016762,48.22434032101908,성공
중규모,무용+연극,5,56.56196367137204,0.6448571428571428,0.4762142857142857,0.3866251361305113,무용,연극,48.99136063394166,0.5583193450129392,0.4383626077437545,0.186413603016762,45.64205408268549,0.4879317419323695,0.4682977085059765,0.186413603016762,47.31670735831358,성공
중규모,무용+한국음악,9,35.306390281346616,0.36746031746031743,0.46066666666666667,0.3866251361305113,무용,한국음악,48.99136063394166,0.5583193450129392,0.4383626077437545,0.186413603016762,41.51141537577205,0.4669627197780796,0.38889554095411716,0.186413603016762,45.25138800485686,실패
중규모,뮤지컬+서양음악,12,55.69691452035247,0.6186904761904762,0.5178095238095238,0.3866251361305113,뮤지컬,서양음악,51.65714246576147,0.5549926594866226,0.5174806063827603,0.186413603016762,47.457320008096495,0.5653130493166121,0.39350076057832867,0.186413603016762,49.557231236928985,성공
중규모,뮤지컬+연극,6,56.293305664567036,0.516547619047619,0.7113214285714285,0.3866251361305113,뮤지컬,연극,51.65714246576147,0.5549926594866226,0.5174806063827603,0.186413603016762,45.64205408268549,0.4879317419323695,0.4682977085059765,0.186413603016762,48.64959827422348,성공
중규모,뮤지컬+한국음악,7,49.701626712458264,0.5522448979591836,0.43804081632653064,0.3866251361305113,뮤지컬,한국음악,51.65714246576147,0.5549926594866226,0.5174806063827603,0.186413603016762,41.51141537577205,0.4669627197780796,0.38889554095411716,0.186413603016762,46.584278920766764,성공
중규모,서양음악+연극,4,55.310507628968125,0.5871428571428572,0.5188571428571429,0.3866251361305113,서양음악,연극,47.457320008096495,0.5653130493166121,0.39350076057832867,0.186413603016762,45.64205408268549,0.4879317419323695,0.4682977085059765,0.186413603016762,46.549687045390996,성공
중규모,서양음악+한국음악,11,51.92025136339341,0.5577922077922078,0.4998376623376623,0.38662513613051125,서양음악,한국음악,47.457320008096495,0.5653130493166121,0.39350076057832867,0.186413603016762,41.51141537577205,0.4669627197780796,0.38889554095411716,0.186413603016762,44.484367691934274,성공
중규모,연극+한국음악,6,53.421544148168984,0.6054761904761904,0.46275,0.3866251361305113,연극,한국음악,45.64205408268549,0.4879317419323695,0.4682977085059765,0.186413603016762,41.51141537577205,0.4669627197780796,0.38889554095411716,0.186413603016762,43.576734729228775,성공
