공연명,장르명,지역,공연시설명,최종_좌석점유율,총_공연회차_계산,판매좌석수_합계,평균_판매좌석수,평균판매단가,회차당매출,접근성_점수,예측복합장르,장르1,장르2,U_participation,S_scale,A_afford,DPI_plus,DPI_region_adj_seg,DPI_region_pr_seg,is_free
빨간풍선,복합,경인,남동소래아트홀,1.3272068120752332,12,3613.0,499.0,5762.800996401882,1735083.3333333333,2,대중음악+연극,대중음악,연극,0.9739583333333334,0.8840277777777779,0.3784722222222222,77.93150101007214,77.13310962536927,1.0,False
"일상문화도시 페스티벌, 강북Festa",복합,서울,강북문화예술회관 강북진달래홀,1.0,10,1710.0,171.0,1342.1052631578948,229500.0,4,뮤지컬+무용,뮤지컬,무용,0.8541666666666666,0.7782986111111112,0.5729166666666667,76.33323346086542,77.0526627467395,1.0,False
"시선: si, Sonne!",복합,서울,국립극장,1.0,2,1254.0,627.0,2051.03668261563,1286000.0,5,연극+서양음악,연극,서양음악,0.8541666666666666,0.7918402777777778,0.5295138888888888,75.59495380422982,76.3143830901039,0.991304347826087,False
"매드라인 x 날라리와 쟁이, 화합과 교류의 두드림 [대구]",복합,영남,대구문화예술회관,1.0833333333333333,1,1092.0,1092.0,357.1428571428572,390000.0,2,서양음악+연극,서양음악,연극,0.9739583333333334,0.5989583333333334,0.6388888888888888,75.51218744741054,76.05969025512579,1.0,False
케이킥 태권쇼,복합,서울,명보아트홀,0.9689905902480752,14,4531.0,326.0,888.1041712646215,287428.5714285714,3,서양음악+대중음악,서양음악,대중음악,0.7048611111111112,0.8630208333333332,0.59375,73.10966097549584,73.82909026136993,0.9826086956521739,False
"어텀바로크, 비바헨델: 아르카디아의 사랑 시즌2",,,,1.0,3,912.0,304.0,1171.0526315789473,356000.0,0,서양음악+한국음악,서양음악,한국음악,0.8541666666666666,0.7236111111111111,0.5798611111111112,74.59089269814206,73.47165482263608,1.0,False
김태연과 함께하는 열린음악회 [영광],복합,호남,영광예술의전당,1.070811744386874,1,620.0,620.0,1654.8387096774193,1026000.0,5,서양음악+대중음악,서양음악,대중음악,0.9739583333333334,0.5050347222222222,0.5538194444444444,69.13201940684426,70.95961876683235,1.0,False
"창작산실, 김재훈의 P.N.O",복합,서울,대학로예술극장,1.0,2,1008.0,504.0,5596.230158730159,2820500.0,1,연극+서양음악,연극,서양음악,0.8541666666666666,0.7451388888888889,0.3871527777777778,69.51102379656813,70.23045308244221,0.9739130434782609,False
김영임 & 김용임과 함께하는 희희낙락 [문경],복합,영남,문경문화예술회관,0.9660194174757282,2,1592.0,796.0,2408.291457286432,1917000.0,3,한국음악+대중음악,한국음악,대중음악,0.6909722222222222,0.8227430555555556,0.5104166666666667,69.13289013141772,69.68039293913297,0.9876543209876543,False
"신년음악회: 문화의 비상, 국민과 함께",복합,서울,예술의전당 [서울],1.0,1,2505.0,2505.0,3716.566866267465,9310000.0,10,서양음악+대중음악,서양음악,대중음악,0.8541666666666666,0.6616319444444445,0.45486111111111116,68.86296264909973,69.58239193497381,0.9652173913043478,False
페페의 꿈 [상주],복합,영남,상주문화회관,0.98828125,2,1012.0,506.0,3083.00395256917,1560000.0,4,뮤지컬+연극,뮤지컬,연극,0.7534722222222222,0.7472222222222222,0.484375,68.77395932435803,69.32146213207328,0.9753086419753086,False
예술봄소리와 함께하는 EQ－UP (오전),복합,충청,비오케이아트센터(BOK아트센터),1.0,2,440.0,220.0,454.54545454545456,100000.0,9,서양음악+뮤지컬,서양음악,뮤지컬,0.8541666666666666,0.5743055555555555,0.6302083333333333,69.95053865607505,68.59860336330878,1.0,False
홍지민과 함께하는 판타스틱쇼 시즌2,복합,기타,삼척문화예술회관,0.9946351931330472,2,1432.0,922.0,5906.075418994414,4228750.0,3,뮤지컬+서양음악,뮤지컬,서양음악,0.765625,0.8210069444444446,0.36979166666666663,67.82972595410085,67.0846381639127,1.0,False
제2회 SECOME,복합,충청,비오케이아트센터(BOK아트센터),1.0,2,440.0,220.0,1568.1818181818182,345000.0,9,서양음악+한국음악,서양음악,한국음악,0.8541666666666666,0.5743055555555555,0.5625,68.37836941378217,67.0264341210159,0.98,False
Struggle,복합,서울,아르코예술극장,1.0,2,1200.0,600.0,9906.666666666666,5944000.0,2,무용+뮤지컬,무용,뮤지컬,0.8541666666666666,0.783767361111111,0.25520833333333337,65.09365530636562,65.8130845922397,0.9565217391304348,False
뽀로로 매직 싱어롱쇼: 슈퍼스타 뽀로로 드림콘서트,복합,서울,코엑스,1.0037037037037038,27,29268.0,1084.0,17604.115757824246,19082861.48148148,8,뮤지컬+대중음악,뮤지컬,대중음악,0.9375,0.9592013888888888,0.13888888888888884,64.50435021462508,65.22377950049916,0.9478260869565217,False
"대한민국 청년축제, 청춘뉴런",복합,서울,세종대학교 대양홀,0.96057171020207,1,1949.0,1949.0,1806.054386865059,3520000.0,5,서양음악+한국음악,서양음악,한국음악,0.6770833333333334,0.6548611111111111,0.5451388888888888,64.08296665772764,64.80239594360172,0.9391304347826087,False
신년음악회 [보령],복합,충청,보령문화예술회관,1.4046688338884346,1,2150.0,576.0,7213.302325581395,15508600.0,3,뮤지컬+대중음악,뮤지컬,대중음악,0.9739583333333334,0.5995659722222222,0.3289930555555556,66.14902664683537,64.7970913540691,0.93,False
신년음악회 [보령],복합,충청,보령문화예술회관,1.4046688338884346,1,2150.0,576.0,7213.302325581395,15508600.0,3,뮤지컬+대중음악,뮤지컬,대중음악,0.9739583333333334,0.5995659722222222,0.3289930555555556,66.14902664683537,64.7970913540691,0.93,False
신년음악회 [보령],복합,충청,보령문화예술회관,1.4046688338884346,1,2150.0,576.0,7213.302325581395,15508600.0,3,뮤지컬+대중음악,뮤지컬,대중음악,0.9739583333333334,0.5995659722222222,0.3289930555555556,66.14902664683537,64.7970913540691,0.93,False
신년음악회 [보령],복합,충청,보령문화예술회관,1.4046688338884346,1,2150.0,576.0,7213.302325581395,15508600.0,3,뮤지컬+대중음악,뮤지컬,대중음악,0.9739583333333334,0.5995659722222222,0.3289930555555556,66.14902664683537,64.7970913540691,0.93,False
숨 S:UM,복합,경인,의정부예술의전당,0.9990243902439024,1,1024.0,1024.0,1809.5703125,1853000.0,6,한국음악+뮤지컬,한국음악,뮤지컬,0.7708333333333334,0.5897569444444444,0.5416666666666667,65.40549146264894,64.60710007794607,0.987012987012987,False
SCAF 서초아트페스티벌,복합,서울,페리지홀,0.9702970297029704,2,392.0,196.0,535.7142857142857,105000.0,2,서양음악+뮤지컬,서양음악,뮤지컬,0.7118055555555556,0.5552083333333334,0.6197916666666667,63.47041765517042,64.18984694104451,0.9304347826086956,False
SBS 뽕사활동과 함께하는 희망나눔 열린음악회 [대구],복합,영남,아양아트센터,0.99009900990099,1,1100.0,1100.0,3600.0,3960000.0,6,대중음악+한국음악,대중음악,한국음악,0.7586805555555556,0.6026909722222222,0.4618055555555556,63.37989274202358,63.927395549738826,0.9629629629629629,False
"마티네콘서트 마실, 협궤열차의 꿈",복합,경인,남동소래아트홀,0.9886201991465148,1,695.0,695.0,651.0791366906475,452500.0,2,대중음악+연극,대중음악,연극,0.7569444444444444,0.5323784722222222,0.609375,64.08153396267858,63.28314257797571,0.974025974025974,False
페페의 꿈 [춘천],복합,기타,춘천인형극장,1.3125,4,567.0,185.0,10624.338624338625,1506000.0,5,연극+뮤지컬,연극,뮤지컬,0.9739583333333334,0.6518229166666667,0.23263888888888884,63.55138238152907,62.806294591340915,0.9090909090909091,False
배리어프리 뮤직페스티벌,복합,서울,국립극장,0.9312039312039312,1,1137.0,1137.0,369.3931398416887,420000.0,5,서양음악+뮤지컬,서양음악,뮤지컬,0.6197916666666666,0.6100694444444444,0.6354166666666667,61.94482721823918,62.66425650411326,0.9217391304347826,False
"태권무 한빛, 제주오백장군이야기",복합,제주,제주문예회관,1.0,1,828.0,828.0,5498.792270531401,4553000.0,3,뮤지컬+대중무용,뮤지컬,대중무용,0.8541666666666666,0.5605902777777778,0.38888888888888884,62.97747326974338,62.48453038239614,1.0,False
오라토리오 마르티레스,복합,서울,상명아트센터,0.9378415300546448,2,2746.0,1373.0,8290.968681718863,11383500.0,4,무용+서양음악,무용,서양음악,0.6354166666666666,0.8678819444444444,0.31076388888888884,61.421965405426334,62.14139469130041,0.9130434782608695,False
별주부전,복합,서울,국립국악원,0.9870588235294118,4,1196.0,130.0,8517.558528428093,2546750.0,7,연극+뮤지컬,연극,뮤지컬,0.7395833333333334,0.7217013888888889,0.296875,61.091961139162464,61.81139042503654,0.9043478260869565,False
열린음악회: 국악신동김태연＆클라무오케스트라＆퓨전국악이희정밴드 [김제],복합,호남,김제문화예술회관,1.0,1,488.0,488.0,3618.852459016394,1766000.0,4,무용+연극,무용,연극,0.8541666666666666,0.4416666666666667,0.4600694444444444,59.91588451906736,61.74348387905544,0.967741935483871,False
FINEDAY FESTIVAL,복합,서울,서울어린이대공원,1.0,2,16000.0,8000.0,17223.5,137788000.0,7,대중음악+한국음악,대중음악,한국음악,0.8541666666666666,0.8880208333333334,0.14583333333333337,60.80140895888514,61.52083824475922,0.8956521739130435,False
"꿈나무극장 오감똑똑 어린이공연, 싸운드 써커스",복합,서울,꿈나무극장,1.0,2,306.0,153.0,6032.679738562091,923000.0,4,무용+뮤지컬,무용,뮤지컬,0.8541666666666666,0.5223958333333334,0.3663194444444444,60.71081591990818,61.430245205782256,0.8869565217391304,False
첼로가야금 [연천],복합,경인,연천수레울아트홀,1.0,1,550.0,550.0,2621.818181818182,1442000.0,4,한국음악+연극,한국음악,연극,0.8541666666666666,0.4670138888888889,0.5034722222222222,62.20921346176801,61.41082207706514,0.961038961038961,False
USW 신년음악회,복합,서울,롯데콘서트홀,0.9179764243614932,1,1869.0,1869.0,1448.582129481006,2707400.0,6,서양음악+한국음악,서양음악,한국음악,0.5842013888888888,0.6509548611111111,0.5694444444444444,60.365144066340406,61.084573352214484,0.8782608695652174,False
DUO RECITAL,복합,서울,예술의전당 [서울],1.0,1,354.0,354.0,500.0,177000.0,10,서양음악+한국음악,서양음악,한국음악,0.8541666666666666,0.3672743055555555,0.6267361111111112,59.752738439716744,60.47216772559082,0.8695652173913043,False
"3rd GPD FORUM 예술뉴런 뮤지카,  with 권은비, 프라우드먼",복합,서울,상명아트센터,1.0942622950819672,1,1602.0,710.0,13707.865168539323,21960000.0,4,대중음악+서양음악,대중음악,서양음악,0.9739583333333334,0.6034722222222222,0.18576388888888884,59.13784278556658,59.85727207144066,0.8608695652173913,False
"토크콘서트, 추억은 몽글몽글",복합,영남,동래문화회관,0.998019801980198,1,504.0,504.0,1904.7619047619048,960000.0,5,서양음악+연극,서양음악,연극,0.7690972222222222,0.4486979166666667,0.5347222222222222,59.224462028430224,59.77196483614547,0.9506172839506173,False
한 해를 마무리 짓는 매듭달 음악회 [군포],복합,경인,군포문화예술회관,0.9798598949211909,1,1119.0,1119.0,5226.09472743521,5848000.0,8,한국음악+연극,한국음악,연극,0.7222222222222222,0.6083333333333334,0.40451388888888884,60.56728881433695,59.76889742963408,0.948051948051948,False
"남상일 & 리사의 뮤지컬, 국악을 만나다 [연천]",복합,경인,연천수레울아트홀,1.0,1,550.0,550.0,4317.272727272727,2374500.0,4,뮤지컬+한국음악,뮤지컬,한국음악,0.8541666666666666,0.4670138888888889,0.4305555555555556,60.292799167261045,59.49440778255818,0.935064935064935,False
소녀의 꿈,복합,서울,금나래아트홀,1.0,1,552.0,552.0,6228.260869565217,3438000.0,6,대중무용+한국음악,대중무용,한국음악,0.8541666666666666,0.46944444444444444,0.3628472222222222,58.370499611402614,59.08992889727669,0.8521739130434782,False
Mr 오페라 Miss 뮤지컬 [경주],복합,영남,경주예술의전당,1.0,1,331.0,331.0,809.6676737160121,268000.0,7,서양음악+한국음악,서양음악,한국음악,0.8541666666666666,0.35434027777777777,0.6006944444444444,58.50892034603399,59.056423153749236,0.9382716049382716,False
김준수 & 두 번째 달 콘서트 [평택],복합,경인,한국소리터,1.0,1,557.0,557.0,5271.095152603231,2936000.0,5,한국음악+대중음악,한국음악,대중음악,0.8541666666666666,0.4720486111111112,0.40104166666666663,59.66606974754697,58.8676783628441,0.922077922077922,False
"제23회 SPAF, 구조와 의식",복합,서울,아르코예술극장,1.0,1,600.0,600.0,7610.0,4566000.0,2,무용+연극,무용,연극,0.8541666666666666,0.4951388888888889,0.3194444444444444,57.973258288049514,58.69268757392359,0.8434782608695652,False
"평택시립국악관현악단, 평택시민과 함께하는 국악성가의 밤",복합,경인,평택시서부문예회관,0.9661458333333334,1,742.0,742.0,3404.312668463612,2526000.0,2,서양음악+연극,서양음악,연극,0.6944444444444444,0.5420138888888889,0.4722222222222222,58.948099517715214,58.149708133012346,0.9090909090909091,False
서커스 클래식,복합,서울,송파어린이문화회관,1.0584415584415583,2,326.0,138.0,12515.337423312883,2040000.0,1,연극+한국음악,연극,한국음악,0.9739583333333334,0.5190972222222222,0.20486111111111116,57.21002288840113,57.929452174275205,0.8347826086956521,False
"방방곡곡 문화공감, 누모리쇼",복합,경인,이천아트홀,1.0,1,451.0,451.0,3873.614190687361,1747000.0,6,한국음악+무용,한국음악,무용,0.8541666666666666,0.41796875,0.453125,58.59197236939971,57.793580984696845,0.8961038961038961,False
"오픈씨어터 오발콘 시리즈 Ⅰ, Vamonos! 돈키호테",복합,서울,한전아트센터,0.96996996996997,2,1938.0,969.0,14632.610939112486,14179000.0,6,서양음악+대중음악,서양음악,대중음악,0.7100694444444444,0.8432291666666667,0.1753472222222222,57.0093535164977,57.728782802371775,0.8260869565217391,False
동물의 사육제 [세종],복합,충청,비오케이아트센터(BOK아트센터),1.0,2,440.0,220.0,9432.954545454546,2075250.0,9,서양음악+무용,서양음악,무용,0.8541666666666666,0.5743055555555555,0.2690972222222222,59.0032695339468,57.65133424118053,0.88,False
그림자극으로 만나는 비발디의 사계,복합,영남,동래문화회관,1.0,1,505.0,505.0,6732.6732673267325,3400000.0,5,연극+대중음악,연극,대중음악,0.8541666666666666,0.4503472222222222,0.34548611111111116,56.966812294389925,57.51431510210517,0.9259259259259259,False
"서리풀악동문화공연, 매직컬 피터팬",복합,서울,서초문화예술회관(구. 서초구민회관),0.9405797101449276,1,649.0,649.0,2681.0477657935285,1740000.0,6,대중무용+무용,대중무용,무용,0.6440972222222222,0.5149305555555556,0.5017361111111112,56.65460889216018,57.374038178034255,0.8173913043478261,False
"한국예술융합학회, Art; Versa 시리즈 V: 동. 서양 예술의 융합",복합,서울,푸르지오아트홀,1.0,1,280.0,280.0,857.1428571428571,240000.0,6,서양음악+한국음악,서양음악,한국음악,0.8541666666666666,0.3217013888888889,0.5954861111111112,56.464701110273054,57.18413039614713,0.808695652173913,False
12월의 사랑가 [수원],복합,경인,경기아트센터(구. 경기도문화의전당),0.9880478087649402,1,496.0,496.0,2288.3064516129034,1135000.0,4,서양음악+한국음악,서양음악,한국음악,0.75,0.44427083333333334,0.515625,57.932342896582824,57.13395151187996,0.8831168831168831,False
"청소년을 위한 예술소풍 Ⅲ, 영화음악 옴니버스 콘서트",복합,영남,(재)영화의전당,1.0,1,841.0,841.0,11200.951248513677,9420000.0,8,무용+연극,무용,연극,0.8541666666666666,0.5631944444444444,0.22395833333333337,56.48824093067235,57.035743738387595,0.9135802469135802,False
홍지민과 함께하는 판타스틱쇼 시즌2 [함양],복합,영남,함양문화예술회관,1.0,1,486.0,486.0,6725.102880658436,3268400.0,2,대중음악+뮤지컬,대중음악,뮤지컬,0.8541666666666666,0.43819444444444444,0.3472222222222222,56.48057178223118,57.02807458994643,0.9012345679012346,False
"아이티 아이들 돕기 프로젝트, 헤이쥬드 콘서트 [고양]",복합,경인,고양아람누리,1.0,1,304.0,304.0,769.7368421052631,234000.0,6,한국음악+뮤지컬,한국음악,뮤지컬,0.8541666666666666,0.34140625,0.6024305555555556,57.785728204394196,56.98733681969133,0.8701298701298701,False
"이천국제음악제, icmf 오프닝 콘서트: 동서양의 하모니",복합,경인,이천아트홀,0.9108333333333334,1,1093.0,1093.0,1485.818847209515,1624000.0,6,뮤지컬+서양음악,뮤지컬,서양음악,0.5616319444444444,0.6002604166666667,0.5677083333333333,57.60991857935443,56.81152719465156,0.8571428571428571,False
가을 콘서트 [광양],복합,호남,광양시문화예술회관,0.9877551020408164,1,484.0,484.0,4989.669421487603,2415000.0,3,서양음악+무용,서양음악,무용,0.7465277777777778,0.43472222222222223,0.4131944444444444,54.887787708798086,56.715387068786164,0.9354838709677419,False
"함께하는 사랑밭 감사 콘서트, 담다 닮다",복합,서울,건국대학교 새천년관,0.9055900621118012,1,729.0,729.0,473.2510288065844,345000.0,8,대중음악+한국음악,대중음악,한국음악,0.5486111111111112,0.5364583333333334,0.6284722222222222,55.93245548449215,56.65188477036623,0.8,False
"보트피플ver.2, 바다의 아우슈비츠",복합,영남,어울아트센터(구. 대구북구문예회관),1.12,1,476.0,1.0,5123.949579831933,2439000.0,5,한국음악+무용,한국음악,무용,0.9739583333333334,0.32170138888888883,0.4097222222222222,55.583975008094136,56.13147781580938,0.8888888888888888,False
태권무 한빛,복합,제주,제주아트센터,0.9425675675675677,1,1116.0,1116.0,5963.709677419355,6655500.0,6,무용+대중무용,무용,대중무용,0.6493055555555556,0.6048611111111111,0.3680555555555556,56.54110098813783,56.04815810079059,0.8333333333333334,False
신년음악회,복합,서울,예술의전당 [서울],0.8906187624750499,1,2231.0,2231.0,3079.336620349619,6870000.0,10,서양음악+연극,서양음악,연극,0.5104166666666666,0.6600694444444444,0.48611111111111116,55.30567037771688,56.02509966359096,0.7913043478260869,False
환상덜미 [수원],복합,경인,정조테마공연장,1.3488372093023255,1,348.0,348.0,6442.528735632184,2242000.0,3,한국음악+서양음악,한국음악,서양음악,0.9739583333333334,0.36562500000000003,0.3524305555555556,56.40536840616501,55.60697702146214,0.8441558441558441,False
햄릿: 소리의심리학,복합,서울,한국콘텐츠진흥원 CKL스테이지,0.9,2,342.0,171.0,526.3157894736842,90000.0,3,뮤지컬+연극,뮤지컬,연극,0.5217013888888888,0.5350694444444445,0.6232638888888888,54.54034021456654,55.25976950044062,0.782608695652174,False
"Asia & Saha Ⅱ, 중국편 (5.17)",복합,영남,을숙도문화회관,0.9177126917712692,1,658.0,658.0,2385.258358662614,1569500.0,4,뮤지컬+무용,뮤지컬,무용,0.5815972222222222,0.5200520833333333,0.5138888888888888,54.55948789834567,55.10699070606092,0.8765432098765432,False
"조희창의 굿모닝 콘서트, 아리랑 온 더 로드",복합,영남,거제문화예술회관,1.0,1,424.0,424.0,6978.301886792453,2958800.0,3,서양음악+대중음악,서양음악,대중음악,0.8541666666666666,0.4046875,0.3350694444444444,54.53974089154021,55.08724369925546,0.8641975308641975,False
"한국 중국 일본, 발악콘서트",복합,영남,을숙도문화회관,0.9149232914923292,1,656.0,656.0,2146.3414634146343,1408000.0,4,한국음악+대중음악,한국음악,대중음악,0.578125,0.51875,0.5208333333333333,54.511091752420256,55.058594560135504,0.8518518518518519,False
첼로가야금 2.0 콘서트 [울산],복합,영남,울주문화예술회관,0.8940568475452196,2,692.0,353.0,4517.341040462427,1563000.0,5,한국음악+연극,한국음악,연극,0.5138888888888888,0.6767361111111112,0.42361111111111116,54.44166439174951,54.98916719946476,0.8395061728395061,False
그림자극과 함께하는 호두까기 인형 [수원],복합,경인,경기아트센터(구. 경기도문화의전당),1.0,2,1004.0,502.0,18552.788844621515,9313500.0,4,연극+뮤지컬,연극,뮤지컬,0.8541666666666666,0.74375,0.12673611111111116,55.56146605650626,54.763074671803395,0.8311688311688312,False
열린음악회: 국악신동김태연＆클라무오케스트라＆퓨전국악이희정밴드 [오산],복합,경인,오산문화예술회관,0.9925,1,794.0,794.0,9244.33249370277,7340000.0,2,한국음악+뮤지컬,한국음악,뮤지컬,0.7621527777777778,0.5543402777777778,0.2725694444444444,55.50551066851613,54.70711928381326,0.8181818181818182,False
벽을 뚫고 나온 꽃 [과천],복합,경인,과천시민회관,1.0,1,380.0,380.0,5447.368421052632,2070000.0,5,무용+연극,무용,연극,0.8541666666666666,0.3859375,0.3940972222222222,55.410975538779574,54.61258415407671,0.8051948051948052,False
홍지민과 함께하는 판타스틱 쇼 [성주],복합,영남,성주문화예술회관,1.0,1,822.0,822.0,14041.362530413626,11542000.0,6,뮤지컬+서양음악,뮤지컬,서양음악,0.8541666666666666,0.5597222222222222,0.18055555555555558,53.98918135762811,54.53668416534336,0.8271604938271605,False
비오케이 문화산책 (10월),복합,충청,비오케이아트센터(BOK아트센터),1.0,1,220.0,220.0,181.8181818181818,40000.0,9,한국음악+서양음악,한국음악,서양음악,0.8541666666666666,0.2947916666666667,0.6423611111111112,55.60071131991934,54.24877602715307,0.86,False
"통영국제음악제, 리히터스 패턴스",복합,영남,통영국제음악당,1.0,4,1016.0,254.0,21100.3937007874,5359500.0,6,연극+무용,연극,무용,0.8541666666666666,0.7338541666666667,0.109375,53.69591031689568,54.243413124610925,0.8148148148148148,False
"아침음악나들이 1, 존노 & 고영열",복합,경인,고양어울림누리,1.0,1,1290.0,1290.0,15283.720930232555,19716000.0,8,대중음악+한국음악,대중음악,한국음악,0.8541666666666666,0.6231770833333333,0.16319444444444442,54.93501769307033,54.13662630836746,0.7922077922077922,False
"아트클래스 시리즈Ⅴ, 호퍼: 고독한 뉴요커 [을숙도]",복합,영남,을숙도문화회관,0.9442119944211994,1,677.0,677.0,6685.376661742984,4526000.0,4,서양음악+무용,서양음악,무용,0.6545138888888888,0.5244791666666666,0.34895833333333337,53.410062908544106,53.95756571625935,0.8024691358024691,False
"배익한 재즈 오케스트라, 재즈와 판소리의 만남: 재즈 x 판",복합,서울,성북미디어문화마루 꿈빛극장,1.0,1,324.0,324.0,5740.740740740741,1860000.0,0,대중음악+서양음악,대중음악,서양음악,0.8541666666666666,0.3498263888888889,0.38020833333333337,53.15534037497709,53.874769660851165,0.7739130434782608,False
폴링 인 트롯 with 신유 [용인],복합,경인,용인시문화예술회관,0.9680511182108626,1,606.0,606.0,6381.188118811881,3867000.0,4,대중음악+서양음악,대중음악,서양음악,0.7005208333333334,0.5011284722222222,0.359375,54.51690908242883,53.718517697725964,0.7792207792207793,False
"제76회 (사)한국여성작곡가회 봄 정기발표회, 도약",복합,서울,예술의전당 [서울],0.9491525423728814,1,336.0,336.0,517.8571428571429,174000.0,10,서양음악+한국음악,서양음악,한국음악,0.6666666666666666,0.3569444444444444,0.625,52.8865401510333,53.60596943690738,0.7652173913043478,False
"The e-끌림 국악 콘서트, 유네스코 창작품 우리네 보물찾기",복합,영남,해운대문화회관,0.9301310043668122,1,426.0,426.0,680.7511737089202,290000.0,6,한국음악+서양음악,한국음악,서양음악,0.6102430555555556,0.40685763888888893,0.6076388888888888,52.90664946736358,53.454152275078826,0.7901234567901234,False
한밤의 유U;콘서트: 가을 밤 현의 풍류 (10월),복합,영남,(재)영화의전당,0.901307966706302,1,758.0,758.0,2992.0844327176783,2268000.0,8,한국음악+서양음악,한국음악,서양음악,0.53125,0.5473090277777778,0.4930555555555556,52.88653449210564,53.434037299820886,0.7777777777777778,False
"송년콘서트: 수고했어, 올해도! [함양]",복합,영남,함양문화예술회관,1.0,1,486.0,486.0,10037.860082304527,4878400.0,2,한국음악+뮤지컬,한국음악,뮤지컬,0.8541666666666666,0.43819444444444444,0.24826388888888884,52.815365915421566,53.36286872313681,0.7654320987654321,False
"이앤아이앙상블 콘서트, 칼레이도 사이클 [용인]",복합,경인,용인시평생학습관(여성회관),0.9181969949916527,1,550.0,550.0,1061.8181818181818,584000.0,5,연극+대중무용,연극,대중무용,0.5876736111111112,0.4670138888888889,0.5833333333333333,54.145213798651824,53.346822413948956,0.7662337662337663,False
이태석 사랑나눔 음악회,복합,서울,스카이아트홀,0.9037487335359676,1,892.0,892.0,4641.255605381166,4140000.0,0,서양음악+무용,서양음악,무용,0.5451388888888888,0.5694444444444444,0.421875,52.58634159621097,53.30577088208505,0.7565217391304347,False
어느 삐에로의 사랑 이야기,복합,서울,신한카드 SOL페이 스퀘어(구.신한pLay 스퀘어),0.9787735849056604,1,415.0,415.0,5156.626506024097,2140000.0,6,서양음악+무용,서양음악,무용,0.7204861111111112,0.40086805555555555,0.40798611111111116,52.37344106606944,53.09287035194352,0.7478260869565218,False
"브런치&리너 콘서트, 피아니스트 김용진과 함께하는 이달의 공연: 7월의 발레",복합,서울,구로아트밸리,1.0,1,579.0,579.0,13036.269430051814,7548000.0,6,서양음악+한국음악,서양음악,한국음악,0.8541666666666666,0.48541666666666666,0.19791666666666663,52.315549529350946,53.034978815225024,0.7391304347826086,False
적로: 이슬의 노래,복합,서울,국립국악원,1.0,10,1300.0,130.0,23492.30769230769,3054000.0,7,한국음악+뮤지컬,한국음악,뮤지컬,0.8541666666666666,0.7515624999999999,0.09201388888888884,52.30613637430943,53.02556566018351,0.7304347826086957,False
제10회 서울페스티발앙상블 정기연주회,복합,서울,예술의전당 [서울],0.9233333333333332,1,554.0,554.0,3675.090252707581,2036000.0,10,서양음악+연극,서양음악,연극,0.5972222222222222,0.47074652777777776,0.45833333333333337,52.11622665554524,52.83565594141932,0.7217391304347827,False
발레 메카닉 [강동],복합,서울,강동아트센터,0.912,2,456.0,228.0,6389.802631578948,1456875.0,7,서양음악+무용,서양음악,무용,0.5659722222222222,0.5810763888888889,0.35763888888888884,52.11087673832668,52.83030602420076,0.7130434782608696,False
"The e-끌림 국악 콘서트, 토끼의 간을 찾아라",복합,영남,해운대문화회관,0.9301310043668122,1,426.0,426.0,1490.6103286384975,635000.0,6,한국음악+서양음악,한국음악,서양음악,0.6102430555555556,0.40685763888888893,0.5659722222222222,52.16031074616083,52.70781355387608,0.7530864197530864,False
Nuvelletoile: En Espana [부평],복합,경인,부평아트센터,0.9876160990712074,1,319.0,319.0,1855.799373040752,592000.0,10,서양음악+무용,서양음악,무용,0.7447916666666666,0.34756944444444443,0.5364583333333333,53.41797488169564,52.619583496992774,0.7532467532467533,False
누모리 쇼 [논산],복합,충청,논산아트센터(구. 논산문화예술회관),0.9482142857142856,1,531.0,531.0,4067.796610169492,2160000.0,5,한국음악+연극,한국음악,연극,0.6631944444444444,0.46024305555555556,0.4461805555555556,53.91207645554732,52.56014116278105,0.84,False
"국립국악관현악단, 베스트컬렉션 [장흥]",복합,호남,장흥문화예술회관,0.9233870967741936,1,458.0,458.0,3144.1048034934497,1440000.0,5,연극+뮤지컬,연극,뮤지컬,0.5989583333333334,0.4223958333333333,0.47916666666666663,50.690627091987785,52.51822645197586,0.9032258064516129,False
작은겨울아동극축제 [춘천],복합,기타,소극장 여우,0.8,14,1120.0,80.0,1691.071428571429,135285.7142857143,0,연극+대중음악,연극,대중음악,0.3949652777777778,0.751736111111111,0.5503472222222222,52.86908122768408,52.12399343749592,0.8181818181818182,False
"춘하추동, 디톡스 콘서트 : 남상일&박구윤&최연화",복합,경인,남동소래아트홀,0.9203413940256046,1,647.0,647.0,5080.370942812983,3287000.0,2,대중음악+한국음악,대중음악,한국음악,0.59375,0.5140625,0.41145833333333337,52.461701989818245,51.66331060511538,0.7402597402597403,False
피콜로이스트 김원미와 안디아모 국악퓨전콘서트: 그리고 그 사랑,복합,영남,아양아트센터,1.25,1,250.0,250.0,8760.0,2190000.0,6,뮤지컬+서양음악,뮤지컬,서양음악,0.9739583333333334,0.3067708333333333,0.29166666666666663,51.074656303096525,51.62215911081177,0.7407407407407407,False
제2회 이앤아이앙상블 콘서트: 날것. 놀러. OLE! 감정에 자유를 주자 [용인],복합,경인,용인시평생학습관 (여성회관),0.9181969949916527,1,550.0,550.0,2880.0,1584000.0,5,대중무용+연극,대중무용,연극,0.5876736111111112,0.4670138888888889,0.49479166666666663,52.39154303107707,51.5931516463742,0.7272727272727273,False
송년콘서트 [광양],복합,호남,광양시문화예술회관,0.9306122448979592,1,456.0,456.0,4989.035087719299,2275000.0,3,한국음악+대중음악,한국음악,대중음악,0.6145833333333334,0.42083333333333334,0.4149305555555556,49.761673811544824,51.5892731715329,0.8709677419354839,False
루비뮤직 Ruby music Vin chaud Christmas,복합,서울,더케이호텔 [서울],1.0,1,100.0,100.0,1500.0,150000.0,5,서양음악+한국음악,서양음악,한국음악,0.8541666666666666,0.24210069444444443,0.5642361111111112,50.5690699763657,51.288499262239775,0.7043478260869566,False
"크로스파티, 두번째달 Ⅹ 김무빈: 국악 Ⅹ 월드뮤직 [과천]",복합,경인,과천시민회관,1.0,1,380.0,380.0,8810.526315789473,3348000.0,5,한국음악+대중음악,한국음악,대중음악,0.8541666666666666,0.3859375,0.2881944444444444,52.04898231084067,51.250590926137804,0.7142857142857143,False
"굿모닝콘서트, 비원 of No boundary",복합,영남,을숙도문화회관,0.9952380952380953,1,209.0,209.0,2102.870813397129,439500.0,4,한국음악+서양음악,한국음악,서양음악,0.7673611111111112,0.2899305555555556,0.5243055555555556,50.57893625340273,51.12643906111798,0.7283950617283951,False
"시대 융화 콘서트, 이:음 [경기 광주]",복합,경인,남한산성아트홀,0.8998073217726397,1,934.0,934.0,4202.355460385439,3925000.0,8,한국음악+연극,한국음악,연극,0.5190972222222222,0.575,0.4340277777777778,51.909777562503635,51.11138617780077,0.7012987012987013,False
MBC 뮤직페스티벌 송년음악회,복합,충청,금산다락원 생명의집,0.9829545454545454,1,692.0,692.0,10173.410404624276,7040000.0,4,서양음악+뮤지컬,서양음악,뮤지컬,0.7291666666666666,0.5288194444444445,0.2465277777777778,52.45692523166924,51.10498993890297,0.82,False
"통영국제음악회, 온드레이 아다멕: 디너",복합,영남,통영국제음악당,1.0,2,508.0,254.0,20221.456692913387,5136250.0,6,서양음악+대중음악,서양음악,대중음악,0.8541666666666666,0.6043402777777779,0.11284722222222221,50.48250445801451,51.03000726572976,0.7160493827160493,False
"여우락 페스티벌, 모듈라서울: lull~유영",복합,서울,국립극장,1.0,1,510.0,510.0,14603.921568627453,7448000.0,5,한국음악+뮤지컬,한국음악,뮤지컬,0.8541666666666666,0.4541666666666666,0.17708333333333337,49.98676784103488,50.70619712690896,0.6956521739130435,False
재즈& 국악 울림콘서트,복합,영남,의령군민문화회관,0.9661016949152542,1,342.0,342.0,4415.204678362573,1510000.0,4,대중음악+한국음악,대중음악,한국음악,0.6927083333333334,0.36197916666666663,0.42708333333333337,50.10596858923806,50.65347139695331,0.7037037037037037,False
"통영국제음악제, 해리 파치: 플렉트럼과 타악기 춤",복합,영남,통영국제음악당,1.0,3,762.0,254.0,23667.97900262467,6011666.666666667,6,서양음악+한국음악,서양음악,한국음악,0.8541666666666666,0.69453125,0.08506944444444442,50.088845875580354,50.6363486832956,0.691358024691358,False
Talk Talk Talk,복합,서울,은평문화예술회관,0.7857142857142858,2,550.0,218.0,190.9090909090909,52500.0,3,연극+대중음악,연극,대중음악,0.3836805555555556,0.6057291666666667,0.640625,49.87749712624159,50.59692641211567,0.6869565217391305,False
"JUKEBOX OPERA, 내가 너라면? BODY CHANGE [광주]",복합,호남,광산문화예술회관,0.9222222222222224,1,498.0,1.0,682.7309236947791,340000.0,1,서양음악+대중음악,서양음악,대중음악,0.5954861111111112,0.33055555555555555,0.6059027777777778,48.63046098378787,50.45806034377595,0.8387096774193549,False
마티네 콘서트 [용인],복합,경인,용인포은아트홀,0.8482922954725973,4,4272.0,1068.0,10305.945692883895,11006750.0,5,서양음악+대중음악,서양음악,대중음악,0.4496527777777778,0.9168402777777779,0.24479166666666663,51.09246917240843,50.29407778770556,0.6883116883116883,False
5히려 좋아,복합,서울,오류아트홀,0.978082191780822,1,357.0,357.0,6801.120448179272,2428000.0,5,한국음악+무용,한국음악,무용,0.7152777777777778,0.3720486111111111,0.34201388888888884,49.0944352876994,49.813864573573476,0.6782608695652174,False
"제60회 예술공감, 앙상블 이도: 새롭게 만난 희로애락의 소리",복합,영남,을숙도문화회관,0.9904761904761904,1,208.0,208.0,3442.3076923076924,716000.0,4,서양음악+한국음악,서양음악,한국음악,0.7604166666666666,0.2886284722222222,0.46875,49.179057120774516,49.72655992848976,0.6790123456790124,False
"태권무 한빛 시즌3, 태권예술로 제주를 품다",복합,제주,제주아트센터,0.9442567567567568,1,1118.0,1118.0,13587.656529516997,15191000.0,6,연극+뮤지컬,연극,뮤지컬,0.6579861111111112,0.6065972222222222,0.19270833333333337,50.02565365928202,49.53271077193478,0.6666666666666666,False
"월드뮤직 페스티벌, 국악 & 트로트 Sweet콘서트 [의령]",복합,영남,의령군민문화회관,0.943502824858757,1,334.0,334.0,3883.233532934132,1297000.0,4,한국음악+대중음악,한국음악,대중음악,0.6510416666666666,0.3556423611111111,0.45138888888888884,48.9653480154078,49.512850823123046,0.6666666666666666,False
"성동문화나눔 송년 공연, 송년콘서트: 수고했어, 올해도!",복합,서울,소월아트홀(성동문화회관),0.9384615384615383,1,488.0,488.0,7899.590163934426,3855000.0,5,서양음악+대중음악,서양음악,대중음악,0.6371527777777778,0.4416666666666667,0.3159722222222222,48.71049136590648,49.429920651780556,0.6695652173913044,False
춘향: 날개를 뜯긴 새 [평택],복합,경인,평택시남부문예회관,0.9405940594059404,1,570.0,570.0,8343.859649122807,4756000.0,3,무용+한국음악,무용,한국음악,0.6458333333333334,0.4800347222222222,0.30729166666666663,50.1775890408158,49.379197656112936,0.6753246753246753,False
"발레와 국악의 조합, 마블링 [화성]",복합,경인,반석아트홀(동탄복합문화센터),0.9653284671532848,1,529.0,529.0,8986.767485822305,4754000.0,5,무용+서양음악,무용,서양음악,0.6892361111111112,0.459375,0.28125,49.98534471359727,49.186953328894404,0.6623376623376623,False
퍼커셔니즘 [충북],복합,충청,증평문화회관,0.902439024390244,1,444.0,444.0,608.1081081081081,270000.0,2,대중음악+한국음악,대중음악,한국음악,0.5347222222222222,0.41527777777777775,0.6128472222222222,50.297533833252494,48.94559854048622,0.8,False
동물의 사육제와 피터와 늑대,복합,충청,천안어린이꿈누리터(구. 천안시 어린이 회관),0.8500000000000001,2,510.0,250.0,4076.470588235294,1039500.0,5,무용+대중무용,무용,대중무용,0.4583333333333333,0.6045138888888889,0.4444444444444444,50.18655038439137,48.834615091625096,0.78,False
"판소리 오페라, 소월 [고양]",복합,경인,고양아람누리,1.0,1,304.0,304.0,9013.157894736842,2740000.0,6,서양음악+뮤지컬,서양음악,뮤지컬,0.8541666666666666,0.34140625,0.27951388888888884,49.5586960220361,48.760304637333235,0.6493506493506493,False
오셀로: 소리의 심리학,복합,서울,성미산마을극장 향,0.7920792079207921,4,320.0,80.0,625.0,50000.0,2,뮤지컬+연극,뮤지컬,연극,0.3854166666666667,0.5506944444444445,0.6111111111111112,47.88632407193176,48.60575335780584,0.6608695652173913,False
피아노선생님이 들려주는 국악이야기 [김해],복합,영남,김해서부문화센터,0.9044862518089724,1,625.0,625.0,8352.0,5220000.0,5,한국음악+서양음악,한국음악,서양음악,0.546875,0.5067708333333334,0.3055555555555556,47.39709590619976,47.944598713915006,0.654320987654321,False
"서울 컬쳐 클럽 예술 축제, ...한 당신을 위하여 건배!",복합,서울,을지공간,0.8888888888888888,3,120.0,40.0,5666.666666666667,226666.66666666663,2,연극+서양음악,연극,서양음악,0.5052083333333334,0.47335069444444444,0.3836805555555556,46.73795887102362,47.4573881568977,0.6521739130434783,False
미야자키 하야오 영화음악 콘서트 with 샌드애니메이션 [과천],복합,경인,과천시민회관,1.0,1,929.0,929.0,22684.607104413342,21074000.0,5,서양음악+연극,서양음악,연극,0.8541666666666666,0.5741319444444444,0.09722222222222221,48.12839583176455,47.33000444706168,0.6363636363636364,False
방과후 공연놀이터,복합,서울,노원어린이극장 (구.노원어울림극장),0.7078431372549019,8,2888.0,166.0,4160.664819944598,1502000.0,6,무용+대중음악,무용,대중음악,0.3168402777777778,0.790625,0.44010416666666663,46.5992534924967,47.31868277837078,0.6304347826086957,False
방과후 공연놀이터,복합,서울,노원어린이극장(구.노원어울림극장),0.7078431372549019,8,2888.0,166.0,4160.664819944598,1502000.0,6,무용+대중음악,무용,대중음악,0.3168402777777778,0.790625,0.44010416666666663,46.5992534924967,47.31868277837078,0.6304347826086957,False
방과후 공연놀이터,복합,서울,노원어린이극장 (구.노원어울림극장),0.7078431372549019,8,2888.0,166.0,4160.664819944598,1502000.0,6,무용+대중음악,무용,대중음악,0.3168402777777778,0.790625,0.44010416666666663,46.5992534924967,47.31868277837078,0.6304347826086957,False
방과후 공연놀이터,복합,서울,노원어린이극장(구.노원어울림극장),0.7078431372549019,8,2888.0,166.0,4160.664819944598,1502000.0,6,무용+대중음악,무용,대중음악,0.3168402777777778,0.790625,0.44010416666666663,46.5992534924967,47.31868277837078,0.6304347826086957,False
One Free Drink Concert [대전],복합,충청,조이마루아트홀(복합문화공간 플랜에이),0.7653061224489796,3,450.0,150.0,366.6666666666667,55000.0,5,서양음악+대중음악,서양음악,대중음악,0.3697916666666667,0.5916666666666667,0.6371527777777778,48.602253478733275,47.250318185967004,0.76,False
판타스틱 [남해],복합,영남,남해문화센터 (구. 남해군문화체육센터),0.7692307692307693,1,700.0,700.0,937.1428571428572,656000.0,7,연극+한국음악,연극,한국음악,0.3732638888888889,0.5348958333333333,0.5902777777777778,46.39943597432657,46.94693878204182,0.6419753086419753,False
"몽골국립예술단 초청공연, Nomad, met as art [예산]",복합,충청,충남도청 문예회관,0.8229665071770335,1,688.0,688.0,1625.7267441860463,1118500.0,8,무용+대중음악,무용,대중음악,0.4236111111111111,0.5265625,0.5555555555555556,48.26010669231717,46.9081713995509,0.74,False
"손병호 & 최지연과 함께하는 여민락 콘서트, 지금 뛰다: NOW JUMP [세종] (8월)",복합,충청,세종예술의전당,0.900093370681606,1,964.0,964.0,8809.128630705394,8492000.0,1,연극+한국음악,연극,한국음악,0.5243055555555556,0.5789930555555556,0.2899305555555556,48.21780969075828,46.86587439799201,0.72,False
"안산시립예술단 기획연주회, 목요보노음악회",복합,경인,보노마루,0.75,8,1218.0,149.0,5451.559934318555,830000.0,1,연극+서양음악,연극,서양음악,0.3645833333333333,0.7457465277777777,0.390625,47.48620969770435,46.687818313001486,0.6233766233766234,False
김봉곤 훈장과 함께하는 NEW 조선통신사,복합,호남,무안승달문화예술회관,0.8882466281310212,1,461.0,461.0,5450.108459869848,2512500.0,2,한국음악+무용,한국음악,무용,0.4965277777777778,0.42421875,0.39236111111111116,44.82994845220483,46.65754781219291,0.8064516129032258,False
"바리톤 정 경의 오페라마, 정신나간 작곡가와 키스하다",복합,경인,부천아트센터,1.0,1,304.0,304.0,11523.026315789471,3503000.0,0,서양음악+무용,서양음악,무용,0.8541666666666666,0.34140625,0.22048611111111116,47.262363902895,46.46397251819213,0.6103896103896104,False
"수성아트피아 렉처콘서트 시리즈, 정호승의 작업노트",복합,영남,수성아트피아,1.0232558139534884,1,308.0,1.0,12162.337662337664,3746000.0,3,서양음악+한국음악,서양음악,한국음악,0.9739583333333334,0.27118055555555554,0.21180555555555558,45.88504168860824,46.43254449632349,0.6296296296296297,False
페페의 꿈 [부산],복합,영남,금정문화회관,0.8352272727272727,1,735.0,735.0,5355.102040816327,3936000.0,5,뮤지컬+연극,뮤지컬,연극,0.4305555555555556,0.5396701388888889,0.39583333333333337,45.820576331357934,46.36807913907318,0.6172839506172839,False
동물의 사육제 & 피터와 늑대 [광양],복합,호남,광양시문화예술회관,0.8510204081632653,1,417.0,417.0,3000.0,1251000.0,3,연극+서양음악,연극,서양음악,0.4600694444444444,0.40303819444444444,0.49045138888888884,44.48984483465199,46.31744419464007,0.7741935483870968,False
"일상으로 녹아내린 V, Real K-pop",복합,영남,해운대문화회관,0.8733624454148472,1,400.0,400.0,2075.0,830000.0,6,무용+서양음악,무용,서양음악,0.4756944444444444,0.39557291666666666,0.5277777777777778,45.53204412888759,46.07954693660284,0.6049382716049383,False
한일 교류음악회,복합,서울,국립국악원,1.0,1,231.0,231.0,11445.887445887443,2644000.0,7,한국음악+서양음악,한국음악,서양음악,0.8541666666666666,0.30086805555555557,0.2222222222222222,45.28801687502974,46.00744616090382,0.6086956521739131,False
"전원경의 아트살롱, 그림콘서트: 로마의 여름 햇살",복합,충청,당진문예의전당,0.94,1,282.0,282.0,3702.127659574468,1044000.0,5,서양음악+뮤지컬,서양음악,뮤지컬,0.6423611111111112,0.3241319444444445,0.4565972222222222,47.22369370699225,45.87175841422598,0.7,False
"일루젼매지컬, 몽환록 [대전]",복합,충청,대전시립연정국악원,0.92,1,690.0,690.0,10736.231884057972,7408000.0,6,한국음악+대중음악,한국음악,대중음악,0.5920138888888888,0.5274305555555556,0.2309027777777778,47.096977277795446,45.745041985029175,0.68,False
제10회 이데일리 문화대상 시상식,복합,서울,세종문화회관,0.957974851091992,1,2895.0,1608.0,23595.854922279792,68310000.0,3,서양음악+대중음악,서양음악,대중음악,0.6736111111111112,0.6657986111111112,0.09027777777777779,44.881807708874724,45.6012369947488,0.6,False
"키즈콘서트2, 클래식 in 발레 [화성]",복합,경인,반석아트홀(동탄복합문화센터),0.9635036496350364,1,528.0,528.0,13306.818181818182,7026000.0,5,서양음악+뮤지컬,서양음악,뮤지컬,0.6796875,0.4583333333333333,0.19444444444444442,46.10115332549682,45.30276194079395,0.5974025974025974,False
"춘하추동, 디톡스 콘서트 [보성]",복합,호남,보성군문화예술회관,0.8048289738430584,1,400.0,400.0,1312.0,524800.0,6,대중음악+한국음악,대중음악,한국음악,0.4097222222222222,0.39557291666666666,0.5763888888888888,43.33039979838068,45.15799915836876,0.7419354838709677,False
JAZZ & 국악 with 웅산 [장흥],복합,호남,장흥문화예술회관,0.8387096774193549,1,416.0,416.0,3076.923076923077,1280000.0,5,한국음악+대중음악,한국음악,대중음악,0.4357638888888889,0.4017361111111111,0.4878472222222222,43.321065459895244,45.14866481988332,0.7096774193548387,False
"팀 퍼니스트 서커스 음악극: 체어,테이블,체어 [광주]",복합,호남,광주북구문화센터(양산도서관),0.9151193633952256,1,345.0,345.0,8608.695652173914,2970000.0,3,뮤지컬+한국음악,뮤지컬,한국음악,0.5798611111111112,0.36354166666666665,0.29513888888888884,43.02244103071695,44.850040390705026,0.6774193548387096,False
타악 & DJ퍼포먼스: BEAT OF SCHOOL,복합,호남,전주한벽문화관,0.8212765957446808,2,386.0,20.0,6953.367875647668,1342000.0,4,서양음악+한국음악,서양음악,한국음악,0.421875,0.5069444444444445,0.3368055555555556,43.007548095871265,44.83514745585934,0.6451612903225806,False
꿈꾸는 어린이 예술극장 [공주],복합,충청,공주문예회관,0.6868044515103339,4,1728.0,432.0,3567.708333333333,1541250.0,5,대중무용+무용,대중무용,무용,0.2951388888888889,0.8171875,0.46354166666666663,46.136245872051504,44.78431057928523,0.66,False
"모도다프로젝트, 감정: 팔이",복합,서울,서울돈화문국악당,0.9637681159420288,1,133.0,133.0,4210.526315789473,560000.0,6,무용+한국음악,무용,한국음악,0.6822916666666666,0.2536458333333333,0.43229166666666663,44.047534991721896,44.766964277595974,0.591304347826087,False
그림자극과 함께하는 동물의 사육제,복합,서울,영산아트홀,0.7809364548494984,1,467.0,467.0,449.67880085653104,210000.0,4,서양음악+연극,서양음악,연극,0.3819444444444444,0.4263888888888889,0.6319444444444444,43.90034432189241,44.61977360776649,0.5826086956521739,False
"강릉아트센터 기획공연, 스트라빈스키의 병사이야기",복합,기타,강릉아트센터 (구. 강릉문화예술관),0.8987012987012987,2,692.0,347.0,15005.78034682081,5192000.0,7,연극+대중음악,연극,대중음악,0.5173611111111112,0.6760416666666667,0.16493055555555558,45.20205069050876,44.456962900320605,0.7272727272727273,False
"춘향, 날개를 뜯긴 새 [서울]",복합,서울,국립정동극장,0.8190184049079755,3,801.0,267.0,12521.847690387016,3343333.333333333,2,무용+한국음악,무용,한국음악,0.4201388888888889,0.7030381944444444,0.203125,43.503289240734155,44.22271852660823,0.5739130434782609,False
늦은 여름밤의 군민응원콘서트 [옥천],복합,충청,옥천문화예술회관,1.0,1,478.0,478.0,18933.05439330544,9050000.0,3,대중음악+연극,대중음악,연극,0.8541666666666666,0.43125,0.12152777777777779,45.52861906406599,44.17668377129972,0.64,False
"전원경의 아트살롱, 그림콘서트: 봄을 맞은 파리",복합,충청,당진문예의전당,0.9133333333333332,1,274.0,274.0,2795.620437956205,766000.0,5,서양음악+한국음악,서양음악,한국음악,0.5729166666666666,0.3189236111111111,0.49826388888888884,45.3861530773106,44.03421778454433,0.62,False
장사익과 함께하는 이브닝 콘서트: 만추 [용인],복합,경인,용인시문화예술회관,0.9680511182108626,1,606.0,606.0,18021.45214521452,10921000.0,4,한국음악+서양음악,한국음악,서양음악,0.7005208333333334,0.5011284722222222,0.13368055555555558,44.733749435359,43.935358050656134,0.5844155844155844,False
세종국악심포니오케스트라 & 김경호의 아리랑목동 [무안],복합,호남,무안승달문화예술회관,0.9094412331406552,1,472.0,472.0,12245.762711864409,5780000.0,2,한국음악+연극,한국음악,연극,0.5572916666666666,0.4298611111111111,0.20833333333333337,41.79783184885307,43.62543120884115,0.6129032258064516,False
"The Strangers Strange Songs, 이방인의 낯선 노래",복합,서울,선릉문화공간 제이드409,1.0,1,80.0,80.0,9750.0,780000.0,0,서양음악+한국음악,서양음악,한국음악,0.8541666666666666,0.234375,0.26041666666666663,42.8348138210941,43.55424310696818,0.5652173913043478,False
송년행복콘서트,복합,영남,울산문화예술회관,0.688375350140056,1,983.0,983.0,1240.3865717192268,1219300.0,5,서양음악+대중음악,서양음악,대중음악,0.296875,0.5833333333333334,0.578125,42.96683459897076,43.51433740668601,0.5925925925925926,False
고3 수험생을 위한 힐링 콘서트 [구리],복합,경인,구리아트홀,0.9642857142857144,3,810.0,270.0,29827.16049382716,8053333.333333333,8,무용+대중음악,무용,대중음악,0.6840277777777778,0.7051215277777777,0.07291666666666663,44.18154864504147,43.3831572603386,0.5714285714285714,False
"신춘콘서트, 국악과 트로트의 만남 [함양]",복합,영남,함양문화예술회관,1.0,1,486.0,486.0,23659.25925925926,11498400.0,2,한국음악+뮤지컬,한국음악,뮤지컬,0.8541666666666666,0.43819444444444444,0.08680555555555558,42.804269168153766,43.35177197586901,0.5802469135802469,False
"Chair, Table,  Chair",복합,경인,인천수봉문화회관,0.93125,1,149.0,149.0,2550.3355704697988,380000.0,4,연극+대중음악,연극,대중음악,0.6223958333333334,0.26067708333333334,0.5069444444444444,44.05123378869853,43.252842403995665,0.5584415584415584,False
춘하추동 디톡스 콘서트,복합,영남,상주문화회관,0.841796875,1,431.0,431.0,4791.183294663573,2065000.0,4,대중음악+뮤지컬,대중음악,뮤지컬,0.4427083333333333,0.4098958333333333,0.42013888888888884,42.644916309515665,43.19241911723091,0.5679012345679012,False
"돈키호테, 엉뚱하면 어때? [남양주]",복합,경인,다산아트홀,0.907258064516129,1,450.0,450.0,8814.666666666666,3966600.0,3,연극+뮤지컬,연극,뮤지컬,0.5520833333333334,0.41640625,0.28645833333333337,43.86775531407044,43.069363929367576,0.5454545454545454,False
기원: 더 비기닝,복합,서울,소월아트홀 (성동문화회관),0.7269230769230769,2,756.0,378.0,9149.20634920635,3458400.0,5,대중음악+한국음악,대중음악,한국음악,0.3454861111111111,0.6942708333333334,0.2743055555555556,42.118782594015656,42.838211879889734,0.5565217391304348,False
진조크루 X 악단광칠: 리듬 오브 코리아 [대구],복합,영남,어울아트센터(구. 대구북구문예회관),0.9247058823529412,1,393.0,393.0,11908.396946564886,4680000.0,5,한국음악+대중음악,한국음악,대중음악,0.6006944444444444,0.3921875,0.21701388888888884,42.209911779086504,42.75741458680175,0.5555555555555556,False
미야자키 하야오 영화음악 콘서트 with 샌드애니메이션 [창원],복합,영남,성산아트홀,0.9694117647058824,1,1648.0,1648.0,32158.980582524277,52998000.0,2,서양음악+대중음악,서양음악,대중음악,0.7083333333333334,0.6434027777777778,0.0625,42.1455751931445,42.69307800085975,0.5432098765432098,False
"김수인, 이승민 극락 콘서트 [평택]",복합,경인,한국소리터,0.9012567324955116,1,502.0,502.0,9434.262948207172,4736000.0,5,한국음악+대중음악,한국음악,대중음악,0.5277777777777778,0.44704861111111105,0.26736111111111116,43.46571269766763,42.66732131296476,0.5324675324675324,False
"체어, 테이블, 체어 [김포]",복합,경인,통진두레문화센터,1.0,1,217.0,217.0,13668.20276497696,2966000.0,4,연극+무용,연극,무용,0.8541666666666666,0.29305555555555557,0.18923611111111116,43.453770589695644,42.65537920499278,0.5194805194805194,False
송년음악회 [논산],복합,충청,건양대학교,0.7366666666666666,1,1768.0,1025.0,5769.2307692307695,10200000.0,4,대중음악+서양음악,대중음악,서양음악,0.3567708333333333,0.6304687499999999,0.3741319444444444,43.960478426103,42.60854313333673,0.57,False
송년음악회 [논산],복합,충청,건양대학교,0.7366666666666666,1,1768.0,1025.0,5769.2307692307695,10200000.0,4,대중음악+서양음악,대중음악,서양음악,0.3567708333333333,0.6304687499999999,0.3741319444444444,43.960478426103,42.60854313333673,0.57,False
송년음악회 [논산],복합,충청,건양대학교,0.7366666666666666,1,1768.0,1025.0,5769.2307692307695,10200000.0,4,대중음악+서양음악,대중음악,서양음악,0.3567708333333333,0.6304687499999999,0.3741319444444444,43.960478426103,42.60854313333673,0.57,False
송년음악회 [논산],복합,충청,건양대학교,0.7366666666666666,1,1768.0,1025.0,5769.2307692307695,10200000.0,4,대중음악+서양음악,대중음악,서양음악,0.3567708333333333,0.6304687499999999,0.3741319444444444,43.960478426103,42.60854313333673,0.57,False
호두까기 인형 [화성],복합,경인,반석아트홀 (동탄복합문화센터),0.9635036496350364,2,1056.0,528.0,33664.77272727273,17775000.0,5,연극+서양음악,연극,서양음악,0.6796875,0.7565972222222221,0.05729166666666663,43.02888857344544,42.230497188742575,0.5064935064935064,False
"피카스 그림동화 음악회, 엄마 찾아 삼만리",복합,서울,예술의전당 [서울],1.0,1,354.0,354.0,22259.88700564972,7880000.0,10,서양음악+연극,서양음악,연극,0.8541666666666666,0.3672743055555555,0.10069444444444442,41.45166426126611,42.17109354714019,0.5478260869565217,False
국립정동극장 신년음악회,복합,서울,국립정동극장,1.0,1,652.0,326.0,29852.76073619632,19464000.0,2,한국음악+대중음악,한국음악,대중음악,0.8541666666666666,0.4506076388888889,0.06857638888888884,41.234296891740996,41.953726177615074,0.5260869565217391,False
국립정동극장 신년음악회,복합,서울,국립정동극장,1.0,1,652.0,326.0,29852.76073619632,19464000.0,2,한국음악+대중음악,한국음악,대중음악,0.8541666666666666,0.4506076388888889,0.06857638888888884,41.234296891740996,41.953726177615074,0.5260869565217391,False
국립정동극장 신년음악회,복합,서울,국립정동극장,1.0,1,652.0,326.0,29852.76073619632,19464000.0,2,한국음악+대중음악,한국음악,대중음악,0.8541666666666666,0.4506076388888889,0.06857638888888884,41.234296891740996,41.953726177615074,0.5260869565217391,False
국립정동극장 신년음악회,복합,서울,국립정동극장,1.0,1,652.0,326.0,29852.76073619632,19464000.0,2,한국음악+대중음악,한국음악,대중음악,0.8541666666666666,0.4506076388888889,0.06857638888888884,41.234296891740996,41.953726177615074,0.5260869565217391,False
Re:born과 함께하는 Refresh Concert,복합,영남,영도문화예술회관,0.925,1,148.0,148.0,5270.27027027027,780000.0,3,서양음악+연극,서양음악,연극,0.6024305555555556,0.2592013888888889,0.4027777777777778,41.375600500218354,41.9231033079336,0.5308641975308642,False
송년음악회 [칠곡군],복합,영남,칠곡군교육문화회관,0.8492957746478873,1,603.0,1.0,4336.65008291874,2615000.0,4,서양음악+뮤지컬,서양음악,뮤지컬,0.453125,0.3605034722222222,0.4288194444444444,41.368646601204716,41.91614940891996,0.5185185185185185,False
"더 하우스 콘서트, 해금과 재즈피아노의 만남 [양산]",복합,영남,쌍벽루아트홀,0.968,1,242.0,242.0,11950.413223140496,2892000.0,3,서양음악+한국음악,서양음악,한국음악,0.6979166666666666,0.3043402777777778,0.2152777777777778,41.25601232389619,41.80351513161144,0.5061728395061729,False
"싱잉볼 콘서트, 하늘소리: 소망을 하늘로",복합,서울,서울아트센터,0.9390581717451524,1,1017.0,1017.0,26841.69124877089,27298000.0,0,연극+대중음악,연극,대중음악,0.640625,0.5888888888888889,0.07986111111111116,41.015734475501056,41.735163761375134,0.5043478260869565,False
"서울신문 창간 120주년 기념, 봄날음악회",복합,서울,롯데콘서트홀,0.831532416502947,1,1693.0,1693.0,14936.79858239811,25288000.0,6,대중음악+한국음악,대중음악,한국음악,0.4288194444444444,0.6439236111111111,0.1684027777777778,41.00958590955957,41.72901519543365,0.4956521739130435,False
발레와 스트리트 댄스의 짜릿한 만남! 비트 온 포인트 [예천],복합,영남,예천군문화회관,0.7974683544303798,1,567.0,567.0,6430.335097001764,3646000.0,4,뮤지컬+한국음악,뮤지컬,한국음악,0.3888888888888889,0.47890625000000003,0.35416666666666663,41.05354873700568,41.601051544720924,0.49382716049382713,False
홍지민과 함께하는 판타스틱쇼 시즌2 [고령],복합,영남,경북고령대가야문화누리 (구. 대가야국악당),0.8683385579937304,1,554.0,1.0,5183.393501805054,2871600.0,4,대중음악+뮤지컬,대중음악,뮤지컬,0.4722222222222222,0.3448784722222222,0.40625,41.04948322848559,41.59698603620084,0.48148148148148145,False
에코백 [보성],복합,호남,보성군문화예술회관,0.7686116700201208,1,382.0,382.0,3109.9476439790574,1188000.0,6,뮤지컬+연극,뮤지컬,연극,0.3715277777777778,0.3876736111111111,0.48263888888888884,39.73596155866717,41.56356091865525,0.5806451612903226,False
시네마 음악회 [부산],복합,영남,(재)영화의전당,0.70675,1,2827.0,2827.0,7270.604881499823,20554000.0,8,서양음악+대중음악,서양음악,대중음악,0.3125,0.6631944444444444,0.3246527777777778,40.977045520847994,41.52454832856324,0.4691358024691358,False
에코백 [담양],복합,호남,담양문화회관,0.7194029850746269,1,482.0,482.0,3000.0,1446000.0,2,뮤지컬+연극,뮤지컬,연극,0.3368055555555556,0.43298611111111107,0.49045138888888884,39.64658114944351,41.47418050943159,0.5483870967741935,False
"최부미 Jazz Odyssey, 가려진 여정 [인천]",복합,경인,남동소래아트홀,0.7211948790896159,1,507.0,507.0,585.7988165680473,297000.0,2,뮤지컬+서양음악,뮤지컬,서양음악,0.3385416666666667,0.45208333333333334,0.6145833333333333,42.20540645526836,41.40701507056549,0.4935064935064935,False
"크리스마스 이브 송년음악회: 사랑해요, 엄마! 콘서트 [포항]",복합,영남,포항종합운동장,0.6908,1,1727.0,1727.0,7026.751592356688,12135200.0,6,대중음악+연극,대중음악,연극,0.3020833333333333,0.6465277777777778,0.33333333333333337,40.21039222336666,40.75789503108191,0.4567901234567901,False
제113회 강릉시립합창단 정기연주회,복합,기타,강릉아트센터(구. 강릉문화예술관),0.7541152263374485,1,733.0,733.0,6869.031377899045,5035000.0,7,서양음악+뮤지컬,서양음악,뮤지컬,0.3680555555555556,0.5373263888888888,0.3402777777777778,41.362911134398665,40.61782334421051,0.6363636363636364,False
"장사익 & 충남교향악단, 봄맞이 소리愛 [예산]",복합,충청,충남도청 문예회관,1.0,1,836.0,836.0,36064.59330143541,30150000.0,8,한국음악+서양음악,한국음악,서양음악,0.8541666666666666,0.562326388888889,0.05034722222222221,41.88757748397355,40.53564219120728,0.52,False
"제34회 거창국제연극제, 굿바이 햄릿 (7/30)",복합,영남,거창 수승대,0.8,1,400.0,400.0,4855.0,1942000.0,2,연극+뮤지컬,연극,뮤지컬,0.3949652777777778,0.39557291666666666,0.41666666666666663,39.9428047031395,40.49030751085475,0.4444444444444444,False
"전원경의 아트살롱, 그림콘서트: 고독한 뉴요커",복합,충청,당진문예의전당,0.8866666666666667,1,266.0,266.0,3413.533834586466,908000.0,5,뮤지컬+연극,뮤지컬,연극,0.4930555555555556,0.31484375,0.47048611111111116,41.74897080625385,40.39703551348758,0.5,False
"K-예술축제 아.우.름, 대전국악방송 개국 7년 기념 공개 음악회",복합,충청,대전시립연정국악원,0.7226666666666667,1,542.0,542.0,1845.018450184502,1000000.0,6,한국음악+서양음악,한국음악,서양음악,0.3420138888888889,0.46458333333333335,0.5399305555555556,41.71185790238766,40.35992260962139,0.48,False
"은평과 마주해, 봄 콘서트",복합,서울,은평문화예술회관,0.912981455064194,1,640.0,640.0,21309.375,13638000.0,3,대중음악+한국음악,대중음악,한국음악,0.5694444444444444,0.5123263888888888,0.10763888888888884,39.32677264625261,40.046201932126685,0.48695652173913045,False
풍류 [안성],복합,경인,안성맞춤아트홀,0.9801980198019802,1,297.0,297.0,15690.23569023569,4660000.0,7,뮤지컬+대중음악,뮤지컬,대중음악,0.7274305555555556,0.3293402777777778,0.1597222222222222,40.70567475488937,39.907283370186505,0.4805194805194805,False
COLORFULL RUN [세종],복합,충청,세종문화예술회관,0.6900237529691211,1,581.0,581.0,530.1204819277109,308000.0,2,무용+연극,무용,연극,0.2994791666666667,0.48671875,0.6215277777777778,41.077538635050686,39.725603342284415,0.46,False
모래에 이야기 꽃을 피우다 [인천],복합,경인,인천수봉문화회관,0.93125,1,149.0,149.0,7852.3489932885905,1170000.0,4,대중음악+연극,대중음악,연극,0.6223958333333334,0.26067708333333334,0.31770833333333337,40.12099770994046,39.322606325237594,0.4675324675324675,False
"The Strangers Strange Songs, 이방인의 낯선 노래 BY 서린사랑",복합,서울,서울돈화문국악당,0.9420289855072465,1,130.0,130.0,9907.692307692309,1288000.0,6,서양음악+뮤지컬,서양음악,뮤지컬,0.6475694444444444,0.25121527777777775,0.2534722222222222,38.537279066472216,39.256708352346294,0.4782608695652174,False
"발레 & 스트릿, 비트 온 포인트",복합,서울,강북문화예술회관,0.842814371257485,1,563.0,563.0,13591.474245115453,7652000.0,7,무용+서양음악,무용,서양음악,0.4461805555555556,0.47508680555555555,0.1909722222222222,38.48968594267868,39.20911522855276,0.46956521739130436,False
라임의 왕 김삿갓 [춘천],복합,기타,춘천문화예술회관,0.5893617021276596,2,1108.0,554.0,3122.743682310469,1730000.0,3,연극+뮤지컬,연극,뮤지컬,0.2204861111111111,0.7661458333333333,0.4809027777777778,39.85125652602457,39.10616873583641,0.5454545454545454,False
"K-클래식 콘서트 3, 충남예술고등학교 [천안]",복합,충청,천안예술의전당,0.7101096224116931,1,1166.0,1166.0,8012.006861063464,9342000.0,3,대중음악+뮤지컬,대중음악,뮤지컬,0.328125,0.6118055555555555,0.3125,40.41126024907946,39.05932495631319,0.44,False
영남국악관현악단의 The Big Concert,복합,영남,해운대문화회관,0.9847161572052402,1,451.0,451.0,26940.133037694013,12150000.0,6,한국음악+뮤지컬,한국음악,뮤지컬,0.7309027777777778,0.41796875,0.078125,38.43219293846884,38.979695746184085,0.43209876543209874,False
봄 ＆ 희망 콘서트 [대구],복합,영남,대구오페라하우스,0.6429530201342282,1,958.0,958.0,4192.066805845511,4016000.0,4,서양음악+무용,서양음악,무용,0.2638888888888889,0.5776041666666667,0.43576388888888884,38.37605746266013,38.923560270375376,0.41975308641975306,False
JAZZ & 국악 With 웅산 [인천],복합,경인,남동소래아트홀,0.829302987197724,1,583.0,583.0,10580.617495711836,6168500.0,2,한국음악+뮤지컬,한국음악,뮤지컬,0.4270833333333333,0.4888888888888889,0.234375,39.71334751561763,38.91495613091476,0.45454545454545453,False
"꿈 같은 마술이야기, 몽환록 [세종]",복합,충청,세종문화예술회관,0.6805225653206651,1,573.0,573.0,1396.1605584642234,800000.0,2,연극+뮤지컬,연극,뮤지컬,0.2907986111111111,0.4813368055555555,0.5711805555555556,39.70346457174914,38.351529278982866,0.42,False
"신년음악회, 뮤지컬 콘서트",복합,제주,서귀포예술의전당,0.8403990024937655,1,674.0,674.0,14657.270029673591,9879000.0,5,대중음악+연극,대중음악,연극,0.4392361111111111,0.5236111111111111,0.17361111111111116,38.7956219942856,38.302679106938356,0.5,False
"제6회 마포 M국악 페스티벌, 꼬레아 리듬터치 Ⅲ: 첼로가야금 2.0 콘서트",복합,서울,마포아트센터,0.9303482587064676,1,187.0,187.0,12192.513368983957,2280000.0,3,한국음악+무용,한국음악,무용,0.6128472222222222,0.27934027777777776,0.21006944444444442,37.57749481076202,38.2969240966361,0.4608695652173913,False
"서울예술단 송년갈라, SPACon",복합,서울,국립극장,1.0,1,1221.0,1221.0,46656.838656838656,56968000.0,5,뮤지컬+한국음악,뮤지컬,한국음악,0.8541666666666666,0.6178819444444444,0.02430555555555558,37.4241733175177,38.14360260339178,0.45217391304347826,False
가을날의 음악산책 [홍성],복합,충청,홍주문화회관,0.8828382838283828,1,535.0,535.0,13738.317757009348,7350000.0,1,서양음악+뮤지컬,서양음악,뮤지컬,0.4904513888888889,0.4615451388888889,0.18229166666666663,39.39095522252613,38.03901992975986,0.4,False
뮤지컬배우 박해미와 함께하는 열린음악회 [부안],복합,호남,부안예술회관,0.7114228456913828,1,355.0,355.0,4450.704225352113,1580000.0,1,뮤지컬+연극,뮤지컬,연극,0.3298611111111111,0.36987847222222225,0.4253472222222222,36.12587645449596,37.95347581448404,0.5161290322580645,False
즉흥공감극장(Playback Theatre)봄 정기공연,복합,서울,꿈의숲아트센터,0.6666666666666666,3,566.0,182.0,8904.59363957597,1680000.0,8,연극+서양음악,연극,서양음악,0.2760416666666667,0.6356770833333333,0.2847222222222222,37.19252431402313,37.91195359989721,0.4434782608695652,False
세종이네 복숭아나무,복합,충청,세종문화예술회관,0.6805225653206651,1,573.0,573.0,1853.4031413612563,1062000.0,2,서양음악+한국음악,서양음악,한국음악,0.2907986111111111,0.4813368055555555,0.5381944444444444,39.23390757386069,37.88197228109442,0.38,False
에코백 [천안],복합,충청,천안어린이꿈누리터(구. 천안시 어린이 회관),0.7041666666666667,4,845.0,211.0,10757.396449704142,2272500.0,5,뮤지컬+대중무용,뮤지컬,대중무용,0.3107638888888889,0.711111111111111,0.22916666666666663,39.06628810339307,37.7143528106268,0.36,False
"신라, 천년의 비상 [울산]",복합,영남,울산문화예술회관,0.7330508474576272,1,346.0,346.0,3947.398843930636,1365800.0,5,서양음악+한국음악,서양음악,한국음악,0.3472222222222222,0.36440972222222223,0.44791666666666663,37.15945273632846,37.70695554404371,0.4074074074074074,False
"렉처콘서트, 차인표의 여행스케치 [태백]",복합,기타,태백문화예술회관,0.9852216748768472,1,200.0,200.0,16520.0,3304000.0,5,대중음악+서양음악,대중음악,서양음악,0.7326388888888888,0.28498263888888886,0.1519097222222222,38.43297828998743,37.68789049979927,0.45454545454545453,False
첼로가야금 2.0 콘서트 [용인],복합,경인,용인문화예술원,0.8896551724137931,1,258.0,258.0,8410.852713178294,2170000.0,5,한국음악+무용,한국음악,무용,0.5069444444444444,0.30963541666666666,0.3003472222222222,38.41975668705596,37.62136530235309,0.44155844155844154,False
"브람스의 구연동화 연가곡, 아름다운 마겔로네",복합,서울,거암아트홀,0.7986111111111112,1,115.0,115.0,547.8260869565217,63000.0,5,서양음악+한국음악,서양음악,한국음악,0.390625,0.24618055555555554,0.6180555555555556,36.42808406438544,37.147513350259516,0.43478260869565216,False
"제34회 거창국제연극제: 체어, 테이블, 체어 (08.05)",복합,영남,거창 수승대,0.8,1,400.0,400.0,9540.0,3816000.0,2,연극+한국음악,연극,한국음악,0.3949652777777778,0.39557291666666666,0.26388888888888884,36.45566511578478,37.00316792350003,0.3950617283950617,False
을숙도문화회관 재개관기념 공연,복합,영남,을숙도문화회관,0.8549511854951185,1,613.0,613.0,19548.123980424145,11983000.0,4,서양음악+대중음악,서양음악,대중음악,0.4652777777777778,0.5041666666666667,0.11805555555555558,36.37380805073292,36.921310858448166,0.38271604938271603,False
비르투오소 인 클래식 [하남],복합,경인,하남문화예술회관,0.8028169014084507,1,285.0,285.0,5600.0,1596000.0,4,서양음악+대중음악,서양음악,대중음악,0.4079861111111111,0.32586805555555554,0.38541666666666663,37.28560075168914,36.48720936698627,0.42857142857142855,False
소리가 춤을 부른다,복합,서울,국립국악원,0.96048632218845,2,632.0,632.0,97310.12658227848,30750000.0,7,한국음악+무용,한국음악,무용,0.6753472222222222,0.7223958333333333,0.02430555555555558,35.56310277359107,36.28253205946515,0.4260869565217391,False
ACC 송년음악회,복합,호남,국립아시아문화전당,0.7351694915254238,1,694.0,694.0,16554.755043227666,11489000.0,6,서양음악+대중음악,서양음악,대중음악,0.3524305555555556,0.531076388888889,0.14930555555555558,34.26125291524236,36.08885227523044,0.4838709677419355,False
몽환록: 꿈 같은 마술 이야기 [세종],복합,충청,세종예술의전당,0.8534080298786181,1,914.0,430.0,18026.25820568928,16476000.0,1,연극+서양음악,연극,서양음악,0.4635416666666667,0.5098958333333333,0.13194444444444442,37.27663351390227,35.924698221136,0.34,False
"H-issue vol.1, 아트필드: 청 with 오정해 [하남]",복합,경인,하남문화예술회관,0.8057080131723381,1,734.0,734.0,17258.85558583106,12668000.0,4,서양음악+한국음악,서양음악,한국음악,0.4131944444444444,0.5381944444444444,0.1440972222222222,36.71380176009596,35.915410375393094,0.4155844155844156,False
제1회 Physical Performance Festival 피지컬 퍼포먼스 페스티벌,복합,서울,공간아울,0.5813953488372093,11,1100.0,100.0,8681.818181818182,868181.8181818182,2,뮤지컬+연극,뮤지컬,연극,0.21354166666666666,0.7342881944444444,0.2934027777777778,35.060113516183385,35.77954280205746,0.41739130434782606,False
"체어, 테이블, 체어 [서울]",복합,서울,강동아트센터,0.944,1,236.0,236.0,20432.20338983051,4822000.0,7,연극+뮤지컬,연극,뮤지컬,0.6527777777777778,0.3034722222222222,0.11111111111111116,35.037857458819545,35.75728674469362,0.40869565217391307,False
"단오장단과 함께하는 피아노의 향연, 일곱 번째 이야기",복합,기타,강릉아트센터(구. 강릉문화예술관),0.6018518518518519,1,585.0,585.0,897.4358974358975,525000.0,7,대중음악+연극,대중음악,연극,0.2326388888888889,0.48975694444444445,0.5920138888888888,36.38870764685599,35.64361985666783,0.36363636363636365,False
"피카스 그림동화 음악회, 장난감 병정과 발레리나",복합,서울,예술의전당 [서울],1.0,1,100.0,100.0,23610.0,2361000.0,10,서양음악+한국음악,서양음악,한국음악,0.8541666666666666,0.24210069444444443,0.08854166666666663,34.91582672318868,35.63525600906276,0.4,False
첼로가야금 [양주],복합,경인,양주문화예술회관,0.8520900321543409,1,265.0,265.0,9056.603773584906,2400000.0,3,한국음악+뮤지컬,한국음악,뮤지컬,0.4618055555555556,0.31354166666666666,0.2777777777777778,36.42918545668414,35.63079407198127,0.4025974025974026,False
"국립정동극장 예술단, 모던정동",복합,서울,국립정동극장,0.8159509202453987,4,1064.0,266.0,32744.36090225564,8710000.0,2,서양음악+한국음악,서양음악,한국음악,0.4184027777777778,0.7428819444444444,0.06076388888888884,34.77511660248631,35.494545888360385,0.391304347826087,False
김동규와 함께하는 신년 음악회,복합,영남,울주문화예술회관,0.8811369509043928,1,341.0,341.0,15958.944281524926,5442000.0,5,서양음악+한국음악,서양음악,한국음악,0.4861111111111111,0.36041666666666666,0.15625,34.88805069914087,35.43555350685612,0.37037037037037035,False
빛고을 뮤직페스티벌 [광주],복합,호남,빛고을시민문화관,0.4321678321678321,5,1545.0,1.0,1572.8155339805826,486000.0,1,대중음악+한국음악,대중음악,한국음악,0.14756944444444445,0.7165798611111112,0.5607638888888888,33.507885002279146,35.33548436226722,0.45161290322580644,False
봄의향연 [오산],복합,경인,오산문화예술회관,1.0,1,800.0,800.0,37792.5,30234000.0,2,대중음악+뮤지컬,대중음악,뮤지컬,0.8541666666666666,0.5559895833333334,0.02430555555555558,36.06688361424904,35.268492229546176,0.38961038961038963,False
"제2회 시민과 함께하는 남양주 예술제, 함께 피어 아름다운 꽃 예술花",복합,경인,다산아트홀,0.6794354838709677,1,337.0,337.0,979.2284866468842,330000.0,2,한국음악+무용,한국음악,무용,0.2881944444444444,0.3578125,0.5885416666666667,35.858605220707325,35.06021383600446,0.37662337662337664,False
김준수 X 두번째달 콘서트 [광주],복합,호남,예술의 전당 [광주] (구. 광주문화예술회관),0.8432539682539683,1,425.0,425.0,19032.941176470587,8089000.0,8,한국음악+대중음악,한국음악,대중음악,0.4479166666666667,0.40555555555555556,0.11979166666666663,33.23086880617841,35.058468166166485,0.41935483870967744,False
"제23회 전주세계소리축제, 소리썸머나잇 DAY1",복합,호남,한국소리문화의전당,0.4285714285714285,1,3000.0,3000.0,426.6666666666667,1280000.0,8,한국음악+무용,한국음악,무용,0.1449652777777778,0.6668402777777778,0.6336805555555556,33.2162431477892,35.04384250777728,0.3870967741935484,False
얼씨구! 브라보! 좋다! [세종],복합,충청,비오케이아트센터(BOK아트센터),0.7772727272727272,1,171.0,171.0,1988.3040935672516,340000.0,9,서양음악+뮤지컬,서양음악,뮤지컬,0.3784722222222222,0.2737847222222222,0.5329861111111112,36.18692717886896,34.83499188610269,0.32,False
"탱고, 매혹",복합,서울,마포아트센터,0.9800796812749004,1,984.0,984.0,38837.60162601626,38216200.0,3,서양음악+대중음악,서양음악,대중음악,0.7256944444444444,0.5842013888888888,0.02430555555555558,34.10179383476919,34.82122312064327,0.3826086956521739,False
ACC 브런치콘서트 (패키지),복합,호남,국립아시아문화전당,0.7220052083333334,3,1109.0,506.0,30802.52479711452,11386666.666666666,6,연극+대중음악,연극,대중음악,0.3402777777777778,0.7894965277777778,0.06423611111111116,32.73056793755894,34.558167297547016,0.3548387096774194,False
"제33회 거창국제연극제, 보드빌의 갈매기",복합,영남,거창 수승대,0.66,1,330.0,330.0,2142.4242424242425,707000.0,2,연극+한국음악,연극,한국음악,0.2690972222222222,0.3534722222222222,0.5225694444444444,33.80744114548684,34.35494395320209,0.35802469135802467,False
"가족과 함께하는 카툰 콘서트, 셜록홈즈 [당진]",복합,충청,당진문예의전당,0.6383616383616384,1,639.0,639.0,5724.5696400625975,3658000.0,5,서양음악+대중음악,서양음악,대중음악,0.2604166666666667,0.5114583333333333,0.3819444444444444,35.606933969496666,34.254998676730395,0.3,False
힐링음악회 [안산],복합,경인,안산문화예술의전당,0.8900190718372537,1,1400.0,1400.0,35714.28571428572,50000000.0,6,대중무용+무용,대중무용,무용,0.5086805555555556,0.6276041666666666,0.05381944444444442,34.93640311566708,34.138011730964216,0.36363636363636365,False
"제23회 전주세계소리축제, 소리썸머나잇 DAY2",복합,호남,한국소리문화의전당,0.4285714285714285,1,3000.0,3000.0,1706.6666666666667,5120000.0,8,무용+연극,무용,연극,0.1449652777777778,0.6668402777777778,0.5486111111111112,32.272258128832206,34.099857488820284,0.3225806451612903,False
단오지향,복합,기타,강릉아트센터(구. 강릉문화예술관),0.4639917695473251,4,1804.0,421.0,3385.2549889135257,1526750.0,7,무용+뮤지컬,무용,뮤지컬,0.15625,0.8170138888888889,0.47395833333333337,34.80545762123056,34.0603698310424,0.2727272727272727,False
"신라, 천년의 비상 [경주]",복합,영남,경주예술의전당,0.5802469135802469,1,611.0,611.0,3237.315875613748,1978000.0,7,서양음악+한국음악,서양음악,한국음악,0.20833333333333334,0.5032986111111112,0.4756944444444444,33.46155083458876,34.00905364230401,0.345679012345679,False
비르투오소 인 클래식 [의정부],복합,경인,의정부예술의전당,0.8068669527896996,1,188.0,188.0,6925.531914893617,1302000.0,6,서양음악+대중음악,서양음악,대중음악,0.4149305555555556,0.2806423611111111,0.33854166666666663,34.74281408944614,33.944422704743275,0.35064935064935066,False
"한글음악집현전 시리즈3, 마법글자 한글: 뮤직 & 매직밴드를 만나다! [경산]",복합,영남,예술마을 민아트홀,0.9473684210526316,1,90.0,90.0,18444.444444444445,1660000.0,0,대중음악+서양음악,대중음악,서양음악,0.6614583333333334,0.2359375,0.1284722222222222,33.22514687295634,33.772649680671584,0.3333333333333333,False
"나태주 시인과 함께하는 시와 음악: 가장 아름다운 선물, 당신 [공주]",복합,충청,공주문예회관,0.7758346581875993,1,488.0,488.0,12893.44262295082,6292000.0,5,서양음악+한국음악,서양음악,한국음악,0.3767361111111111,0.4416666666666667,0.1996527777777778,35.07962582353166,33.727690530765386,0.28,False
방귀 며느리 [통영],복합,영남,통영시민문화회관,0.5681818181818182,1,500.0,500.0,1140.0,570000.0,4,연극+한국음악,연극,한국음악,0.2048611111111111,0.44600694444444444,0.5815972222222222,33.1398713212384,33.68737412895365,0.32098765432098764,False
"K-예술축제 아.우.름, 대전국악방송 공개음악회: 북새통 [대전]",복합,충청,대전시립연정국악원,0.6146666666666667,1,461.0,461.0,1809.110629067245,834000.0,6,한국음악+연극,한국음악,연극,0.24479166666666666,0.42421875,0.5434027777777778,34.804813019356104,33.45287772658983,0.26,False
"고영열 단독 콘서트, Jazz in 모리: 자진모리",복합,서울,노들섬,1.0,1,456.0,456.0,80596.49122807017,36752000.0,4,한국음악+대중음악,한국음악,대중음악,0.8541666666666666,0.42083333333333334,0.02430555555555558,32.71702722433836,33.43645651021244,0.3739130434782609,False
브런치콘서트 피아니스트 김용진과 함께하는 이달의 공연: 국악이 흐르는 클래식 (9월),복합,서울,구로아트밸리,0.613126079447323,1,355.0,355.0,2197.1830985915494,780000.0,6,서양음악+한국음악,서양음악,한국음악,0.2421875,0.36987847222222225,0.5190972222222222,32.71437940879247,33.433808694666546,0.3652173913043478,False
허튼소리 Corea Beats [오산],복합,경인,오산문화예술회관,0.6,1,480.0,480.0,1741.6666666666667,836000.0,2,한국음악+무용,한국음악,무용,0.2300347222222222,0.43211805555555555,0.546875,34.10715433332406,33.308762948621194,0.33766233766233766,False
"브런치콘서트 피아니스트 김용진과 함께하는 이달의 공연: 보이는 콘서트, 현대무용 (8월)",복합,서울,구로아트밸리,0.613126079447323,1,355.0,355.0,2608.450704225352,926000.0,6,서양음악+뮤지컬,서양음악,뮤지컬,0.2421875,0.36987847222222225,0.5052083333333333,32.537414978143985,33.25684426401806,0.3565217391304348,False
"플래시콘서트, 알리 & 한동준 위드 오케스트라",복합,경인,남동소래아트홀,0.7937411095305832,1,558.0,558.0,17842.293906810035,9956000.0,2,서양음악+대중음악,서양음악,대중음악,0.3871527777777778,0.47291666666666665,0.13541666666666663,33.65550500786279,32.857113623159925,0.3246753246753247,False
소리동화: 팥죽할멈과 호랑이 & 방귀쟁이 며느리 편,복합,서울,영산아트홀,0.6103678929765887,1,365.0,365.0,3534.246575342466,1290000.0,4,서양음악+뮤지컬,서양음악,뮤지컬,0.23958333333333334,0.37378472222222225,0.4652777777777778,31.968000600313708,32.687429886187786,0.34782608695652173,False
"김준수와 함께하는 하남명무전, 봄, 춤으로 피어나다 [하남]",복합,경인,하남문화예술회관,0.8760563380281691,1,311.0,311.0,18051.446945337622,5614000.0,4,무용+한국음악,무용,한국음악,0.4774305555555556,0.34670138888888885,0.13020833333333337,32.91711798964797,32.1187266049451,0.3116883116883117,False
더 퍼스트 뮤직 IN 슬램덩크,복합,경인,성남아트센터,0.8137472283813747,1,1468.0,1468.0,33279.29155313352,48854000.0,7,대중음악+서양음악,대중음악,서양음악,0.4166666666666667,0.6371527777777778,0.05902777777777779,32.70404571882386,31.905654334120996,0.2987012987012987,False
"가정의 달 기념공연, 가정음악회 [천안]",복합,충청,천안시성환문화회관,0.9877675840978594,1,646.0,646.0,45436.53250773994,29352000.0,2,대중음악+서양음악,대중음악,서양음악,0.7482638888888888,0.5131944444444445,0.02430555555555558,33.04185687655604,31.68992158378977,0.24,False
"광주시립교향악단, 그림자극과 함께하는 키즈클래식",복합,호남,전남대학교 민주마루홀,0.4716157205240175,5,2160.0,1.0,10458.796296296296,4518200.0,4,서양음악+무용,서양음악,무용,0.1597222222222222,0.7353298611111111,0.23611111111111116,29.471786383171466,31.299385743159544,0.2903225806451613,False
함께하는 순간 [공주],복합,충청,공주문예회관,0.6359300476947536,1,400.0,400.0,6100.0,2440000.0,5,서양음악+한국음악,서양음악,한국음악,0.2586805555555556,0.39557291666666666,0.36458333333333337,32.14640099693401,30.79446570416774,0.22,False
제134회 광주시립국악관현악단 정기연주회: 평화를 향한 역동과 진혼,복합,호남,예술의 전당 [광주] (구. 광주문화예술회관),0.5894308943089431,1,1015.0,1015.0,17112.31527093596,17369000.0,8,한국음악+대중음악,한국음악,대중음악,0.2222222222222222,0.5875,0.14756944444444442,28.774408980586564,30.602008340574642,0.25806451612903225,False
미야자키 하야오 영화음악 콘서트 with 샌드애니메이션 [대전],복합,충청,대전예술의전당,0.9191461836998708,1,1421.0,1421.0,53598.87403237157,76164000.0,7,서양음악+연극,서양음악,연극,0.5902777777777778,0.6284722222222222,0.02430555555555558,31.87987692293398,30.52794163016771,0.2,False
"삼국유사교육문화회관 가을밤 콘서트, 모던민요: 송소희 & 두번째달 & 오단해",복합,영남,군위 삼국유사교육문화회관,0.7145877378435518,1,338.0,338.0,14710.059171597632,4972000.0,6,뮤지컬+연극,뮤지컬,연극,0.3315972222222222,0.3591145833333333,0.171875,29.89847274883191,30.44597555654716,0.30864197530864196,False
"EHWAJANG 326 ARTSTREET BORN SS CONCERT, Stage concert",복합,서울,한예극장,0.85,5,850.0,170.0,45176.470588235294,7680000.0,0,서양음악+대중음악,서양음악,대중음악,0.4557291666666667,0.7111979166666668,0.02430555555555558,29.63165086217167,30.35108014804575,0.3391304347826087,False
HAKUEI KIM X 이봉근 X 하윤주 콘서트: 3,복합,서울,KT&G 상상마당 라이브홀 [마포],0.9,1,135.0,135.0,21837.03703703704,2948000.0,2,한국음악+대중음악,한국음악,대중음악,0.5217013888888888,0.2546875,0.10590277777777779,29.506930773261995,30.226360059136073,0.33043478260869563,False
라움 마티네 콘서트,복합,서울,소셜베뉴 라움,0.529513888888889,6,1220.0,200.0,15597.704918032789,3171533.333333333,2,서양음악+뮤지컬,서양음악,뮤지컬,0.1840277777777778,0.7534722222222222,0.16145833333333337,29.3618321053681,30.08126139124218,0.3217391304347826,False
"함께하는 사랑밭 감사콘서트: 사랑의 시간, 온기를 더하다",복합,서울,성신여자대학교 운정그린캠퍼스,0.675,1,540.0,540.0,17592.59259259259,9500000.0,8,서양음악+대중음악,서양음악,대중음악,0.2847222222222222,0.46328125000000003,0.140625,29.318906903402574,30.038336189276652,0.3130434782608696,False
"제24회 대전국제음악제 DCMF, 앙상블 콘쿠오레: 쇤베르크의 밤 150 [대전]",복합,충청,대전예술의전당,0.5847589424572317,1,376.0,376.0,2760.6382978723404,1038000.0,7,서양음악+한국음악,서양음악,한국음악,0.2170138888888889,0.3829861111111111,0.5,31.28437246178939,29.932437169023117,0.18,False
"자선콘서트, 늦가을 이야기소리 [제주]",복합,제주,제주종합경기장,0.4662962962962963,1,2518.0,1.0,733.9158061953932,1848000.0,3,한국음악+대중무용,한국음악,대중무용,0.1579861111111111,0.4732638888888889,0.6041666666666667,30.33165027656884,29.8387073892216,0.3333333333333333,False
설탕요정이 읽어주는 호두까기 인형,복합,서울,롯데콘서트홀,0.7367387033398821,2,3000.0,1500.0,40284.93333333333,60427400.0,6,서양음악+무용,서양음악,무용,0.3611111111111111,0.8786458333333333,0.02430555555555558,28.735207826585942,29.45463711246002,0.30434782608695654,False
엘림아트센터 크리스마스 콘서트: MUSIC & MAGIC,복합,경인,엘림아트센터,1.0,1,298.0,298.0,48288.590604026846,14390000.0,3,뮤지컬+서양음악,뮤지컬,서양음악,0.8541666666666666,0.33090277777777777,0.02430555555555558,30.076717292522364,29.278325907819497,0.2857142857142857,False
"예술창작활동지원사업 선정 프로젝트, Live, Electronics in Forest",복합,서울,서울시립청소년음악센터,0.625,1,100.0,100.0,3150.0,315000.0,0,한국음악+서양음악,한국음악,서양음악,0.2517361111111111,0.24210069444444443,0.4774305555555556,28.223192495142673,28.94262178101675,0.2956521739130435,False
세종예술의전당 국립심포니오케스트라 신년음악회,복합,충청,세종예술의전당,0.907563025210084,1,972.0,972.0,51273.66255144033,49838000.0,1,서양음악+무용,서양음악,무용,0.5555555555555556,0.5809027777777778,0.02430555555555558,30.178989348364173,28.827054055597902,0.16,False
Orange Music,복합,서울,게토얼라이브,0.6666666666666666,1,50.0,50.0,3500.0,175000.0,1,서양음악+대중음악,서양음악,대중음악,0.2760416666666667,0.2150173611111111,0.46701388888888884,28.09766837136685,28.81709765724093,0.28695652173913044,False
Invocation,복합,서울,게토얼라이브,0.7333333333333333,1,55.0,55.0,9454.545454545454,520000.0,1,대중음악+연극,대중음악,연극,0.3498263888888889,0.21796875000000002,0.265625,28.05597891082054,28.775408196694617,0.2782608695652174,False
뮤지컬군과 오페라양의 사랑이야기 [수원],복합,경인,경기아트센터(구. 경기도문화의전당),0.599601593625498,1,301.0,301.0,4833.887043189368,1455000.0,4,서양음악+뮤지컬,서양음악,뮤지컬,0.22743055555555555,0.3373263888888889,0.4184027777777778,29.49296859327908,28.694577208576213,0.2727272727272727,False
피터와 늑대 [부산],복합,영남,부산문화회관,0.3691094941094941,37,4261.0,1.0,8443.55785026989,972378.3783783783,7,서양음악+연극,서양음악,연극,0.1232638888888889,0.7859375,0.29861111111111116,28.137346317483118,28.68484912519837,0.2962962962962963,False
누모리쇼,복합,호남,예술의 전당 [광주] (구. 광주문화예술회관),0.5813492063492064,1,293.0,293.0,7460.750853242321,2186000.0,8,한국음악+뮤지컬,한국음악,뮤지컬,0.21180555555555555,0.3284722222222222,0.3211805555555556,26.84084488685902,28.6684442468471,0.22580645161290322,False
"제20회 평창대관령음악제, Main Concert #18: 봄의 제전 & 신박듀오, 김지영, 이재우",복합,기타,알펜시아 리조트,0.6712328767123288,1,882.0,882.0,22321.995464852607,19688000.0,6,무용+서양음악,무용,서양음악,0.2829861111111111,0.5685763888888888,0.09895833333333337,29.27931191067539,28.53422412048723,0.18181818181818182,False
"그림 읽어주는 베토벤, THE CONCERT: 플란다스의 개 [울산]",복합,영남,울산문화예술회관,0.415266106442577,2,1186.0,593.0,11862.74873524452,7034610.0,5,서양음악+뮤지컬,서양음악,뮤지컬,0.140625,0.7803819444444444,0.21875,27.984997839861897,28.532500647577148,0.2839506172839506,False
月간 경지: 두개의 Moon,복합,경인,계양문화회관,0.4930817610062893,1,392.0,392.0,1581.6326530612246,620000.0,2,한국음악+대중음악,한국음악,대중음악,0.16666666666666666,0.390625,0.5590277777777778,28.60451754105891,27.806126156356044,0.2597402597402597,False
"트라이보울 예술아카데미: 자라는 예술, 소년기 (4.20)",복합,경인,트라이보울,0.6666666666666666,1,200.0,200.0,8390.0,1678000.0,5,연극+대중음악,연극,대중음악,0.2760416666666667,0.28498263888888886,0.3038194444444444,28.454315506208417,27.65592412150555,0.24675324675324675,False
"가족과 함께하는 카툰 콘서트, 셜록홈즈 With POLYSYMPHONIC [대전]",복합,충청,대전예술의전당,0.4482535575679172,1,693.0,693.0,5297.258297258297,3671000.0,7,대중음악+한국음악,대중음악,한국음악,0.1545138888888889,0.5302083333333334,0.3975694444444444,28.739173714064965,27.387238421298694,0.14,False
"김주원의 사색여정 with 소리꾼 이자람, 동행",복합,경인,광명문화예술교육지원센터 광명극장,0.6958333333333333,1,334.0,334.0,16365.269461077844,5466000.0,1,무용+한국음악,무용,한국음악,0.3055555555555556,0.3556423611111111,0.15451388888888884,28.115046577010283,27.316655192307415,0.23376623376623376,False
방구 대 방구 [의정부],복합,경인,우리소극장 [의정부],0.63,2,63.0,36.0,14900.0,469350.0,5,뮤지컬+연극,뮤지컬,연극,0.2552083333333333,0.42421875000000003,0.17013888888888884,28.113819521851834,27.315428137148967,0.22077922077922077,False
"해금병창, 사철에 꽃길로 님을 모십니다",복합,서울,게토얼라이브,0.6666666666666666,1,50.0,50.0,6800.0,340000.0,1,대중음악+한국음악,대중음악,한국음악,0.2760416666666667,0.2150173611111111,0.34375,26.427304234973032,27.14673352084711,0.26956521739130435,False
"장한나의 대전그랜드페스티벌, 첼로가야금 콘서트 [대전]",복합,충청,대전예술의전당,0.609642301710731,1,392.0,392.0,10989.795918367348,4308000.0,7,한국음악+무용,한국음악,무용,0.2378472222222222,0.390625,0.22569444444444442,27.999760953885268,26.647825661118997,0.12,False
재즈 온 메이플스토리 [고양],복합,경인,고양아람누리,0.8247066942719117,1,1195.0,1195.0,69690.37656903766,83280000.0,6,서양음악+대중음악,서양음악,대중음악,0.4253472222222222,0.6131944444444444,0.02430555555555558,27.27313768012376,26.474746295420893,0.2077922077922078,False
알리 with 아듀 Concert [부산],복합,영남,을숙도문화회관,0.8410041841004184,1,603.0,603.0,38046.43449419569,22942000.0,4,서양음악+대중음악,서양음악,대중음악,0.4409722222222222,0.4969618055555556,0.02430555555555558,25.75367552034045,26.301178328055702,0.2716049382716049,False
홍지민과 함께하는 판타스틱쇼 [하남],복합,경인,하남문화예술회관,0.8485181119648738,1,773.0,773.0,36452.781371280726,28178000.0,4,뮤지컬+대중음악,뮤지컬,대중음악,0.4513888888888889,0.5526041666666667,0.02430555555555558,27.010582729980037,26.21219134527717,0.19480519480519481,False
모래의 마법사,복합,영남,초록마술극장,0.3775,8,604.0,23.0,10447.019867549669,788750.0,0,무용+서양음악,무용,서양음악,0.1293402777777778,0.6426215277777778,0.24045138888888884,25.660789128080108,26.20829193579536,0.24074074074074073,False
모래의 마법사,복합,영남,초록마술극장,0.3775,8,604.0,23.0,10447.019867549669,788750.0,0,무용+서양음악,무용,서양음악,0.1293402777777778,0.6426215277777778,0.24045138888888884,25.660789128080108,26.20829193579536,0.24074074074074073,False
모래의 마법사,복합,영남,초록마술극장,0.3775,8,604.0,23.0,10447.019867549669,788750.0,0,무용+서양음악,무용,서양음악,0.1293402777777778,0.6426215277777778,0.24045138888888884,25.660789128080108,26.20829193579536,0.24074074074074073,False
모래의 마법사,복합,영남,초록마술극장,0.3775,8,604.0,23.0,10447.019867549669,788750.0,0,무용+서양음악,무용,서양음악,0.1293402777777778,0.6426215277777778,0.24045138888888884,25.660789128080108,26.20829193579536,0.24074074074074073,False
"신은미, 유진규, 배일동이 떠나는 신유배 기행",복합,영남,현장아트홀,0.6788990825688074,1,74.0,74.0,10945.945945945949,810000.0,1,연극+뮤지컬,연극,뮤지컬,0.2864583333333333,0.23211805555555554,0.22743055555555558,25.412391836269244,25.959894643984494,0.20987654320987653,False
"박순아 & 키무라 슌스케: mortal, immortal",복합,서울,게토얼라이브,0.6666666666666666,1,50.0,50.0,9400.0,470000.0,1,한국음악+뮤지컬,한국음악,뮤지컬,0.2760416666666667,0.2150173611111111,0.27083333333333337,25.196762708546,25.91619199442008,0.2608695652173913,False
"재즈앳에무, Black Forest",복합,서울,복합문화공간에무,0.7,1,70.0,70.0,14571.42857142857,1020000.0,3,한국음악+무용,한국음악,무용,0.3090277777777778,0.2224826388888889,0.17881944444444442,24.690817886980838,25.410247172854916,0.25217391304347825,False
동행 [대구],복합,영남,수성아트피아,0.3572044866264021,1,414.0,414.0,1000.0,414000.0,3,서양음악+뮤지컬,서양음악,뮤지컬,0.11631944444444445,0.4,0.5850694444444444,24.75745647048312,25.30495927819837,0.19753086419753085,False
수원시민과 함께하는 수원시립예술단 송년음악회,복합,경인,수원SK아트리움,0.4926315789473684,1,468.0,468.0,8329.059829059828,3898000.0,5,서양음악+뮤지컬,서양음악,뮤지컬,0.16493055555555555,0.4272569444444444,0.3090277777777778,26.093131575242612,25.294740190539745,0.18181818181818182,False
"평균율 너머, 우주 5회차: 왕혜인 Ⅹ 선지우 (9.21)",복합,서울,사진가 김신중의 스튜디오,0.8,1,12.0,12.0,20000.0,240000.0,0,서양음악+한국음악,서양음악,한국음악,0.3949652777777778,0.2037326388888889,0.11545138888888884,24.496416582252344,25.215845868126422,0.24347826086956523,False
"트라이보울 예술아카데미: 잘 아는 예술, 노년기 (10.19)",복합,경인,트라이보울,0.3583333333333333,2,215.0,15.0,1613.953488372093,173500.0,5,대중음악+서양음악,대중음악,서양음악,0.11805555555555555,0.45303819444444443,0.5572916666666667,25.781168016884433,24.982776632181565,0.16883116883116883,False
내시십분 콘서트 [부산],복합,영남,더 바이널 언더그라운드,0.6,1,30.0,30.0,6666.666666666667,200000.0,0,대중음악+연극,대중음악,연극,0.2300347222222222,0.21189236111111112,0.3506944444444444,24.318297100503457,24.86579990821871,0.18518518518518517,False
음악과 글쓰기 콘서트: 사이·회상,복합,서울,김희수아트센터,0.3571428571428571,2,100.0,50.0,3920.0,196000.0,3,한국음악+서양음악,한국음악,서양음악,0.11371527777777778,0.43984375000000003,0.4496527777777778,24.035234982868882,24.75466426874296,0.23478260869565218,False
예술로 fantastic collaboration!,복합,영남,에이치아츠(H-Art),0.5,1,15.0,15.0,10.0,150.0,0,서양음악+뮤지컬,서양음악,뮤지컬,0.17447916666666666,0.2037326388888889,0.6440972222222222,23.919170203516398,24.46667301123165,0.1728395061728395,False
"김주원의 사색여정 with 무용가 김매자, 배정혜, 국수호 그리고 이정윤의 별",복합,경인,광명문화예술교육지원센터 광명극장,0.625,1,300.0,300.0,16520.0,4956000.0,1,무용+대중무용,무용,대중무용,0.2517361111111111,0.3348958333333333,0.1519097222222222,25.14554239354104,24.34715100883817,0.15584415584415584,False
"쿼드초이스, 서도와 은미: 만병통치樂",복합,서울,서울문화재단 대학로극장 쿼드(예술청),0.5161290322580645,3,576.0,192.0,29097.222222222223,5586666.666666667,5,무용+한국음악,무용,한국음악,0.17881944444444445,0.6412326388888889,0.07465277777777779,23.477470038709267,24.196899324583345,0.22608695652173913,False
"쿼드초이스, 무토(MUTO) x 입과손스튜디오: 두개의 눈",복합,서울,서울문화재단 대학로극장 쿼드(예술청),0.3548387096774194,5,660.0,132.0,13166.666666666666,1738000.0,5,한국음악+대중음악,한국음악,대중음악,0.1111111111111111,0.6730034722222222,0.19618055555555558,23.384501673331133,24.10393095920521,0.21739130434782608,False
"청소년을 위한 음악과 클래식의 징검다리, 음악에 색을 입히다",복합,서울,국립국악원,0.9004329004329005,1,208.0,208.0,48576.92307692308,10104000.0,7,서양음악+대중음악,서양음악,대중음악,0.5260416666666666,0.2886284722222222,0.02430555555555558,23.05254536969056,23.771974655564637,0.20869565217391303,False
"발레와 국악의 조합, 마블링 [포항]",복합,영남,포항시청 대잠홀,0.4991624790619765,1,298.0,10.0,7916.107382550335,2359000.0,5,무용+대중무용,무용,대중무용,0.171875,0.2623263888888889,0.31423611111111116,22.484934751565774,23.032437559281025,0.16049382716049382,False
제4회 마두금 연주회: 마이동풍,복합,서울,오디오가이스튜디오,0.5,1,50.0,50.0,6400.0,320000.0,3,대중음악+한국음악,대중음악,한국음악,0.17447916666666666,0.2150173611111111,0.3559027777777778,21.647942235494195,22.367371521368273,0.2,False
"김주원의 사색여정 with 소프라노 황수미, 선물",복합,경인,광명문화예술교육지원센터 광명극장,0.625,1,300.0,300.0,23233.33333333333,6970000.0,1,무용+서양음악,무용,서양음악,0.2517361111111111,0.3348958333333333,0.09548611111111116,22.915637055845075,22.117245671142207,0.14285714285714285,False
화합콘서트 동행 [전남 영광],복합,호남,영광예술의전당,0.3160621761658031,1,183.0,183.0,811.4754098360655,148500.0,5,한국음악+서양음악,한국음악,서양음악,0.09375,0.27725694444444443,0.5989583333333333,19.855244900953238,21.682844260941316,0.1935483870967742,False
커피콘서트 Ⅲ. 책 읽어주는 큐레이터: 리어왕,복합,경인,인천동구문화체육센터,0.5676767676767677,1,281.0,281.0,17633.451957295372,4955000.0,1,서양음악+대중음악,서양음악,대중음악,0.203125,0.3232638888888889,0.1371527777777778,22.09425995267417,21.295868567971304,0.12987012987012986,False
제9회 사랑앤 뇌병변 장애인을 위한 자선음악회,복합,서울,한국성서대학교,0.2941176470588235,1,200.0,200.0,550.0,110000.0,0,서양음악+뮤지컬,서양음악,뮤지컬,0.08940972222222222,0.28498263888888886,0.6163194444444444,19.736527802824995,20.455957088699073,0.19130434782608696,False
나다 뮤직페스티벌 (NADA Art & Music Festival),복합,서울,성북미디어문화마루 꿈빛극장,0.5493827160493827,1,178.0,178.0,22022.47191011236,3920000.0,0,대중음악+대중무용,대중음악,대중무용,0.19270833333333334,0.27499999999999997,0.10416666666666663,19.298227380257913,20.01765666613199,0.1826086956521739,False
Acculturation (문화접변) 求音 (구음),복합,서울,김희수아트센터,0.3571428571428571,1,50.0,50.0,2800.0,140000.0,3,한국음악+뮤지컬,한국음악,뮤지컬,0.11371527777777778,0.2150173611111111,0.4965277777777778,19.08415398117734,19.80358326705142,0.17391304347826086,False
코미디 애니멀 쇼 [부천],복합,경인,뉴코아소극장 [부천],0.3359375,4,215.0,61.0,12000.0,645000.0,6,무용+대중음악,무용,대중음악,0.09722222222222222,0.5158854166666667,0.21354166666666663,20.407258141713505,19.608866757010638,0.11688311688311688,False
"제22회 전주세계소리축제, re:Orient [전주]",복합,호남,한국소리문화의전당,0.3398058252427184,1,70.0,70.0,5285.714285714285,370000.0,8,무용+대중무용,무용,대중무용,0.10416666666666667,0.2224826388888889,0.3993055555555556,17.774306306318692,19.60190566630677,0.16129032258064516,False
"하슬라국제예술제, 고귀한 두 여신이여 (10.18)",복합,기타,강릉아트센터 (구. 강릉문화예술관),0.375514403292181,1,365.0,365.0,13715.068493150686,5006000.0,7,서양음악+무용,서양음악,무용,0.125,0.37378472222222225,0.1840277777777778,19.815440146745978,19.07035235655782,0.09090909090909091,False
"제896회 전남도립국악단 토요가무악희 시즌3, 그린국악",복합,호남,남도소리울림터,0.2544802867383512,1,142.0,142.0,1676.056338028169,238000.0,1,뮤지컬+한국음악,뮤지컬,한국음악,0.06944444444444445,0.25833333333333336,0.5520833333333333,16.649491060779983,18.47709042076806,0.12903225806451613,False
In & Around C,복합,서울,플랫폼-엘 컨템포러리 아트센터,0.3488372093023256,3,180.0,60.0,24844.444444444445,1490666.6666666667,3,대중음악+서양음악,대중음악,서양음악,0.109375,0.49149305555555556,0.08333333333333337,17.52701529231729,18.24644457819137,0.16521739130434782,False
"프리뮤직 콘서트: 강태환, 김덕수, 최선배 등",복합,서울,게토얼라이브,0.7333333333333333,1,55.0,55.0,52363.63636363636,2880000.0,1,한국음악+서양음악,한국음악,서양음악,0.3498263888888889,0.21796875000000002,0.02430555555555558,17.390527176003832,18.10995646187791,0.1565217391304348,False
"TABLAO DE NUEVO, POR EL MAR [제주]",복합,제주,세이레아트센터,0.5833333333333334,1,70.0,70.0,23285.714285714286,1630000.0,2,연극+서양음악,연극,서양음악,0.2152777777777778,0.2224826388888889,0.09375,18.44155510122501,17.94861221387777,0.16666666666666666,False
와따가따 가족극장 겨울축제 [서울 노원],복합,서울,노원어린이극장 (구.노원어울림극장),0.5882352941176471,1,120.0,120.0,36000.0,4320000.0,6,연극+한국음악,연극,한국음악,0.21875,0.24861111111111112,0.05208333333333337,17.169141073823194,17.888570359697272,0.14782608695652175,False
"제14회 부산마루국제음악제, 프롬나드 콘서트IV, 지브리 WITH 샌드아트",복합,영남,부산문화회관,0.3034580098800282,1,430.0,398.0,15697.67441860465,6750000.0,7,서양음악+연극,서양음악,연극,0.0920138888888889,0.40217013888888886,0.15798611111111116,17.179133038155225,17.726635845870476,0.14814814814814814,False
Swing Train(스윙 트레인),복합,서울,오류아트홀,0.273972602739726,1,100.0,100.0,2400.0,240000.0,5,한국음악+무용,한국음악,무용,0.078125,0.24210069444444443,0.5121527777777778,16.905734043253183,17.62516332912726,0.1391304347826087,False
"브런치 콘서트, 김효영의 아름답고 신비한 생황의 초대 (6월)",복합,영남,안동문화예술의전당,0.3478260869565217,1,96.0,1.0,8395.833333333334,806000.0,7,한국음악+서양음악,한국음악,서양음악,0.1076388888888889,0.2144097222222222,0.30208333333333337,16.840192890085763,17.387695697801014,0.13580246913580246,False
JAZZ & 국악 With 웅산 [군산],복합,호남,군산예술의전당,0.285,1,342.0,342.0,18921.052631578947,6471000.0,4,한국음악+뮤지컬,한국음악,뮤지컬,0.08506944444444445,0.36197916666666663,0.12326388888888884,15.209135990263428,17.036735350251508,0.0967741935483871,False
"김주원의 사색여정 with 반도네오니스트 고상지, 축제",복합,경인,광명문화예술교육지원센터 광명극장,0.6354166666666666,1,305.0,305.0,38013.11475409836,11594000.0,1,무용+서양음악,무용,서양음악,0.2569444444444444,0.34479166666666666,0.02430555555555558,17.77107219074022,16.972680806037353,0.1038961038961039,False
뮤즈하모니 신년음악회: 팝페라 X 국악,복합,경인,김포아트홀,0.3896620278330019,1,196.0,196.0,17346.938775510203,3400000.0,4,서양음악+한국음악,서양음악,한국음악,0.13541666666666666,0.28246527777777775,0.14236111111111116,17.691656632184475,16.893265247481608,0.09090909090909091,False
신년콘서트 [거창],복합,영남,거창문화센터,0.5422740524781341,1,372.0,372.0,54180.10752688172,20155000.0,4,한국음악+대중음악,한국음악,대중음악,0.1892361111111111,0.3803819444444444,0.02430555555555558,16.027651102366054,16.575153910081305,0.12345679012345678,False
"시네마 클래식, 꽃피는 봄이 오면",복합,경인,남동소래아트홀,0.5561877667140825,1,391.0,391.0,105447.5703324808,41230000.0,2,서양음악+한국음악,서양음악,한국음악,0.1996527777777778,0.3890625,0.02430555555555558,16.549001741357312,15.750610356654443,0.07792207792207792,False
크리스마스 칸타타 [부산],복합,영남,벡스코 (BEXCO),0.0847669690334688,8,2168.0,271.0,6350.553505535056,1721000.0,6,서양음악+뮤지컬,서양음악,뮤지컬,0.026041666666666668,0.8077256944444445,0.36111111111111116,14.659578512041929,15.20708131975718,0.1111111111111111,False
피콜리스트 김원미 & 안디아모 콘서트 [안동],복합,영남,안동문화예술의전당,0.2717391304347826,1,75.0,1.0,8920.0,669000.0,7,서양음악+한국음악,서양음악,한국음악,0.0763888888888889,0.21284722222222222,0.28298611111111116,14.208243991712802,14.755746799428053,0.09876543209876543,False
"제3회 더 패스 정기연주회, 한 여름밤의 악몽",복합,충청,대전시립연정국악원,0.2453333333333333,1,184.0,184.0,2228.260869565217,410000.0,6,서양음악+한국음악,서양음악,한국음악,0.0625,0.278125,0.5173611111111112,16.083804065672116,14.731868772905845,0.1,False
온가족이 함께하는 유모차 콘서트 [대전],복합,충청,조이마루아트홀 (복합문화공간 플랜에이),0.2780612244897959,6,327.0,55.0,25908.256880733945,1412000.0,5,서양음악+연극,서양음악,연극,0.08159722222222222,0.5572916666666667,0.08159722222222221,15.985193051809954,14.633257759043683,0.08,False
깽판: 우리가 살판 [양주],복합,경인,양주문화예술회관,0.2234042553191489,1,210.0,210.0,2095.2380952380954,440000.0,3,뮤지컬+한국음악,뮤지컬,한국음악,0.052083333333333336,0.2907986111111111,0.5260416666666667,15.09995979273929,14.30156840803642,0.06493506493506493,False
"지박컨템포러리시리즈 Vol.24, 음악전시: blur",복합,서울,서울문화재단 대학로극장 쿼드(예술청),0.2688172043010752,1,100.0,100.0,13680.0,1368000.0,5,서양음악+한국음악,서양음악,한국음악,0.07465277777777778,0.24210069444444443,0.1875,13.54782425308806,14.267253538962137,0.13043478260869565,False
"브라소닛 빅밴드와 앰비규어스댄스컴퍼니, Body ＆ Voice [부천]",복합,경인,부천시민회관,0.2632084534101825,1,274.0,274.0,12379.56204379562,3392000.0,4,대중음악+무용,대중음악,무용,0.07118055555555555,0.3189236111111111,0.2065972222222222,14.8894223464024,14.09103096169953,0.05194805194805195,False
주창회 정기연주회: 현대음악 그리고 사계예찬 [대전],복합,충청,대전예술의전당,0.2363919129082426,1,152.0,152.0,1315.7894736842106,200000.0,7,서양음악+뮤지컬,서양음악,뮤지컬,0.05381944444444445,0.2681423611111111,0.5746527777777778,15.161132629979804,13.809197337213533,0.06,False
"브라소닛 빅밴드와 앰비규어스댄스컴퍼니, Body ＆ Voice [안동]",복합,영남,안동문화예술의전당,0.2454728370221328,1,244.0,1.0,12885.245901639344,3144000.0,7,무용+대중음악,무용,대중음악,0.0642361111111111,0.2482638888888889,0.20138888888888884,12.957687544488463,13.505190352203714,0.08641975308641975,False
서도와 은미: 만병통치樂 [화성],복합,경인,화성아트홀,0.3392330383480826,2,460.0,230.0,43930.434782608696,10104000.0,0,무용+서양음악,무용,서양음악,0.10243055555555555,0.5835069444444445,0.02430555555555558,14.12376582690485,13.32537444220198,0.03896103896103896,False
국립극장 달빛 상영회,복합,서울,국립극장,0.0819000819000819,3,300.0,100.0,7320.0,732000.0,5,한국음악+연극,한국음악,연극,0.026041666666666668,0.5328993055555555,0.32291666666666663,12.393524943944499,13.112954229818577,0.12173913043478261,False
그림자야 놀자 [부천],복합,경인,복사골문화센터,0.1657458563535911,6,180.0,30.0,2520.555555555556,75616.66666666667,3,연극+대중음악,연극,대중음악,0.026041666666666668,0.5087673611111111,0.5086805555555556,13.354317924849918,12.555926540147048,0.025974025974025976,False
"전주세계소리축제 개막공연, 상생과 회복 [전주]",복합,호남,한국소리문화의전당,0.1993127147766323,1,406.0,406.0,9815.27093596059,3985000.0,8,한국음악+서양음악,한국음악,서양음악,0.026041666666666668,0.39861111111111114,0.2586805555555556,10.710160919746345,12.537760279734423,0.06451612903225806,False
"관현악시리즈Ⅱ, 관현악의 기원: 이머시브 1인 관람극 (11.23)",복합,서울,국립극장,0.0015948963317384,40,40.0,1.0,9125.0,9125.0,5,한국음악+서양음악,한국음악,서양음악,0.026041666666666668,0.50234375,0.27604166666666663,11.765116401837105,12.484545687711183,0.11304347826086956,False
"관현악시리즈Ⅱ, 관현악의 기원: 이머시브 1인 관람극 (11.24)",복합,서울,국립극장,0.0015948963317384,40,40.0,1.0,9875.0,9875.0,5,한국음악+서양음악,한국음악,서양음악,0.026041666666666668,0.50234375,0.2569444444444444,11.597627256635162,12.31705654250924,0.10434782608695652,False
"대한문화예술제전, 회.귀",복합,서울,국립국악원,0.2446808510638297,2,322.0,322.0,183540.37267080744,29550000.0,7,무용+한국음악,무용,한국음악,0.06076388888888889,0.560763888888889,0.02430555555555558,11.01170647611242,11.731135761986499,0.09565217391304348,False
베스트슬립 수면콘서트,복합,서울,세빛섬,0.28,1,154.0,1.0,35000.0,5390000.0,3,서양음악+대중음악,서양음악,대중음악,0.08333333333333333,0.22951388888888888,0.05555555555555558,10.954613977901017,11.674043263775095,0.08695652173913043,False
테너 조용갑과 함께하는 5人 5色 Concert 오페라 & 크로스오버,복합,서울,광림아트센터,0.1924959216965742,1,118.0,118.0,847.457627118644,100000.0,6,연극+한국음악,연극,한국음악,0.026041666666666668,0.2470486111111111,0.5972222222222222,10.709075655364941,11.42850494123902,0.0782608695652174,False
발칙한 세여자의 세계음악여행,복합,영남,부산예술대학교 원곡예술관,0.3367003367003367,1,200.0,200.0,45000.0,9000000.0,0,서양음악+연극,서양음악,연극,0.09895833333333333,0.28498263888888886,0.02430555555555558,10.821341911484616,11.368844719199867,0.07407407407407407,False
"이장희 프로젝트, 비인집: Home & Home [대구]",복합,영남,꿈꾸는씨어터,0.0208333333333333,2,5.0,1.0,10000.0,25000.0,1,연극+대중음악,연극,대중음악,0.026041666666666668,0.41553819444444445,0.2508680555555556,10.800748506026414,11.348251313741665,0.06172839506172839,False
하우스콘서트 아리아리동동(同同) [함양],복합,영남,함양문화예술회관,0.205761316872428,1,100.0,100.0,980.0,98000.0,2,연극+대중음악,연극,대중음악,0.026041666666666668,0.24210069444444443,0.5868055555555556,10.596157493764252,11.143660301479503,0.04938271604938271,False
룰루랄라와 함께하는 동화책 콘서트,복합,충청,아트그라운드 플래닌,0.0561884236453201,28,365.0,39.0,9665.753424657534,126000.0,0,연극+한국음악,연극,한국음악,0.026041666666666668,0.5956597222222222,0.2621527777777778,12.359793757497547,11.007858464731276,0.04,False
"공익활동을 위한 기금 마련 콘서트, 당신이 있어 참 좋다!",복합,서울,관악아트홀 (구. 관악문화관),0.2914285714285714,1,204.0,204.0,62941.17647058824,12840000.0,2,대중음악+서양음악,대중음악,서양음악,0.08680555555555555,0.2873263888888889,0.02430555555555558,10.231019796462995,10.950449082337073,0.06956521739130435,False
부산국제공연예술마켓 (BPAM) (전일권),복합,영남,부산문화회관,0.0705716302046577,1,100.0,100.0,2000.0,200000.0,7,한국음악+연극,한국음악,연극,0.026041666666666668,0.24210069444444443,0.53125,10.387459654226733,10.934962461941984,0.037037037037037035,False
수상한스테이지 (5월),복합,서울,수상한창고,0.1999999999999999,2,14.0,5.0,15000.0,105000.0,0,대중음악+서양음악,대중음악,서양음악,0.026041666666666668,0.41553819444444445,0.16666666666666663,9.952553731034305,10.671983016908383,0.06086956521739131,False
"수면콘서트, 베스트드림콘서트",복합,서울,세빛섬,0.2763636363636363,1,152.0,152.0,43552.63157894737,6620000.0,3,서양음악+연극,서양음악,연극,0.0798611111111111,0.2681423611111111,0.02430555555555558,9.618778354269022,10.3382076401431,0.05217391304347826,False
"제26회 광주소극장축제 공식참여작, 암향환향",복합,호남,광주 민들레소극장,0.02,1,3.0,3.0,10000.0,30000.0,0,연극+무용,연극,무용,0.026041666666666668,0.2037326388888889,0.2508680555555556,8.416106750124044,10.243706110112122,0.03225806451612903,False
"프리즘홀 10주년 기념공연, 다브다 X 제이통: A.D.10",복합,서울,프리즘홀(프리즘플러스),0.2375,1,19.0,19.0,38000.0,722000.0,1,대중음악+뮤지컬,대중음악,뮤지컬,0.05555555555555555,0.2037326388888889,0.02430555555555558,7.420611530399237,8.140040816273315,0.043478260869565216,False
"서린사랑의 작은음악회, The Identity: 너와 나의 정체성",복합,서울,선릉문화공간 제이드409,0.125,1,10.0,10.0,20000.0,200000.0,0,대중무용+뮤지컬,대중무용,뮤지컬,0.026041666666666668,0.2037326388888889,0.11545138888888884,7.206128381788436,7.925557667662515,0.034782608695652174,False
아트그룹 AMuse가 들려주는 지혜로운 전래동화 이야기 [대구],복합,영남,비원뮤직홀,0.145,1,29.0,1.0,18655.172413793105,541000.0,4,서양음악+연극,서양음악,연극,0.026041666666666668,0.2037326388888889,0.125,7.321569096119764,7.869071903835014,0.024691358024691357,False
"제11회 자문밖문화축제, 오프닝공연",복합,서울,서울아트센터,0.0170821791320406,2,37.0,25.0,77297.2972972973,1430000.0,0,서양음악+한국음악,서양음악,한국음악,0.026041666666666668,0.42282986111111115,0.02430555555555558,6.813182733978787,7.532612019852866,0.02608695652173913,False
"최정주 아트앤뮤직 큐레이션, 음악이 흐르는 도시 베네치아",복합,서울,JCC 아트센터,0.1485714285714285,1,26.0,26.0,27461.53846153846,714000.0,4,서양음악+연극,서양음악,연극,0.026041666666666668,0.2113715277777778,0.07638888888888884,6.720835379663232,7.440264665537311,0.017391304347826087,False
"부산시립예술단 연합공연, 가마釜 뫼山",복합,영남,부산문화회관,0.0021171489061397,2,6.0,3.0,4805000.0,14415000.0,7,뮤지컬+한국음악,뮤지컬,한국음악,0.026041666666666668,0.41553819444444445,0.02430555555555558,6.771827573421731,7.3193303811369805,0.012345679012345678,False
PIUM Project 크리스마스 스페셜 콘서트 [대전],복합,충청,대전예술의전당,0.167529107373868,1,259.0,259.0,22046.332046332045,5710000.0,7,서양음악+대중음악,서양음악,대중음악,0.026041666666666668,0.3109375,0.10243055555555558,8.157788480872474,6.805853188106203,0.02,False
[데이터 분리] 바흐 Ⅹ 무브먼트 (패키지) (앵콜),복합,서울,서울문화재단 대학로극장 쿼드(예술청),0.1881720430107527,1,70.0,70.0,44800.0,3136000.0,5,서양음악+뮤지컬,서양음악,뮤지컬,0.026041666666666668,0.2224826388888889,0.02430555555555558,5.441839190371091,6.16126847624517,0.008695652173913044,False
키즈 마티네 콘서트 [김포],복합,경인,김포아트홀,0.0755467196819085,1,38.0,38.0,60000.0,2280000.0,4,뮤지컬+무용,뮤지컬,무용,0.026041666666666668,0.21293402777777778,0.02430555555555558,5.358926908803281,4.560535524100413,0.012987012987012988,False
