공연장규모,장르조합,DPI_plus,U_participation,S_scale,A_afford,장르_A,장르_B,DPI_A,DPI_B,DPI_A+B,판정_mean,U_A,S_A,A_A,U_B,S_B,A_B,U_AB,S_AB,A_AB
대규모,대중무용+무용,66.26404079485832,0.5957142857142858,0.6127142857142858,0.4667666085017028,대중무용,무용,42.32142824215232,53.72824109157616,66.26404079485832,성공,0.3779848215445956,0.584141422065018,0.444374007472847,0.5149484232820835,0.6705240871977166,0.5046244797398542,0.5957142857142858,0.6127142857142858,0.4667666085017028
대규모,대중무용+한국음악,33.640339965940136,0.1785714285714285,0.4675714285714286,0.5790468342669524,대중무용,한국음악,42.32142824215232,49.10864706496297,33.640339965940136,실패,0.3779848215445956,0.584141422065018,0.444374007472847,0.4947604826367321,0.5239978553391862,0.5266057824760191,0.1785714285714285,0.4675714285714286,0.5790468342669524
대규모,대중음악+무용,20.96458552533685,0.0871428571428571,0.3195714285714285,0.4516988151642722,대중음악,무용,47.56987332931677,53.72824109157616,20.96458552533685,실패,0.5039048636867902,0.685199137958279,0.3085442448375212,0.5149484232820835,0.6705240871977166,0.5046244797398542,0.0871428571428571,0.3195714285714285,0.4516988151642722
대규모,대중음악+뮤지컬,72.13080790938915,0.6207142857142858,0.7847142857142857,0.5229107681288304,대중음악,뮤지컬,47.56987332931677,50.3008681669718,72.13080790938915,성공,0.5039048636867902,0.685199137958279,0.3085442448375212,0.4269913344771645,0.8240799802833764,0.4862720248847345,0.6207142857142858,0.7847142857142857,0.5229107681288304
대규모,대중음악+서양음악,58.08793438313922,0.4833928571428571,0.61590625,0.4959101818639269,대중음악,서양음악,47.56987332931677,52.52666013829828,58.08793438313922,성공,0.5039048636867902,0.685199137958279,0.3085442448375212,0.5492164887223968,0.5658271035923612,0.4993100730280471,0.4833928571428571,0.61590625,0.4959101818639269
대규모,대중음악+연극,59.26857763674474,0.4885714285714285,0.6133571428571428,0.4962719675071129,대중음악,연극,47.56987332931677,48.92854057465669,59.26857763674474,성공,0.5039048636867902,0.685199137958279,0.3085442448375212,0.4406068335408295,0.7206884824437988,0.4532429710667688,0.4885714285714285,0.6133571428571428,0.4962719675071129
대규모,대중음악+한국음악,63.772349342217446,0.5695238095238095,0.6414166666666666,0.5202523171719718,대중음악,한국음악,47.56987332931677,49.10864706496297,63.772349342217446,성공,0.5039048636867902,0.685199137958279,0.3085442448375212,0.4947604826367321,0.5239978553391862,0.5266057824760191,0.5695238095238095,0.6414166666666666,0.5202523171719718
대규모,무용+서양음악,58.082376183856255,0.4382857142857143,0.6902142857142858,0.4236897060402548,무용,서양음악,53.72824109157616,52.52666013829828,58.082376183856255,성공,0.5149484232820835,0.6705240871977166,0.5046244797398542,0.5492164887223968,0.5658271035923612,0.4993100730280471,0.4382857142857143,0.6902142857142858,0.4236897060402548
대규모,무용+연극,35.26972145963161,0.1592857142857142,0.6622857142857143,0.6650192466819677,무용,연극,53.72824109157616,48.92854057465669,35.26972145963161,실패,0.5149484232820835,0.6705240871977166,0.5046244797398542,0.4406068335408295,0.7206884824437988,0.4532429710667688,0.1592857142857142,0.6622857142857143,0.6650192466819677
대규모,무용+한국음악,35.26972145963161,0.1592857142857142,0.6622857142857143,0.5343615884418182,무용,한국음악,53.72824109157616,49.10864706496297,35.26972145963161,실패,0.5149484232820835,0.6705240871977166,0.5046244797398542,0.4947604826367321,0.5239978553391862,0.5266057824760191,0.1592857142857142,0.6622857142857143,0.5343615884418182
대규모,뮤지컬+서양음악,42.53500879175688,0.3041428571428571,0.6389714285714285,0.5020403411708552,뮤지컬,서양음악,50.3008681669718,52.52666013829828,42.53500879175688,실패,0.4269913344771645,0.8240799802833764,0.4862720248847345,0.5492164887223968,0.5658271035923612,0.4993100730280471,0.3041428571428571,0.6389714285714285,0.5020403411708552
대규모,뮤지컬+연극,70.36866224675687,0.67,0.6041428571428571,0.5014832978778843,뮤지컬,연극,50.3008681669718,48.92854057465669,70.36866224675687,성공,0.4269913344771645,0.8240799802833764,0.4862720248847345,0.4406068335408295,0.7206884824437988,0.4532429710667688,0.67,0.6041428571428571,0.5014832978778843
대규모,뮤지컬+한국음악,59.660008727025534,0.590952380952381,0.520952380952381,0.4060408655919454,뮤지컬,한국음악,50.3008681669718,49.10864706496297,59.660008727025534,성공,0.4269913344771645,0.8240799802833764,0.4862720248847345,0.4947604826367321,0.5239978553391862,0.5266057824760191,0.590952380952381,0.520952380952381,0.4060408655919454
대규모,서양음악+연극,58.53742193132886,0.5231428571428571,0.5572142857142858,0.4463338735135648,서양음악,연극,52.52666013829828,48.92854057465669,58.53742193132886,성공,0.5492164887223968,0.5658271035923612,0.4993100730280471,0.4406068335408295,0.7206884824437988,0.4532429710667688,0.5231428571428571,0.5572142857142858,0.4463338735135648
대규모,서양음악+한국음악,41.90921464628931,0.3197142857142857,0.5218714285714285,0.4863836050153652,서양음악,한국음악,52.52666013829828,49.10864706496297,41.90921464628931,실패,0.5492164887223968,0.5658271035923612,0.4993100730280471,0.4947604826367321,0.5239978553391862,0.5266057824760191,0.3197142857142857,0.5218714285714285,0.4863836050153652
대규모,연극+한국음악,44.37381472153123,0.3725714285714285,0.5072,0.5354497431397951,연극,한국음악,48.92854057465669,49.10864706496297,44.37381472153123,실패,0.4406068335408295,0.7206884824437988,0.4532429710667688,0.4947604826367321,0.5239978553391862,0.5266057824760191,0.3725714285714285,0.5072,0.5354497431397951
소규모,대중무용+무용,40.94410378264736,0.3007142857142857,0.4154642857142857,0.4650489792639766,대중무용,무용,44.57946817508767,40.79796811958305,40.94410378264736,실패,0.584620855559042,0.3013318690513544,0.4476691878319878,0.4736359726747414,0.4010592463845601,0.3773026046258083,0.3007142857142857,0.4154642857142857,0.4650489792639766
소규모,대중무용+뮤지컬,31.03765924525471,0.18,0.4545714285714285,0.3457450499092563,대중무용,뮤지컬,44.57946817508767,40.31991309317665,31.03765924525471,실패,0.584620855559042,0.3013318690513544,0.4476691878319878,0.3661588662050095,0.635812309349104,0.3746541331746879,0.18,0.4545714285714285,0.3457450499092563
소규모,대중음악+무용,53.3651714412182,0.3609523809523809,0.7358571428571429,0.4706866136431771,대중음악,무용,39.9166479894342,40.79796811958305,53.3651714412182,성공,0.5564426282314852,0.2897183629834354,0.3492234009183765,0.4736359726747414,0.4010592463845601,0.3773026046258083,0.3609523809523809,0.7358571428571429,0.4706866136431771
소규모,대중음악+뮤지컬,16.219282375081683,0.07,0.2019285714285714,0.1884003781841079,대중음악,뮤지컬,39.9166479894342,40.31991309317665,16.219282375081683,실패,0.5564426282314852,0.2897183629834354,0.3492234009183765,0.3661588662050095,0.635812309349104,0.3746541331746879,0.07,0.2019285714285714,0.1884003781841079
소규모,대중음악+서양음악,46.71094832300174,0.4331818181818181,0.4163701298701298,0.3462159601825442,대중음악,서양음악,39.9166479894342,40.080170776447225,46.71094832300174,성공,0.5564426282314852,0.2897183629834354,0.3492234009183765,0.5796989069389062,0.274233459327848,0.3471619077627949,0.4331818181818181,0.4163701298701298,0.3462159601825442
소규모,대중음악+연극,37.31285368499446,0.3322321428571428,0.3640446428571428,0.4079233622410969,대중음악,연극,39.9166479894342,39.87718528750676,37.31285368499446,실패,0.5564426282314852,0.2897183629834354,0.3492234009183765,0.3966460089512071,0.5810274901656339,0.3185127152407953,0.3322321428571428,0.3640446428571428,0.4079233622410969
소규모,대중음악+한국음악,37.02409255112611,0.3461904761904761,0.2261428571428571,0.3795513757677409,대중음악,한국음악,39.9166479894342,42.62452045491119,37.02409255112611,실패,0.5564426282314852,0.2897183629834354,0.3492234009183765,0.5929669322252104,0.3097827719339748,0.3716783260246963,0.3461904761904761,0.2261428571428571,0.3795513757677409
소규모,무용+뮤지컬,82.7361615465619,0.8914285714285715,0.6534285714285715,0.4475361519521733,무용,뮤지컬,40.79796811958305,40.31991309317665,82.7361615465619,성공,0.4736359726747414,0.4010592463845601,0.3773026046258083,0.3661588662050095,0.635812309349104,0.3746541331746879,0.8914285714285715,0.6534285714285715,0.4475361519521733
소규모,무용+서양음악,46.15675862564429,0.3397619047619047,0.6243333333333334,0.4151333046131841,무용,서양음악,40.79796811958305,40.080170776447225,46.15675862564429,성공,0.4736359726747414,0.4010592463845601,0.3773026046258083,0.5796989069389062,0.274233459327848,0.3471619077627949,0.3397619047619047,0.6243333333333334,0.4151333046131841
소규모,무용+연극,53.79545448296505,0.6028571428571429,0.4087619047619047,0.3671881524491462,무용,연극,40.79796811958305,39.87718528750676,53.79545448296505,성공,0.4736359726747414,0.4010592463845601,0.3773026046258083,0.3966460089512071,0.5810274901656339,0.3185127152407953,0.6028571428571429,0.4087619047619047,0.3671881524491462
소규모,무용+한국음악,49.403241374200384,0.5446428571428571,0.2694285714285714,0.4341219793028028,무용,한국음악,40.79796811958305,42.62452045491119,49.403241374200384,성공,0.4736359726747414,0.4010592463845601,0.3773026046258083,0.5929669322252104,0.3097827719339748,0.3716783260246963,0.5446428571428571,0.2694285714285714,0.4341219793028028
소규모,뮤지컬+서양음악,58.22304702973381,0.6623214285714286,0.3534285714285714,0.4131871365275598,뮤지컬,서양음악,40.31991309317665,40.080170776447225,58.22304702973381,성공,0.3661588662050095,0.635812309349104,0.3746541331746879,0.5796989069389062,0.274233459327848,0.3471619077627949,0.6623214285714286,0.3534285714285714,0.4131871365275598
소규모,뮤지컬+연극,56.15731975915395,0.5106349206349206,0.4991349206349206,0.4131133530382611,뮤지컬,연극,40.31991309317665,39.87718528750676,56.15731975915395,성공,0.3661588662050095,0.635812309349104,0.3746541331746879,0.3966460089512071,0.5810274901656339,0.3185127152407953,0.5106349206349206,0.4991349206349206,0.4131133530382611
소규모,뮤지컬+한국음악,47.96795922173923,0.4407142857142856,0.3938571428571428,0.3713421605798137,뮤지컬,한국음악,40.31991309317665,42.62452045491119,47.96795922173923,성공,0.3661588662050095,0.635812309349104,0.3746541331746879,0.5929669322252104,0.3097827719339748,0.3716783260246963,0.4407142857142856,0.3938571428571428,0.3713421605798137
소규모,서양음악+연극,36.56657198809473,0.27625,0.4158839285714285,0.3606280181026792,서양음악,연극,40.080170776447225,39.87718528750676,36.56657198809473,실패,0.5796989069389062,0.274233459327848,0.3471619077627949,0.3966460089512071,0.5810274901656339,0.3185127152407953,0.27625,0.4158839285714285,0.3606280181026792
소규모,서양음악+한국음악,53.80881807534902,0.6248979591836734,0.3218299319727891,0.4094515337049683,서양음악,한국음악,40.080170776447225,42.62452045491119,53.80881807534902,성공,0.5796989069389062,0.274233459327848,0.3471619077627949,0.5929669322252104,0.3097827719339748,0.3716783260246963,0.6248979591836734,0.3218299319727891,0.4094515337049683
소규모,연극+한국음악,41.16501696671698,0.3861904761904762,0.4574523809523809,0.3382374176733472,연극,한국음악,39.87718528750676,42.62452045491119,41.16501696671698,실패,0.3966460089512071,0.5810274901656339,0.3185127152407953,0.5929669322252104,0.3097827719339748,0.3716783260246963,0.3861904761904762,0.4574523809523809,0.3382374176733472
중규모,대중무용+대중음악,31.68744984918524,0.2157142857142857,0.2795714285714286,0.352205808282917,대중무용,대중음악,46.682013028743874,52.53836276716907,31.68744984918524,실패,0.5150298878334649,0.4367524872192271,0.4805223669539559,0.6331815373855406,0.494650960806298,0.4262427318312384,0.2157142857142857,0.2795714285714286,0.352205808282917
중규모,대중무용+무용,46.67667828369861,0.3614285714285714,0.4809107142857143,0.5130082753876251,대중무용,무용,46.682013028743874,54.61351983988799,46.67667828369861,실패,0.5150298878334649,0.4367524872192271,0.4805223669539559,0.6081409951797192,0.5467228453380877,0.4914177080203707,0.3614285714285714,0.4809107142857143,0.5130082753876251
중규모,대중무용+뮤지컬,79.20751956057315,0.8914285714285715,0.5568571428571429,0.6015701447941071,대중무용,뮤지컬,46.682013028743874,47.30337387641469,79.20751956057315,성공,0.5150298878334649,0.4367524872192271,0.4805223669539559,0.4177239929027063,0.6951239757838903,0.4889303808908045,0.8914285714285715,0.5568571428571429,0.6015701447941071
중규모,대중무용+연극,61.63817266392119,0.6007142857142858,0.466,0.5204112642857024,대중무용,연극,46.682013028743874,52.12822058453033,61.63817266392119,성공,0.5150298878334649,0.4367524872192271,0.4805223669539559,0.5293271761900343,0.629425133799102,0.4716085006482154,0.6007142857142858,0.466,0.5204112642857024
중규모,대중무용+한국음악,75.21695222903611,0.8914285714285715,0.4687142857142857,0.5687182931960959,대중무용,한국음악,46.682013028743874,48.933778276593856,75.21695222903611,성공,0.5150298878334649,0.4367524872192271,0.4805223669539559,0.5503862328906539,0.4743892611670742,0.4746764876718097,0.8914285714285715,0.4687142857142857,0.5687182931960959
중규모,대중음악+무용,36.67460442346343,0.2614285714285714,0.3843571428571428,0.4820372948788907,대중음악,무용,52.53836276716907,54.61351983988799,36.67460442346343,실패,0.6331815373855406,0.494650960806298,0.4262427318312384,0.6081409951797192,0.5467228453380877,0.4914177080203707,0.2614285714285714,0.3843571428571428,0.4820372948788907
중규모,대중음악+뮤지컬,69.70398539103658,0.7516428571428572,0.5006357142857143,0.520981263161325,대중음악,뮤지컬,52.53836276716907,47.30337387641469,69.70398539103658,성공,0.6331815373855406,0.494650960806298,0.4262427318312384,0.4177239929027063,0.6951239757838903,0.4889303808908045,0.7516428571428572,0.5006357142857143,0.520981263161325
중규모,대중음악+서양음악,56.36751353719631,0.5396428571428572,0.4647142857142856,0.4276745421803175,대중음악,서양음악,52.53836276716907,45.37959942735289,56.36751353719631,성공,0.6331815373855406,0.494650960806298,0.4262427318312384,0.5428111026243316,0.39923405155656,0.4252265022246441,0.5396428571428572,0.4647142857142856,0.4276745421803175
중규모,대중음악+연극,59.88498430284379,0.5515714285714286,0.5610071428571428,0.4464784608702066,대중음악,연극,52.53836276716907,52.12822058453033,59.88498430284379,성공,0.6331815373855406,0.494650960806298,0.4262427318312384,0.5293271761900343,0.629425133799102,0.4716085006482154,0.5515714285714286,0.5610071428571428,0.4464784608702066
중규모,대중음악+한국음악,59.43183730988473,0.5926455026455026,0.4789100529100529,0.4521511636135978,대중음악,한국음악,52.53836276716907,48.933778276593856,59.43183730988473,성공,0.6331815373855406,0.494650960806298,0.4262427318312384,0.5503862328906539,0.4743892611670742,0.4746764876718097,0.5926455026455026,0.4789100529100529,0.4521511636135978
중규모,무용+뮤지컬,50.04895552442765,0.4221428571428571,0.5800892857142856,0.446930009064783,무용,뮤지컬,54.61351983988799,47.30337387641469,50.04895552442765,실패,0.6081409951797192,0.5467228453380877,0.4914177080203707,0.4177239929027063,0.6951239757838903,0.4889303808908045,0.4221428571428571,0.5800892857142856,0.446930009064783
중규모,무용+서양음악,52.880389085136265,0.5012244897959184,0.4508520408163265,0.4723642463303728,무용,서양음악,54.61351983988799,45.37959942735289,52.880389085136265,성공,0.6081409951797192,0.5467228453380877,0.4914177080203707,0.5428111026243316,0.39923405155656,0.4252265022246441,0.5012244897959184,0.4508520408163265,0.4723642463303728
중규모,무용+연극,69.2496589400427,0.7778571428571428,0.4725857142857143,0.5284307099366456,무용,연극,54.61351983988799,52.12822058453033,69.2496589400427,성공,0.6081409951797192,0.5467228453380877,0.4914177080203707,0.5293271761900343,0.629425133799102,0.4716085006482154,0.7778571428571428,0.4725857142857143,0.5284307099366456
중규모,무용+한국음악,49.74606173282496,0.4558095238095238,0.4510238095238095,0.4233642171868115,무용,한국음악,54.61351983988799,48.933778276593856,49.74606173282496,실패,0.6081409951797192,0.5467228453380877,0.4914177080203707,0.5503862328906539,0.4743892611670742,0.4746764876718097,0.4558095238095238,0.4510238095238095,0.4233642171868115
중규모,뮤지컬+서양음악,47.91271748859494,0.418235294117647,0.4442521008403362,0.4834999951240585,뮤지컬,서양음악,47.30337387641469,45.37959942735289,47.91271748859494,성공,0.4177239929027063,0.6951239757838903,0.4889303808908045,0.5428111026243316,0.39923405155656,0.4252265022246441,0.418235294117647,0.4442521008403362,0.4834999951240585
중규모,뮤지컬+연극,55.04912370477073,0.4755357142857142,0.5040178571428572,0.527471788500289,뮤지컬,연극,47.30337387641469,52.12822058453033,55.04912370477073,성공,0.4177239929027063,0.6951239757838903,0.4889303808908045,0.5293271761900343,0.629425133799102,0.4716085006482154,0.4755357142857142,0.5040178571428572,0.527471788500289
중규모,뮤지컬+한국음악,56.27073397526018,0.5918367346938777,0.4018469387755102,0.4824181950083339,뮤지컬,한국음악,47.30337387641469,48.933778276593856,56.27073397526018,성공,0.4177239929027063,0.6951239757838903,0.4889303808908045,0.5503862328906539,0.4743892611670742,0.4746764876718097,0.5918367346938777,0.4018469387755102,0.4824181950083339
중규모,서양음악+연극,60.08291167353725,0.5831318681318681,0.5267417582417582,0.4425572399424405,서양음악,연극,45.37959942735289,52.12822058453033,60.08291167353725,성공,0.5428111026243316,0.39923405155656,0.4252265022246441,0.5293271761900343,0.629425133799102,0.4716085006482154,0.5831318681318681,0.5267417582417582,0.4425572399424405
중규모,서양음악+한국음악,52.637616503760434,0.5036224489795919,0.4265663265306122,0.4475488368029053,서양음악,한국음악,45.37959942735289,48.933778276593856,52.637616503760434,성공,0.5428111026243316,0.39923405155656,0.4252265022246441,0.5503862328906539,0.4743892611670742,0.4746764876718097,0.5036224489795919,0.4265663265306122,0.4475488368029053
중규모,연극+한국음악,49.650682860693934,0.4319999999999999,0.4424928571428571,0.5012607442971424,연극,한국음악,52.12822058453033,48.933778276593856,49.650682860693934,실패,0.5293271761900343,0.629425133799102,0.4716085006482154,0.5503862328906539,0.4743892611670742,0.4746764876718097,0.4319999999999999,0.4424928571428571,0.5012607442971424
