공연명,장르명,지역,공연시설명,최종_좌석점유율,총_공연회차_계산,판매좌석수_합계,평균_판매좌석수,평균판매단가,회차당매출,접근성_점수,좌석수,예측복합장르,장르1,장르2,U_participation,S_scale,A_afford,DPI_plus,DPI_region_adj_seg,DPI_region_pr_seg,is_free
브비브비 시즌2 [울산],복합,영남,울산광역시학생교육문화회관,1.1643059490084986,2,1644.0,818.0,0.0,0.0,2,706,,,,0.8914285714285715,0.8192142857142857,0.3866251361305113,86.18088242763852,89.24627662488123,1.0,True
기업인을 위한 서경 송년음악회,복합,서울,세종문화회관,1.0,1,3022.0,3022.0,0.0,0.0,3,3022,서양음악+뮤지컬,서양음악,뮤지컬,0.8914285714285715,0.6704285714285714,0.3866251361305113,79.54134593214204,82.5454058387565,1.0,True
"ACT 페스티벌, 오디오비주얼 콘서트",복합,호남,국립아시아문화전당,1.0572033898305084,2,1996.0,974.0,0.0,0.0,6,944,,,,0.8914285714285715,0.8411428571428572,0.3866251361305113,87.09632577042295,82.29898997311587,1.0,True
경북대학교 신년음악회 [대구],복합,영남,경북대학교,1.3053892215568863,1,2398.0,2398.0,0.0,0.0,8,1837,서양음악+뮤지컬,서양음악,뮤지컬,0.8914285714285715,0.6558571428571428,0.3866251361305113,78.84526749085728,81.91066168809999,0.9777777777777777,True
광주상설공연 (7월),복합,호남,광주공연마루,1.0109302325581395,18,4347.0,151.0,0.0,0.0,6,172,대중음악+한국음악,대중음악,한국음악,0.8914285714285715,0.8275714285714285,0.3866251361305113,86.53147868821686,81.73414289090978,0.9509803921568627,True
광주상설공연 (7월),복합,호남,광주공연마루,1.0109302325581395,18,4347.0,151.0,0.0,0.0,6,172,대중음악+한국음악,대중음악,한국음악,0.8914285714285715,0.8275714285714285,0.3866251361305113,86.53147868821686,81.73414289090978,0.9509803921568627,True
광주상설공연 (7월),복합,호남,광주공연마루,1.0109302325581395,18,4347.0,151.0,0.0,0.0,6,172,대중음악+한국음악,대중음악,한국음악,0.8914285714285715,0.8275714285714285,0.3866251361305113,86.53147868821686,81.73414289090978,0.9509803921568627,True
광주상설공연 (7월),복합,호남,광주공연마루,1.0109302325581395,18,4347.0,151.0,0.0,0.0,6,172,대중음악+한국음악,대중음악,한국음악,0.8914285714285715,0.8275714285714285,0.3866251361305113,86.53147868821686,81.73414289090978,0.9509803921568627,True
IT중소기업을 위한 송년음악회,복합,서울,롯데콘서트홀,1.0,1,2036.0,2036.0,0.0,0.0,6,2036,서양음악+뮤지컬,서양음악,뮤지컬,0.8914285714285715,0.6519999999999999,0.3866251361305113,78.65946135058061,81.66352125719507,0.9696969696969697,True
광주상설공연 (6월),복합,호남,광주공연마루,1.4267441860465115,10,2454.0,278.0,0.0,0.0,6,172,한국음악+대중음악,한국음악,대중음악,0.8914285714285715,0.821857142857143,0.3866251361305113,86.29198581408694,81.49465001677986,0.9019607843137255,True
광주상설공연 (9월),복합,호남,광주공연마루,1.0154370489174018,18,5065.0,92.0,0.0,0.0,6,172,한국음악+서양음악,한국음악,서양음악,0.8914285714285715,0.8119999999999999,0.3866251361305113,85.87650110064908,81.079165303342,0.8529411764705882,True
광주상설공연 (9월),복합,호남,광주공연마루,1.0154370489174018,18,5065.0,92.0,0.0,0.0,6,172,한국음악+서양음악,한국음악,서양음악,0.8914285714285715,0.8119999999999999,0.3866251361305113,85.87650110064908,81.079165303342,0.8529411764705882,True
광주상설공연 (9월),복합,호남,광주공연마루,1.0154370489174018,18,5065.0,92.0,0.0,0.0,6,172,한국음악+서양음악,한국음악,서양음악,0.8914285714285715,0.8119999999999999,0.3866251361305113,85.87650110064908,81.079165303342,0.8529411764705882,True
광주상설공연 (9월),복합,호남,광주공연마루,1.0154370489174018,18,5065.0,92.0,0.0,0.0,6,172,한국음악+서양음악,한국음악,서양음악,0.8914285714285715,0.8119999999999999,0.3866251361305113,85.87650110064908,81.079165303342,0.8529411764705882,True
대구학생문화센터 합창단·합주단·국악단 연합 정기연주회,복합,영남,대구학생문화센터,1.1555880204528852,1,1582.0,1582.0,0.0,0.0,2,1369,뮤지컬+서양음악,뮤지컬,서양음악,0.8914285714285715,0.6361428571428571,0.3866251361305113,77.88858101022224,80.95397520746494,0.9555555555555556,True
"제64주년 2.28민주운동 헌정공연, 얼음 사이 핀 꽃",복합,영남,수성아트피아,1.3218291630716137,1,1532.0,1532.0,0.0,0.0,3,1159,뮤지컬+대중음악,뮤지컬,대중음악,0.8914285714285715,0.6335714285714286,0.3866251361305113,77.76249088818416,80.82788508542686,0.9333333333333333,True
경민대학교 공연예술과 졸업공연,복합,경인,고양아람누리,1.0,3,912.0,304.0,0.0,0.0,6,304,연극+뮤지컬,연극,뮤지컬,0.8914285714285715,0.7240714285714286,0.3866251361305113,82.02844789905438,80.56390060678781,1.0,True
고양 학생 뮤지컬&연극&영화 축제,복합,경인,고양아람누리,1.0,2,1036.0,366.0,0.0,0.0,8,366,뮤지컬+서양음악,뮤지컬,서양음악,0.8914285714285715,0.7172857142857143,0.3866251361305113,81.72008361865873,80.25553632639216,0.9509803921568627,True
고양 학생 뮤지컬&연극&영화 축제,복합,경인,고양어울림누리,1.0,2,1036.0,366.0,0.0,0.0,8,366,뮤지컬+서양음악,뮤지컬,서양음악,0.8914285714285715,0.7172857142857143,0.3866251361305113,81.72008361865873,80.25553632639216,0.9509803921568627,True
고양 학생 뮤지컬&연극&영화 축제,복합,경인,고양아람누리,1.0,2,1036.0,366.0,0.0,0.0,8,366,뮤지컬+서양음악,뮤지컬,서양음악,0.8914285714285715,0.7172857142857143,0.3866251361305113,81.72008361865873,80.25553632639216,0.9509803921568627,True
고양 학생 뮤지컬&연극&영화 축제,복합,경인,고양어울림누리,1.0,2,1036.0,366.0,0.0,0.0,8,366,뮤지컬+서양음악,뮤지컬,서양음악,0.8914285714285715,0.7172857142857143,0.3866251361305113,81.72008361865873,80.25553632639216,0.9509803921568627,True
"제63주년 2.28민주운동 헌정공연, 굳센 강물처럼",복합,영남,아양아트센터,1.2502250225022502,1,1389.0,1389.0,0.0,0.0,6,1111,뮤지컬+서양음악,뮤지컬,서양음악,0.8914285714285715,0.6215714285714286,0.3866251361305113,77.16997278889704,80.23536698613975,0.9111111111111111,True
광주상설공연 (12월),복합,호남,광주공연마루,1.0235200845665962,13,3873.0,20.0,0.0,0.0,6,172,대중음악+한국음악,대중음악,한국음악,0.8914285714285715,0.7918571428571428,0.3866251361305113,85.01795713048588,80.2206213331788,0.7745098039215687,True
광주상설공연 (12월),복합,호남,광주공연마루,1.0235200845665962,13,3873.0,20.0,0.0,0.0,6,172,대중음악+한국음악,대중음악,한국음악,0.8914285714285715,0.7918571428571428,0.3866251361305113,85.01795713048588,80.2206213331788,0.7745098039215687,True
광주상설공연 (12월),복합,호남,광주공연마루,1.0235200845665962,13,3873.0,20.0,0.0,0.0,6,172,대중음악+한국음악,대중음악,한국음악,0.8914285714285715,0.7918571428571428,0.3866251361305113,85.01795713048588,80.2206213331788,0.7745098039215687,True
광주상설공연 (12월),복합,호남,광주공연마루,1.0235200845665962,13,3873.0,20.0,0.0,0.0,6,172,대중음악+한국음악,대중음악,한국음악,0.8914285714285715,0.7918571428571428,0.3866251361305113,85.01795713048588,80.2206213331788,0.7745098039215687,True
"삼성생명, 삼성화재와 함께하는 오페라마 음악회: 한국 가곡의 봄",복합,서울,국립극장,1.0,1,1221.0,1221.0,0.0,0.0,5,1221,뮤지컬+한국음악,뮤지컬,한국음악,0.8914285714285715,0.6138571428571429,0.3866251361305113,76.78543611708491,79.78949602369937,0.9242424242424242,True
"이데일리TV 신춘 오페라마 콘서트, A New Beginning",복합,서울,국립극장,1.0,1,1221.0,1221.0,0.0,0.0,5,1221,서양음악+뮤지컬,서양음악,뮤지컬,0.8914285714285715,0.6138571428571429,0.3866251361305113,76.78543611708491,79.78949602369937,0.9242424242424242,True
"평화통일 음악회, 탈북민 애환!! 음악으로 듣는다 [사천]",복합,영남,사천문화예술회관,1.41320293398533,1,1156.0,1156.0,0.0,0.0,4,818,대중음악+대중무용,대중음악,대중무용,0.8914285714285715,0.6081428571428571,0.3866251361305113,76.49872095115614,79.56411514839886,0.8888888888888888,True
전국 농어촌 청춘토크쇼: 황금들녘 [천안],복합,충청,천안예술의전당,1.0316686967113275,1,1694.0,1694.0,0.0,0.0,3,1642,대중음악+대중무용,대중음악,대중무용,0.8914285714285715,0.6391428571428571,0.3866251361305113,78.03530024759398,79.19117457635302,1.0,True
오월 어머니의 노래 [서울],복합,서울,연세대학교 백주년기념관,1.3003618817852836,1,1078.0,1078.0,0.0,0.0,7,829,뮤지컬+연극,뮤지컬,연극,0.8914285714285715,0.5954285714285714,0.3866251361305113,75.85492755410623,78.85898746072068,0.8787878787878788,True
3팀 3색 가을 콘서트 [울진],복합,영남,울진군문화센터,1.3451086956521738,1,990.0,990.0,0.0,0.0,3,736,무용+뮤지컬,무용,뮤지컬,0.8914285714285715,0.5818571428571429,0.3866251361305113,75.15856470444191,78.22395890168463,0.8666666666666667,True
제1회 여수 국제 웹 페스트,복합,호남,예울마루,1.0,3,906.0,302.0,0.0,0.0,7,302,서양음악+한국음악,서양음악,한국음악,0.8914285714285715,0.7216428571428571,0.3866251361305113,81.91828597502233,77.12095017771524,0.7254901960784313,True
제30회 덕원예술고등학교 정기무용발표회,복합,경인,고양아람누리,1.0,1,1887.0,1887.0,0.0,0.0,6,1887,무용+대중음악,무용,대중음악,0.8914285714285715,0.6464285714285714,0.3866251361305113,78.38990663926702,76.92535934700045,0.9019607843137255,True
청소년과 함께하는 김숙진의 이야기가 있는 콘서트 [고양],복합,경인,고양아람누리,1.0,1,1449.0,1449.0,0.0,0.0,6,1449,연극+무용,연극,무용,0.8914285714285715,0.631,0.3866251361305113,77.63609333940093,76.17154604713436,0.8823529411764706,True
"애국찬가 드라마콘서트, 동고동락 [고양]",복합,경인,고양어울림누리,1.0,1,1290.0,1290.0,0.0,0.0,8,1290,대중무용+연극,대중무용,연극,0.8914285714285715,0.6190714285714285,0.3866251361305113,77.04566963680541,75.58112234453884,0.8627450980392157,True
"기술입은 문화예술교육, 왓이프 씨어터: AI로 풀어보는 상상극장 쇼케이스",복합,기타,춘천문화예술회관,1.0,1,940.0,940.0,0.0,0.0,3,940,,,,0.8914285714285715,0.5736428571428571,0.3866251361305113,74.73233740247977,74.78988393982567,0.9285714285714286,True
피아니스트 백채영 프로젝트 Vol. 2,복합,기타,춘천문화예술회관,1.0,1,940.0,940.0,0.0,0.0,3,940,서양음악+무용,서양음악,무용,0.8914285714285715,0.5736428571428571,0.3866251361305113,74.73233740247977,74.78988393982567,0.9285714285714286,True
"새해국악연: 청룡, 하늘을 날다",복합,서울,국립국악원,1.0,1,658.0,658.0,0.0,0.0,7,658,한국음악+연극,한국음악,연극,0.8914285714285715,0.5162142857142857,0.3866251361305113,71.64467837839103,74.64873828500549,0.8484848484848485,True
만해 한용운 선생 79주기 추모예술제,복합,서울,국립극장,1.0,1,627.0,627.0,0.0,0.0,5,627,연극+한국음악,연극,한국음악,0.8914285714285715,0.505,0.3866251361305113,71.01800710634329,74.02206701295775,0.8181818181818182,True
"2024 제11회 전남학교예술교육페스티벌, 복합",복합,호남,예울마루,1.0,2,604.0,302.0,0.0,0.0,7,302,서양음악+연극,서양음악,연극,0.8914285714285715,0.6415000000000001,0.3866251361305113,78.15029002657002,73.35295422926293,0.7058823529411765,True
Happy New Year [인천],복합,경인,인천서구문화회관,1.0,1,951.0,951.0,0.0,0.0,4,951,대중음악+서양음악,대중음악,서양음악,0.8914285714285715,0.5747142857142857,0.3866251361305113,74.78813904939014,73.32359175712357,0.8431372549019608,True
스페이스 크루즈(SPACE CRUISE),복합,제주,서귀포예술의전당,0.9488778054862844,2,1522.0,761.0,0.0,0.0,5,802,서양음악+무용,서양음악,무용,0.6771428571428572,0.8107857142857142,0.3866251361305113,72.77305655579048,73.17721532989322,1.0,True
"종교평화음악회, 팔공산은 사명대사를 모십니다 [대구]",복합,영남,대구콘서트하우스,0.9883177570093458,1,1269.0,1269.0,0.0,0.0,7,1284,서양음악+대중음악,서양음악,대중음악,0.7614285714285715,0.6180000000000001,0.3866251361305113,70.0443148374292,73.10970903467191,0.8444444444444444,True
제55회 군산 진포예술제 개막식,복합,호남,군산예술의전당,1.0,1,1200.0,1200.0,0.0,0.0,4,1200,연극+서양음악,연극,서양음악,0.8914285714285715,0.6113571428571428,0.3866251361305113,76.66019613830922,71.86286034100213,0.6862745098039216,True
도란도란 이야기보따리 [성남],복합,경인,성남아트센터,0.9867724867724867,2,746.0,373.0,0.0,0.0,7,378,,,,0.7442857142857143,0.6862857142857144,0.3866251361305113,72.05195903972687,70.5874117474603,0.8235294117647058,True
The Magic 팬텀 & 퀸 [논산],복합,충청,논산아트센터(구. 논산문화예술회관),1.0,1,560.0,560.0,0.0,0.0,5,560,대중음악+서양음악,대중음악,서양음악,0.8914285714285715,0.47250000000000003,0.3866251361305113,69.15325946577353,70.30913379453257,0.9666666666666667,True
"아름다운 동행 우리함께, SING A SONG",복합,제주,서귀포예술의전당,1.0074812967581048,1,808.0,365.0,0.0,0.0,5,802,서양음악+한국음악,서양음악,한국음악,0.8914285714285715,0.4821428571428571,0.3866251361305113,69.71435677364322,70.11851554774596,0.9090909090909091,True
"청년시점, 청년예술콘서트 1부",복합,경인,안산문화예술의전당,1.0,2,280.0,140.0,0.0,0.0,6,140,서양음악+연극,서양음악,연극,0.8914285714285715,0.5027142857142857,0.3866251361305113,70.88925635577986,69.42470906351329,0.803921568627451,True
"DSAC 문화나눔 프로젝트, 아모르 콘서트: 크로스 오버",복합,영남,달서아트센터 (구. 웃는얼굴아트센터),1.0,1,455.0,455.0,0.0,0.0,6,455,서양음악+무용,서양음악,무용,0.8914285714285715,0.4202857142857143,0.3866251361305113,65.98873167369494,69.05412587093764,0.8222222222222222,True
"익산 브랜드 공연, WEST & EAST: 서쪽남자 & 동쪽여자",복합,호남,익산예술의전당,0.93261231281198,4,4484.0,1121.0,0.0,0.0,8,1202,서양음악+무용,서양음악,무용,0.6371428571428571,0.9202142857142858,0.3866251361305113,73.80702150698424,69.00968570967716,0.6666666666666666,True
"제12회 당진시민의 날, 기념식",복합,충청,당진문예의전당,0.98001998001998,1,981.0,981.0,0.0,0.0,5,1001,뮤지컬+연극,뮤지컬,연극,0.73,0.5797142857142856,0.3866251361305113,66.5701165249611,67.72599085372013,0.9333333333333333,True
"공연장상주단체 페스티벌: 한 여름의 축제, YOU [세종]",복합,충청,세종문화예술회관,0.985748218527316,1,830.0,830.0,0.0,0.0,2,842,서양음악+한국음악,서양음악,한국음악,0.7414285714285714,0.5577857142857143,0.3866251361305113,66.16503484664545,67.3209091754045,0.9,True
고창 송년음악회,복합,호남,고창문화의전당,1.0,1,625.0,625.0,0.0,0.0,2,625,대중음악+한국음악,대중음악,한국음악,0.8914285714285715,0.5032857142857143,0.3866251361305113,70.92147691723045,66.12414111992337,0.6372549019607843,True
타악 & DJ퍼포먼스 BEAT OF SCHOOL,복합,호남,고창문화의전당,1.0,1,625.0,625.0,0.0,0.0,2,625,뮤지컬+서양음악,뮤지컬,서양음악,0.8914285714285715,0.5032857142857143,0.3866251361305113,70.92147691723045,66.12414111992337,0.6372549019607843,True
광주상설공연 (8월),복합,호남,광주공연마루,0.9375,17,4515.0,130.0,0.0,0.0,6,172,서양음악+연극,서양음악,연극,0.6428571428571429,0.819,0.3866251361305113,70.82429252215907,66.02695672485198,0.5784313725490197,True
광주상설공연 (8월),복합,호남,광주공연마루,0.9375,17,4515.0,130.0,0.0,0.0,6,172,서양음악+연극,서양음악,연극,0.6428571428571429,0.819,0.3866251361305113,70.82429252215907,66.02695672485198,0.5784313725490197,True
광주상설공연 (8월),복합,호남,광주공연마루,0.9375,17,4515.0,130.0,0.0,0.0,6,172,서양음악+연극,서양음악,연극,0.6428571428571429,0.819,0.3866251361305113,70.82429252215907,66.02695672485198,0.5784313725490197,True
광주상설공연 (8월),복합,호남,광주공연마루,0.9375,17,4515.0,130.0,0.0,0.0,6,172,서양음악+연극,서양음악,연극,0.6428571428571429,0.819,0.3866251361305113,70.82429252215907,66.02695672485198,0.5784313725490197,True
"최영림의 음악으로 더불어창작프로젝트 Part 2, 놀자 [춘천]",복합,기타,춘천문화예술회관,0.9787234042553192,1,920.0,920.0,0.0,0.0,3,940,한국음악+뮤지컬,한국음악,뮤지컬,0.7257142857142858,0.5701428571428571,0.3866251361305113,65.8950631417921,65.95260967913799,0.7142857142857143,True
"무장애 문화향유 활성화 지원사업, 이심전심 문화공감",복합,경인,청라복합문화센터 블루노바홀,1.0,1,486.0,486.0,0.0,0.0,4,486,대중음악+서양음악,대중음악,서양음악,0.8914285714285715,0.43757142857142856,0.3866251361305113,67.06122965453297,65.59668236226639,0.7745098039215687,True
"제29회 서곶문화예술제: 옛 시로 듣는다, 달달한 시",복합,경인,청라복합문화센터 블루노바홀,1.0,1,486.0,486.0,0.0,0.0,4,486,대중음악+서양음악,대중음악,서양음악,0.8914285714285715,0.43757142857142856,0.3866251361305113,67.06122965453297,65.59668236226639,0.7745098039215687,True
"퍼플엘리, 에펠탑 앞에서 사진찍기",복합,제주,제주아트센터,0.9442567567567568,1,1118.0,1118.0,0.0,0.0,6,1184,서양음악+대중음악,서양음악,대중음악,0.67,0.6041428571428571,0.3866251361305113,64.28368135252349,64.68784012662623,0.7727272727272727,True
해피 아트: 크리스마스 선물,복합,제주,제주아트센터,0.9442567567567568,1,1118.0,1118.0,0.0,0.0,6,1184,대중음악+대중무용,대중음악,대중무용,0.67,0.6041428571428571,0.3866251361305113,64.28368135252349,64.68784012662623,0.7727272727272727,True
재즈와 탱고 그리고 성악이 흐르는 Happy Summertime Concert,복합,서울,롯데콘서트홀,0.9179764243614932,1,1869.0,1869.0,0.0,0.0,6,2036,서양음악+대중음악,서양음악,대중음악,0.5971428571428572,0.6455714285714286,0.3866251361305113,61.606234635084164,64.61029454169862,0.7878787878787878,True
제1회 청바지 가을 음악회: 청년이 바꾸는 지방,복합,영남,천마아트센터,0.9882352941176472,1,504.0,504.0,0.0,0.0,7,510,서양음악+뮤지컬,서양음악,뮤지컬,0.7585714285714286,0.4473571428571428,0.3866251361305113,61.412904696421954,64.47829889366466,0.8,True
설화와 국악심포니 만나다,복합,경인,군포문화예술회관,0.9658493870402802,1,1103.0,1103.0,0.0,0.0,8,1142,,,,0.7,0.6011428571428572,0.3866251361305113,65.86427268943041,64.39972539716383,0.7450980392156863,True
"제88회 명품콘서트, Asia & Saha 아티스트 콜라보",복합,영남,을숙도문화회관,0.9539748953974896,1,684.0,684.0,0.0,0.0,4,717,연극+한국음악,연극,한국음악,0.6814285714285714,0.522,0.3866251361305113,61.252018443120406,64.3174126403631,0.7777777777777778,True
"김천시립예술단 서울공연, Memory in 김천",복합,서울,올림픽공원,0.9282094594594594,1,1099.0,1099.0,0.0,0.0,4,1184,서양음악+한국음악,서양음악,한국음악,0.6171428571428571,0.5992857142857143,0.3866251361305113,60.99370208006096,63.99776198667543,0.7575757575757576,True
"흔들리며 피는 꽃 22, 괭이갈매기와 땅채송화의 섬, 독도",복합,영남,대구어린이회관 꾀꼬리극장,0.9649415692821368,1,578.0,578.0,0.0,0.0,7,599,연극+한국음악,연극,한국음악,0.6971428571428572,0.48157142857142854,0.3866251361305113,60.12531354828275,63.19070774552545,0.7555555555555555,True
"세대공감 어울림 북콘서트, 김상욱 with 궤도 [경산]",복합,영남,천마아트센터,0.907358390682901,1,1714.0,1714.0,0.0,0.0,7,1889,연극+한국음악,연극,한국음악,0.5685714285714286,0.6404285714285713,0.3866251361305113,59.62924338625911,62.694637583501816,0.7333333333333333,True
오월 어머니의 노래 [제주],복합,제주,서귀포예술의전당,0.9538653366583542,1,765.0,765.0,0.0,0.0,5,802,서양음악+한국음악,서양음악,한국음악,0.68,0.546,0.3866251361305113,62.284847393712326,62.68900616781506,0.6363636363636364,True
동아시아문화도시 개막식 [김해],복합,영남,김해문화의전당,0.9112021857923496,1,1334.0,1334.0,0.0,0.0,8,1464,연극+한국음악,연극,한국음악,0.5771428571428572,0.6205714285714286,0.3866251361305113,59.41371459576632,62.479108793009026,0.7111111111111111,True
고양시 자원봉사자의날 기념행사,복합,경인,고양어울림누리,1.0,1,366.0,366.0,0.0,0.0,8,366,서양음악+한국음악,서양음악,한국음악,0.8914285714285715,0.37885714285714284,0.3866251361305113,63.30559888831508,61.84105159604851,0.6862745098039216,True
뷰티힐링 콘서트 with VIPIST [고양],복합,경인,고양어울림누리,1.0,1,366.0,366.0,0.0,0.0,8,366,서양음악+무용,서양음악,무용,0.8914285714285715,0.37885714285714284,0.3866251361305113,63.30559888831508,61.84105159604851,0.6862745098039216,True
어울림문화학교 수강생 발표회 [고양],복합,경인,고양어울림누리,1.0,1,366.0,366.0,0.0,0.0,8,366,무용+한국음악,무용,한국음악,0.8914285714285715,0.37885714285714284,0.3866251361305113,63.30559888831508,61.84105159604851,0.6862745098039216,True
"어울림문화학교, 수강생 어울림마당 [고양]",복합,경인,고양어울림누리,1.0,1,366.0,366.0,0.0,0.0,8,366,,,,0.8914285714285715,0.37885714285714284,0.3866251361305113,63.30559888831508,61.84105159604851,0.6862745098039216,True
제28회 대한노인회 덕양구지회 노인의날 축하공연,복합,경인,고양어울림누리,1.0,1,366.0,366.0,0.0,0.0,8,366,무용+한국음악,무용,한국음악,0.8914285714285715,0.37885714285714284,0.3866251361305113,63.30559888831508,61.84105159604851,0.6862745098039216,True
삼일절 104돌 기념 성남시민 어울림 한마당,복합,경인,성남아트리움 (구. 성남시민회관),0.9782945736434108,1,631.0,631.0,0.0,0.0,10,645,연극+무용,연극,무용,0.7242857142857143,0.506,0.3866251361305113,62.74890597753108,61.28435868526451,0.6274509803921569,True
벌나비가 찾아와서 봄소식을 전하는데,복합,영남,대구서구문화회관,0.9778761061946902,1,442.0,442.0,0.0,0.0,3,452,한국음악+대중음악,한국음악,대중음악,0.7214285714285714,0.4145714285714286,0.3866251361305113,57.803714868244995,60.8691090654877,0.6888888888888889,True
"서구愛마토콘서트, 나팔바지: X세대 엄빠의 가요 톱텐",복합,영남,대구서구문화회관,0.9690265486725664,1,438.0,438.0,0.0,0.0,3,452,무용+연극,무용,연극,0.7142857142857143,0.4125714285714286,0.3866251361305113,57.348602353376634,60.41399655061934,0.6666666666666666,True
어머니 달의신화,복합,제주,서귀포예술의전당,0.8678304239401496,2,1392.0,696.0,0.0,0.0,5,802,무용+뮤지컬,무용,뮤지컬,0.49142857142857144,0.7992142857142858,0.3866251361305113,59.69549212001923,60.099650894121964,0.5454545454545454,True
젊은날의 초상,복합,충청,아산시 평생학습관(여성회관 아산아트홀),0.9685658153241652,1,493.0,493.0,0.0,0.0,4,509,뮤지컬+서양음악,뮤지컬,서양음악,0.7114285714285714,0.44185714285714284,0.3866251361305113,58.80192362238547,59.957797951144514,0.8666666666666667,True
광주상설공연 (11월),복합,호남,광주공연마루,0.9026701119724376,17,4192.0,60.0,0.0,0.0,6,172,한국음악+대중음악,한국음악,대중음악,0.5564285714285714,0.8052857142857143,0.3866251361305113,64.50979341492793,59.71245761762084,0.5,True
광주상설공연 (11월),복합,호남,광주공연마루,0.9026701119724376,17,4192.0,60.0,0.0,0.0,6,172,한국음악+대중음악,한국음악,대중음악,0.5564285714285714,0.8052857142857143,0.3866251361305113,64.50979341492793,59.71245761762084,0.5,True
광주상설공연 (11월),복합,호남,광주공연마루,0.9026701119724376,17,4192.0,60.0,0.0,0.0,6,172,한국음악+대중음악,한국음악,대중음악,0.5564285714285714,0.8052857142857143,0.3866251361305113,64.50979341492793,59.71245761762084,0.5,True
광주상설공연 (11월),복합,호남,광주공연마루,0.9026701119724376,17,4192.0,60.0,0.0,0.0,6,172,한국음악+대중음악,한국음악,대중음악,0.5564285714285714,0.8052857142857143,0.3866251361305113,64.50979341492793,59.71245761762084,0.5,True
송파 송년음악회,복합,서울,롯데콘서트홀,0.888015717092338,1,1808.0,1808.0,0.0,0.0,6,2036,뮤지컬+대중음악,뮤지컬,대중음악,0.5185714285714286,0.6447142857142857,0.3866251361305113,56.575977778173666,59.580037684788124,0.7272727272727273,True
비르투오소 인 클래식 [부천],복합,경인,부천아트센터,1.0,1,304.0,304.0,0.0,0.0,0,304,서양음악+무용,서양음악,무용,0.8914285714285715,0.3410714285714286,0.3866251361305113,60.7001921549694,59.23564486270283,0.5882352941176471,True
자유를 향한 소리 [부천],복합,경인,부천아트센터,1.0,1,304.0,304.0,0.0,0.0,0,304,서양음악+무용,서양음악,무용,0.8914285714285715,0.3410714285714286,0.3866251361305113,60.7001921549694,59.23564486270283,0.5882352941176471,True
"제155회 두레콘서트, 시와 노래가 있는 나태주 시인 토크 콘서트",복합,경인,고양아람누리,1.0,1,304.0,304.0,0.0,0.0,6,304,대중음악+한국음악,대중음악,한국음악,0.8914285714285715,0.3410714285714286,0.3866251361305113,60.7001921549694,59.23564486270283,0.5882352941176471,True
콘텐츠 창의인재동반사업 쇼케이스: 데뷔를 대비하라,복합,서울,국립극장,0.8054226475279107,4,2020.0,505.0,0.0,0.0,5,627,뮤지컬+연극,뮤지컬,연극,0.42857142857142855,0.8420714285714286,0.3866251361305113,56.15048368094635,59.15454358756081,0.696969696969697,True
가슴이 콩닥콩닥 [창원],복합,영남,3.15아트센터,0.8917089678510999,1,1054.0,1054.0,0.0,0.0,4,1182,한국음악+연극,한국음악,연극,0.5328571428571428,0.5926428571428572,0.3866251361305113,55.60114009628063,58.666534293523334,0.6444444444444445,True
"제20회 부산국제합창제, 대상경연 및 시상식",복합,영남,(재)영화의전당,0.901307966706302,1,758.0,758.0,0.0,0.0,8,841,서양음악+대중음악,서양음악,대중음악,0.55,0.5427857142857142,0.3866251361305113,54.710285011827594,57.7756792090703,0.6111111111111112,True
제3회 부산국제어린이청소년아트페어 개막식,복합,영남,(재)영화의전당,0.901307966706302,1,758.0,758.0,0.0,0.0,8,841,한국음악+뮤지컬,한국음악,뮤지컬,0.55,0.5427857142857142,0.3866251361305113,54.710285011827594,57.7756792090703,0.6111111111111112,True
스테이지 만남동 [경기 광주],복합,경인,남한산성아트홀,1.0,1,270.0,270.0,0.0,0.0,8,270,무용+대중무용,무용,대중무용,0.8914285714285715,0.3177142857142857,0.3866251361305113,59.001985561070356,57.53743826880378,0.5490196078431373,True
제11회 성남시 통고구마 축제,복합,경인,성남아트센터,0.9035476718403548,1,1630.0,1630.0,0.0,0.0,7,1804,대중무용+대중음악,대중무용,대중음악,0.56,0.6374285714285715,0.3866251361305113,58.977373338847215,57.51282604658064,0.5294117647058824,True
세종메세나 콘서트,복합,충청,세종예술의전당,0.888422035480859,1,1903.0,972.0,0.0,0.0,1,1071,연극+한국음악,연극,한국음악,0.5235714285714286,0.6276428571428572,0.3866251361305113,56.29510061402433,57.45097494278336,0.7833333333333333,True
세종메세나 콘서트,복합,충청,세종예술의전당,0.888422035480859,1,1903.0,972.0,0.0,0.0,1,1071,연극+한국음악,연극,한국음악,0.5235714285714286,0.6276428571428572,0.3866251361305113,56.29510061402433,57.45097494278336,0.7833333333333333,True
세종메세나 콘서트,복합,충청,세종예술의전당,0.888422035480859,1,1903.0,972.0,0.0,0.0,1,1071,연극+한국음악,연극,한국음악,0.5235714285714286,0.6276428571428572,0.3866251361305113,56.29510061402433,57.45097494278336,0.7833333333333333,True
세종메세나 콘서트,복합,충청,세종예술의전당,0.888422035480859,1,1903.0,972.0,0.0,0.0,1,1071,연극+한국음악,연극,한국음악,0.5235714285714286,0.6276428571428572,0.3866251361305113,56.29510061402433,57.45097494278336,0.7833333333333333,True
"3인 3색, 동행",복합,영남,국립부산국악원,0.9927536231884058,1,274.0,274.0,0.0,0.0,5,276,서양음악+한국음악,서양음악,한국음악,0.7742857142857142,0.31957142857142856,0.3866251361305113,54.34604268359361,57.41143688083631,0.5777777777777777,True
Jazz & 국악 With 웅산,복합,충청,논산아트센터(구. 논산문화예술회관),0.9375,1,525.0,525.0,0.0,0.0,5,560,한국음악+무용,한국음악,무용,0.6428571428571429,0.4555714285714286,0.3866251361305113,56.01331499326248,57.16918932202152,0.7,True
이천시민을 위한 희망음악회,복합,경인,이천아트홀,0.9108333333333334,1,1093.0,1093.0,0.0,0.0,6,1200,서양음악+뮤지컬,서양음악,뮤지컬,0.575,0.5982142857142857,0.3866251361305113,58.41756074462142,56.953013452354845,0.5098039215686274,True
상상음악회 [논산],복합,충청,논산아트센터(구. 논산문화예술회관),1.0,1,169.0,169.0,0.0,0.0,5,169,,,,0.8914285714285715,0.275,0.3866251361305113,55.69099885677281,56.84687318553185,0.6666666666666666,True
"KOREAN DRUM Ⅲ: THE DRUM SHAMAN, 영혼의 맥박소리",복합,영남,(재)영화의전당,0.8941736028537456,1,752.0,752.0,0.0,0.0,8,841,무용+연극,무용,연극,0.5357142857142857,0.5405714285714286,0.3866251361305113,53.7651883689932,56.830582566235904,0.5555555555555556,True
"Adieu 중구, 힐링의 밤",복합,경인,인천중구문화회관,0.938871473354232,1,599.0,599.0,0.0,0.0,2,638,한국음악+대중음악,한국음악,대중음악,0.65,0.49071428571428577,0.3866251361305113,58.08707320767679,56.622525915410215,0.49019607843137253,True
"신년음악회, 소복다복(笑福多福): 계묘년",복합,경인,광명문화예술교육지원센터 광명극장,0.9645833333333332,1,463.0,463.0,0.0,0.0,1,480,대중음악+한국음악,대중음악,한국음악,0.6957142857142857,0.4257142857142857,0.3866251361305113,57.16179292781213,55.697245635545556,0.47058823529411764,True
성남아트센터 후원회 송년음악회,복합,경인,성남아트센터,0.9867724867724867,1,373.0,373.0,0.0,0.0,7,378,한국음악+뮤지컬,한국음악,뮤지컬,0.7442857142857143,0.3836428571428571,0.3866251361305113,57.097179665135876,55.6326323728693,0.4411764705882353,True
제3회 SA청소년오케스트라 정기연주회,복합,경인,성남아트센터,0.9867724867724867,1,373.0,373.0,0.0,0.0,7,378,무용+연극,무용,연극,0.7442857142857143,0.3836428571428571,0.3866251361305113,57.097179665135876,55.6326323728693,0.4411764705882353,True
한양대학교 무용학과 60주년 창작 춤 페스티벌,복합,서울,강동아트센터,0.8764705882352941,1,745.0,745.0,0.0,0.0,7,850,무용+연극,무용,연극,0.5057142857142857,0.5382857142857143,0.3866251361305113,51.8499419918234,54.85400189843786,0.6666666666666666,True
"제18회 당진예술제, 개막식",복합,충청,당진문예의전당,0.8801198801198801,1,881.0,881.0,0.0,0.0,5,1001,서양음악+연극,서양음악,연극,0.51,0.5635714285714286,0.3866251361305113,53.07887294642888,54.234747275187914,0.6333333333333333,True
begin again 타쇼 time [안산],복합,경인,안산문화예술의전당,0.9134078212290504,1,654.0,654.0,0.0,0.0,6,716,무용+대중음악,무용,대중음악,0.5871428571428572,0.5140714285714286,0.3866251361305113,55.67441417294518,54.209866880678604,0.4117647058823529,True
스피리또앙상블과 함께하는 베토벤 & 클림트 운명의 키스,복합,충청,논산아트센터(구. 논산문화예술회관),0.9107142857142856,1,510.0,510.0,0.0,0.0,5,560,서양음악+뮤지컬,서양음악,뮤지컬,0.5728571428571428,0.4525,0.3866251361305113,52.12850056618845,53.28437489494749,0.6,True
가을밤의 음악회,복합,서울,국립4·19민주묘지,0.842,1,842.0,842.0,0.0,0.0,0,1000,서양음악+무용,서양음악,무용,0.46714285714285714,0.5605714285714286,0.3866251361305113,50.248396930992925,53.25245683760738,0.6363636363636364,True
"제47회 심훈상록문화제, 개막식",복합,충청,당진문예의전당,0.8681318681318682,1,869.0,869.0,0.0,0.0,5,1001,대중음악+연극,대중음악,연극,0.49357142857142855,0.5625,0.3866251361305113,52.006666533176016,53.16254086193506,0.55,True
"제47회 심훈상록문화제, 폐막식",복합,충청,당진문예의전당,0.8681318681318682,1,869.0,869.0,0.0,0.0,5,1001,대중음악+서양음악,대중음악,서양음악,0.49357142857142855,0.5625,0.3866251361305113,52.006666533176016,53.16254086193506,0.55,True
그대 먼 데서 이기고 돌아온 사람아,복합,충청,당진문예의전당,0.9666666666666668,1,290.0,290.0,0.0,0.0,5,300,대중음악+한국음악,대중음악,한국음악,0.7057142857142857,0.32842857142857146,0.3866251361305113,51.9701197881164,53.12599411687543,0.5,True
반짝반짝 그 찬란한 날 [대구],복합,영남,대구학생문화센터,0.9874213836477987,1,157.0,157.0,0.0,0.0,2,159,무용+서양음악,무용,서양음악,0.75,0.2722857142857143,0.3866251361305113,50.008830757708786,53.07422495495149,0.5333333333333333,True
동백꽃 여인 (La Traviata) [충주],복합,충청,충주시문화회관,0.8706411698537683,1,774.0,774.0,0.0,0.0,1,889,서양음악+한국음악,서양음악,한국음악,0.5,0.5488571428571428,0.3866251361305113,51.89980556203304,53.05567989079208,0.4666666666666667,True
Colorful Music Gala Concert,복합,경인,성남아트리움 (구. 성남시민회관),0.9131782945736434,1,589.0,589.0,0.0,0.0,10,645,연극+서양음악,연극,서양음악,0.5842857142857143,0.4872857142857143,0.3866251361305113,54.336121150469495,52.87157385820292,0.39215686274509803,True
"모두뮤직페스타, Belonging Ⅳ: 해방 Emancipation",복합,서울,모두예술극장,0.9575289575289576,1,248.0,248.0,0.0,0.0,0,259,무용+연극,무용,연극,0.6842857142857143,0.30657142857142855,0.3866251361305113,49.631243339908124,52.63530324652258,0.6060606060606061,True
"송년음악회, 우리가 함께한 순간들",복합,경인,인천학생교육문화회관,0.9121621621621622,1,540.0,540.0,0.0,0.0,5,592,서양음악+연극,서양음악,연극,0.5814285714285714,0.4622142857142857,0.3866251361305113,53.04386574560439,51.57931845333782,0.37254901960784315,True
제4회 장애인의 날 기념 위더스콘서트,복합,경인,성남아트센터,0.8392461197339246,1,1514.0,1514.0,0.0,0.0,7,1804,무용+한국음악,무용,한국음악,0.4585714285714286,0.6327142857142857,0.3866251361305113,52.15875921056033,50.69421191829376,0.35294117647058826,True
효 콘서트 [청양],복합,충청,청양문예회관,0.8800623052959502,1,565.0,565.0,0.0,0.0,5,642,뮤지컬+대중음악,뮤지컬,대중음악,0.5085714285714286,0.4752142857142857,0.3866251361305113,49.49564292241283,50.65151725117187,0.43333333333333335,True
팜페라 콘서트,복합,경인,별빛도서관,0.9871244635193132,1,230.0,230.0,0.0,0.0,6,233,서양음악+한국음악,서양음악,한국음악,0.7485714285714286,0.3008571428571429,0.3866251361305113,51.98572186806318,50.52117457579661,0.3333333333333333,True
"제21회 유엔참전용사, 영웅을 위한 음악회",복합,서울,롯데콘서트홀,0.7696463654223968,1,1567.0,1567.0,0.0,0.0,6,2036,한국음악+서양음악,한국음악,서양음악,0.3914285714285714,0.6348571428571428,0.3866251361305113,47.49653390151597,50.50059380813043,0.5757575757575758,True
"호국보훈의달 기념콘서트, 아! 대한민국",복합,영남,대덕문화전당,0.8768656716417911,1,470.0,470.0,0.0,0.0,4,536,서양음악+한국음악,서양음악,한국음악,0.5071428571428571,0.4282142857142857,0.3866251361305113,47.396104519598815,50.46149871684152,0.5111111111111111,True
Movie & Musical과 함께하는 음악산책 [홍주],복합,충청,홍주문화회관,0.8828382838283828,1,535.0,535.0,0.0,0.0,1,606,서양음악+대중음악,서양음악,대중음악,0.515,0.4600714285714286,0.3866251361305113,49.22825514282599,50.38412947158503,0.4,True
"해설이 있는 음악회, 가족 음악회 [온양]",복합,영남,온양문화복지센터,0.9290780141843972,1,262.0,262.0,0.0,0.0,3,282,뮤지컬+서양음악,뮤지컬,서양음악,0.6185714285714285,0.313,0.3866251361305113,47.1033341086638,50.168728305906505,0.4888888888888889,True
광주상설공연 (10월),복합,호남,광주공연마루,0.8016547406082289,17,3585.0,55.0,0.0,0.0,6,172,한국음악+대중음악,한국음악,대중음악,0.42214285714285715,0.8029999999999999,0.3866251361305113,54.59613327236402,49.798797475056936,0.4215686274509804,True
광주상설공연 (10월),복합,호남,광주공연마루,0.8016547406082289,17,3585.0,55.0,0.0,0.0,6,172,한국음악+대중음악,한국음악,대중음악,0.42214285714285715,0.8029999999999999,0.3866251361305113,54.59613327236402,49.798797475056936,0.4215686274509804,True
광주상설공연 (10월),복합,호남,광주공연마루,0.8016547406082289,17,3585.0,55.0,0.0,0.0,6,172,한국음악+대중음악,한국음악,대중음악,0.42214285714285715,0.8029999999999999,0.3866251361305113,54.59613327236402,49.798797475056936,0.4215686274509804,True
광주상설공연 (10월),복합,호남,광주공연마루,0.8016547406082289,17,3585.0,55.0,0.0,0.0,6,172,한국음악+대중음악,한국음악,대중음악,0.42214285714285715,0.8029999999999999,0.3866251361305113,54.59613327236402,49.798797475056936,0.4215686274509804,True
"11기 안산디자인문화고등학교 공연콘텐츠과 졸업발표회, a11 for ONE",복합,경인,안산문화예술의전당,0.7192737430167597,4,2060.0,678.0,0.0,0.0,6,716,연극+뮤지컬,연극,뮤지컬,0.3557142857142857,0.8716428571428572,0.3866251361305113,50.90919320204302,49.44464590977645,0.3137254901960784,True
"국립남도국악원 토요상설, 국악이 좋다: 국악의 향연",복합,호남,국립남도국악원,0.9307692307692308,1,484.0,484.0,0.0,0.0,5,520,한국음악+뮤지컬,한국음악,뮤지컬,0.6285714285714286,0.4343571428571429,0.3866251361305113,54.21900819774572,49.42167240043864,0.3627450980392157,True
"국립남도국악원 토요상설, 국악이 좋다: 엿장수 허쟁강",복합,호남,국립남도국악원,0.9307692307692308,1,484.0,484.0,0.0,0.0,5,520,한국음악+뮤지컬,한국음악,뮤지컬,0.6285714285714286,0.4343571428571429,0.3866251361305113,54.21900819774572,49.42167240043864,0.3627450980392157,True
"강동예술인페스티벌, 강동국제장애인문화교류협회",복합,서울,강동아트센터,0.928,1,232.0,232.0,0.0,0.0,7,250,한국음악+서양음악,한국음악,서양음악,0.6157142857142858,0.30242857142857144,0.3866251361305113,46.3315324750965,49.33559238171097,0.5454545454545454,True
원주시민과 함께하는 열린음악회 [원주],복합,기타,원주백운아트홀,0.8367983367983368,1,805.0,805.0,0.0,0.0,4,962,한국음악+서양음악,한국음악,서양음악,0.45571428571428574,0.5531428571428572,0.3866251361305113,49.2436809979676,49.3012275353135,0.5714285714285714,True
"효 콘서트, 소리정감",복합,영남,온양문화복지센터,0.9148936170212766,1,258.0,258.0,0.0,0.0,3,282,한국음악+대중음악,한국음악,대중음악,0.59,0.3105,0.3866251361305113,45.63897150055851,48.704365697801215,0.4666666666666667,True
제7회 서초문화원 클래식판타지,복합,서울,서초문화예술회관(구. 서초구민회관),0.6978260869565217,2,963.0,519.0,0.0,0.0,6,690,서양음악+무용,서양음악,무용,0.33,0.7403571428571428,0.3866251361305113,45.59160404666213,48.595663953276585,0.5151515151515151,True
"창원문화재단과 함께하는 해군음악회, 항해 [창원]",복합,영남,진해문화센터(진해구민회관),0.7780082987551867,1,750.0,750.0,0.0,0.0,5,964,서양음악+대중음악,서양음악,대중음악,0.3985714285714286,0.5398571428571428,0.3866251361305113,45.00028234930715,48.06567654654985,0.4444444444444444,True
"LED 미디어 발레컬, 비바츠 태권발레 [천안]",복합,충청,천안시청 봉서홀,0.6672932330827067,4,2840.0,710.0,0.0,0.0,2,1064,,,,0.3057142857142857,0.8817857142857144,0.3866251361305113,46.70191224411163,47.857786572870666,0.36666666666666664,True
삼국의 현: 달을 바라보는 세 개의 시선 [김해],복합,영남,김해문화의전당,0.730191256830601,1,1069.0,1069.0,0.0,0.0,8,1464,,,,0.3657142857142857,0.5947142857142858,0.3866251361305113,44.42306334642645,47.488457543669156,0.4222222222222222,True
"천안교육지원청, 쓰담쓰담 콘서트 [천안]",복합,충청,천안예술의전당,0.7539585870889159,1,1238.0,1238.0,0.0,0.0,3,1642,무용+서양음악,무용,서양음악,0.38285714285714284,0.6157142857142857,0.3866251361305113,46.29922745392897,47.455101782688004,0.3333333333333333,True
안산시 송년음악회 [안산],복합,경인,안산문화예술의전당,0.8016528925619835,1,1261.0,1261.0,0.0,0.0,6,1573,대중음악+뮤지컬,대중음악,뮤지컬,0.4185714285714286,0.6172857142857143,0.3866251361305113,48.89407549063137,47.4295281983648,0.29411764705882354,True
3.1절 기념 한용운이 부르는 님의 침묵,복합,서울,롯데콘서트홀,0.7097249508840865,1,1445.0,1445.0,0.0,0.0,6,2036,서양음악+뮤지컬,서양음악,뮤지컬,0.345,0.6301428571428571,0.3866251361305113,43.90025714779056,46.90431705440503,0.45454545454545453,True
제2회 롯데 러브 패밀리 동행 콘서트,복합,서울,롯데콘서트홀,0.7097249508840865,1,1445.0,1445.0,0.0,0.0,6,2036,뮤지컬+한국음악,뮤지컬,한국음악,0.345,0.6301428571428571,0.3866251361305113,43.90025714779056,46.90431705440503,0.45454545454545453,True
퍼플콘서트 in 서울,복합,서울,롯데콘서트홀,0.7097249508840865,1,1445.0,1445.0,0.0,0.0,6,2036,연극+뮤지컬,연극,뮤지컬,0.345,0.6301428571428571,0.3866251361305113,43.90025714779056,46.90431705440503,0.45454545454545453,True
"쌍투스코러스 겨울정기공연, To. Morrow",복합,서울,구로아트밸리,0.8203799654576857,1,475.0,475.0,0.0,0.0,6,579,,,,0.44,0.43000000000000005,0.3866251361305113,43.59723917293379,46.601299079548255,0.3939393939393939,True
"세상 풍경, 소리에 담다",복합,제주,김정문화회관,0.906060606060606,1,299.0,299.0,0.0,0.0,7,330,서양음악+뮤지컬,서양음악,뮤지컬,0.5657142857142857,0.33342857142857146,0.3866251361305113,45.78881583871856,46.192974612821295,0.45454545454545453,True
Make a Creative 쇼케이스: 데뷔를 대비하라,복합,서울,KOCCA콘텐츠문화광장,0.7098445595854922,3,411.0,137.0,0.0,0.0,5,193,연극+뮤지컬,연극,뮤지컬,0.3485714285714286,0.5814285714285714,0.3866251361305113,42.7733848687103,45.77744477532477,0.36363636363636365,True
디스이즈잇 [제주],복합,제주,제주아트센터,0.620777027027027,2,1470.0,735.0,0.0,0.0,6,1184,무용+한국음악,무용,한국음악,0.27214285714285713,0.8063571428571429,0.3866251361305113,42.023201817008115,42.42736059111085,0.36363636363636365,True
"강동예술인페스티벌, 강동무용협회",복합,서울,강동아트센터,0.6070588235294118,2,1032.0,516.0,0.0,0.0,7,850,한국음악+무용,한국음악,무용,0.2571428571428571,0.7470714285714286,0.3866251361305113,39.39576425706896,42.39982416368342,0.3333333333333333,True
드림 희망 콘서트 [김제],복합,호남,김제문화예술회관,0.8811475409836066,1,430.0,430.0,0.0,0.0,4,488,대중음악+서양음악,대중음악,서양음악,0.5128571428571429,0.40907142857142853,0.3866251361305113,46.85085318792622,42.053517390619135,0.3333333333333333,True
꿈의 오케스트라 강릉: 소망과 꿈을 모아서,복합,기타,강릉아트센터 (구. 강릉문화예술관),0.7160493827160493,1,696.0,696.0,0.0,0.0,7,972,무용+뮤지컬,무용,뮤지컬,0.35428571428571426,0.5291428571428571,0.3866251361305113,41.595022129237805,41.652568666583704,0.42857142857142855,True
"제6회 동천정기음악회, Fall in love with Music [대구]",복합,영남,대구학생문화센터,0.6442658875091307,1,882.0,882.0,0.0,0.0,2,1369,,,,0.2885714285714286,0.5646428571428572,0.3866251361305113,37.74518280814598,40.81057700538868,0.4,True
"제18회 당진시건강가정대축제, 우리가족 놀이터 건가월드",복합,충청,당진문예의전당,0.6943056943056943,1,695.0,695.0,0.0,0.0,5,1001,한국음악+대중무용,한국음악,대중무용,0.3271428571428571,0.5277142857142858,0.3866251361305113,39.60974129008903,40.765615618848074,0.3,True
제29회 구미음악제,복합,영남,구미시문화예술회관,0.6407438715131023,1,758.0,758.0,0.0,0.0,1,1183,서양음악+무용,서양음악,무용,0.2857142857142857,0.5427857142857142,0.3866251361305113,36.932655659964766,39.99804985720747,0.37777777777777777,True
"공연장상주단체 페스티벌, 한 여름 밤의 선물 [세종]",복합,충청,세종문화예술회관,0.6900237529691211,1,581.0,581.0,0.0,0.0,2,842,연극+뮤지컬,연극,뮤지컬,0.32357142857142857,0.4833571428571429,0.3866251361305113,37.991755017850565,39.147629346609605,0.26666666666666666,True
"당진시 인구 17만 달성 기념 축하 공연, 17 to 20",복합,충청,당진문예의전당,0.6683316683316683,1,669.0,669.0,0.0,0.0,5,1001,한국음악+연극,한국음악,연극,0.30714285714285716,0.5188571428571429,0.3866251361305113,37.881168926434036,39.03704325519307,0.23333333333333334,True
무등의 산 [광주],복합,호남,광산문화예술회관,0.8333333333333334,1,450.0,450.0,0.0,0.0,1,540,,,,0.4514285714285714,0.41721428571428576,0.3866251361305113,43.741844644045365,38.94450884673828,0.3137254901960784,True
"부산국악방송 개국12주년기념 공개음악회, 좋아海 사랑海",복합,영남,국립부산국악원,0.685131195335277,1,470.0,470.0,0.0,0.0,5,686,한국음악+연극,한국음악,연극,0.31857142857142856,0.4282142857142857,0.3866251361305113,35.85820572548683,38.92359992272954,0.35555555555555557,True
부안 송년 콘서트,복합,호남,부안예술회관,0.8356713426853707,1,417.0,417.0,0.0,0.0,1,499,한국음악+뮤지컬,한국음악,뮤지컬,0.4542857142857143,0.4027857142857143,0.3866251361305113,43.29393607370294,38.49660027639585,0.29411764705882354,True
공상페스티벌: 함께 꿈을 꾸다,복합,충청,당진문예의전당,0.6623376623376623,1,663.0,663.0,0.0,0.0,5,1001,대중음악+무용,대중음악,무용,0.29714285714285715,0.5177142857142858,0.3866251361305113,37.103530560187124,38.259404888946165,0.2,True
속 시원한 음악회,복합,충청,충주시문화회관,0.6546681664791901,1,582.0,582.0,0.0,0.0,1,889,서양음악+연극,서양음악,연극,0.2914285714285714,0.48442857142857143,0.3866251361305113,35.711753593228615,36.86762792198765,0.16666666666666666,True
"제주해녀 이야기: 섬, 숨, 삶 [제주]",복합,제주,제주아트센터,0.620777027027027,1,735.0,735.0,0.0,0.0,6,1184,한국음악+서양음악,한국음악,서양음악,0.27214285714285713,0.5356428571428571,0.3866251361305113,35.68028306739991,36.084441841502645,0.2727272727272727,True
"글자공상, 최노아X계수정 라이브 퍼포먼스",복합,서울,모두예술극장,0.7258687258687259,1,188.0,188.0,0.0,0.0,0,259,연극+대중음악,연극,대중음악,0.3628571428571429,0.2842142857142857,0.3866251361305113,32.90786957263532,35.91192947924978,0.30303030303030304,True
"김천시립예술단 송년음악회, CHRISTMAS CONCERT",복합,영남,김천시문화예술회관,0.6066810344827587,1,563.0,563.0,0.0,0.0,6,928,서양음악+한국음악,서양음악,한국음악,0.2557142857142857,0.47378571428571425,0.3866251361305113,32.7254614598465,35.7908556570892,0.3333333333333333,True
"제41회 제물포예술제: No Instruments, Only Voices.",복합,경인,인천수봉문화회관,0.85,1,136.0,136.0,0.0,0.0,4,160,한국음악+연극,한국음악,연극,0.47785714285714287,0.25642857142857145,0.3866251361305113,37.25335701068009,35.78880971841352,0.27450980392156865,True
"이랑 만남시리즈 Ⅹ 기념 특별공연, 매직앙상블: 세계의 명화 [김해]",복합,영남,김해문화의전당,0.6574074074074074,1,355.0,355.0,0.0,0.0,8,540,서양음악+대중음악,서양음악,대중음악,0.29285714285714287,0.3722142857142857,0.3866251361305113,32.2337406743,35.299134871542705,0.3111111111111111,True
3.1절 기념 한용운이 부르는 님의침묵 [대구],복합,영남,대구콘서트하우스,0.5755451713395638,1,739.0,739.0,0.0,0.0,7,1284,서양음악+대중음악,서양음악,대중음악,0.22857142857142856,0.5368571428571428,0.3866251361305113,32.16300808367307,35.22840228091577,0.28888888888888886,True
한국문화 큰잔치 (K-Wave Festival),복합,서울,예스24 라이브홀 (구. 악스코리아),0.5803996194100857,1,610.0,610.0,0.0,0.0,1,1051,대중음악+대중무용,대중음악,대중무용,0.23285714285714285,0.49942857142857144,0.3866251361305113,31.596799345912885,34.60085925252734,0.2727272727272727,True
4.4 독립만세운동 기념음악회: 달의 춤,복합,충청,당진문예의전당,0.5964035964035964,1,597.0,597.0,0.0,0.0,5,1001,서양음악+한국음악,서양음악,한국음악,0.24571428571428572,0.48928571428571427,0.3866251361305113,32.36556989169806,33.5214442204571,0.13333333333333333,True
"애국찬가 드라마콘서트, 동고동락 [안산]",복합,경인,안산문화예술의전당,0.5377094972067039,2,770.0,712.0,0.0,0.0,6,716,뮤지컬+연극,뮤지컬,연극,0.20857142857142857,0.7513571428571428,0.3866251361305113,34.825026633401684,33.36047934113511,0.2549019607843137,True
음악이 춤을 추다 [울산],복합,영남,울산광역시학생교육문화회관,0.4329556185080265,3,917.0,257.0,0.0,0.0,2,706,대중무용+한국음악,대중무용,한국음악,0.16285714285714287,0.7112857142857143,0.3866251361305113,29.36984951526386,32.43524371250656,0.26666666666666666,True
난·잡·한 자기소개,복합,서울,모두예술극장,0.5366795366795367,2,278.0,139.0,0.0,0.0,0,259,,,,0.20642857142857143,0.5006428571428572,0.3866251361305113,29.422061163302516,32.426121069916974,0.24242424242424243,True
제3회 공감플러스,복합,경인,보노마루,0.7438423645320197,1,151.0,151.0,0.0,0.0,1,203,서양음악+한국음악,서양음악,한국음악,0.38,0.26721428571428574,0.3866251361305113,33.0076060255464,31.543058733279825,0.23529411764705882,True
광주상설공연(6월),복합,호남,광주공연마루,0.5532945736434108,18,1713.0,76.0,0.0,0.0,6,172,대중음악+한국음악,대중음악,한국음악,0.21714285714285714,0.7788571428571429,0.3866251361305113,36.193489094291955,31.39615329698487,0.27450980392156865,True
제17회 당진예술제,복합,충청,당진문예의전당,0.5644355644355644,1,565.0,565.0,0.0,0.0,5,1001,서양음악+무용,서양음악,무용,0.22285714285714286,0.4752142857142857,0.3866251361305113,30.169751297604776,31.325625626363813,0.1,True
광주상설공연(5월),복합,호남,광주공연마루,0.5406976744186046,16,1488.0,80.0,0.0,0.0,6,172,서양음악+뮤지컬,서양음악,뮤지컬,0.21,0.7718571428571429,0.3866251361305113,35.34649440861355,30.549158611306467,0.2549019607843137,True
3.1절 기념 한용운이 부르는 님의침묵 [광주],복합,호남,예술의 전당 [광주] (구. 광주문화예술회관),0.5975609756097561,1,1029.0,1029.0,0.0,0.0,8,1722,서양음악+대중음악,서양음악,대중음악,0.24714285714285714,0.5884285714285714,0.3866251361305113,34.96603103040553,30.168695233098447,0.23529411764705882,True
"그림이 오감을 만났을 때, 감각주의 Ep.2: 르누아르를 느끼다 [대구]",복합,영남,대구학생문화센터,0.4368151935719503,1,598.0,598.0,0.0,0.0,2,1369,서양음악+한국음악,서양음악,한국음악,0.1657142857142857,0.49,0.3866251361305113,25.567861291189786,28.63325548843249,0.24444444444444444,True
제12회 단원구여성합창단 정기연주회,복합,경인,안산문화예술의전당,0.5085823267641449,1,800.0,800.0,0.0,0.0,6,1573,서양음악+뮤지컬,서양음악,뮤지컬,0.19857142857142857,0.5516428571428571,0.3866251361305113,29.882247316417736,28.41770002415116,0.21568627450980393,True
제14회 안산 성황 예술제,복합,경인,안산문화예술의전당,0.4863318499682136,1,765.0,765.0,0.0,0.0,6,1573,한국음악+대중음악,한국음악,대중음악,0.18428571428571427,0.546,0.3866251361305113,28.45588252357356,26.991335231306984,0.19607843137254902,True
예문학생예술단 정기연주회,복합,영남,부산학생예술문화회관,0.4344344344344344,1,434.0,434.0,0.0,0.0,5,999,한국음악+서양음악,한국음악,서양음악,0.16428571428571428,0.41185714285714287,0.3866251361305113,23.727857262861047,26.79325146010375,0.2222222222222222,True
"기술 입은 문화예술교육, 무대는 살아있다: IV 쇼케이스",복합,기타,춘천문화예술회관,0.4787234042553192,1,450.0,450.0,0.0,0.0,3,940,,,,0.18142857142857144,0.41721428571428576,0.3866251361305113,25.31436727448138,25.37191381182728,0.2857142857142857,True
"나화랑, 파랑새 노래하는 청포도 넝쿨 아래로 [김천]",복합,영남,김천시립율곡도서관,0.4827586206896552,1,224.0,224.0,0.0,0.0,2,464,서양음악+뮤지컬,서양음악,뮤지컬,0.18285714285714286,0.2982142857142857,0.3866251361305113,22.23711978195886,25.302513979201564,0.2,True
서울아트마켓 (PAMS) [달오름극장],복합,서울,국립극장,0.2941176470588235,4,600.0,150.0,0.0,0.0,5,510,한국음악+무용,한국음악,무용,0.10357142857142858,0.6552142857142857,0.3866251361305113,21.661938727598653,24.665998634213114,0.21212121212121213,True
광주학생 탈렌트 페스티벌,복합,호남,국립아시아문화전당,0.5476694915254238,1,517.0,517.0,0.0,0.0,6,944,서양음악+대중음악,서양음악,대중음악,0.21428571428571427,0.45457142857142857,0.3866251361305113,28.949214589769394,24.151878792462313,0.21568627450980393,True
"제25회 파주예술제, 예향 속으로",복합,경인,파주운정행복센터,0.5279850746268657,1,283.0,283.0,0.0,0.0,9,536,무용+한국음악,무용,한국음악,0.20285714285714285,0.32700000000000007,0.3866251361305113,24.55462374164889,23.090076449382313,0.17647058823529413,True
"춘천문화예술회관 개관 30주년, 우리 여기에: 첫째날 광장으로",복합,기타,춘천문화예술회관,0.425531914893617,1,400.0,400.0,0.0,0.0,3,940,한국음악+서양음악,한국음악,서양음악,0.15714285714285714,0.39592857142857146,0.3866251361305113,22.741731317682085,22.799277855027984,0.14285714285714285,True
"동고동락 청년 예술 콘서트, 청신호: 파동이 우리를 주파할 때 [안산]",복합,경인,안산문화예술의전당,0.3809523809523809,3,160.0,51.0,0.0,0.0,6,140,서양음악+무용,서양음악,무용,0.1457142857142857,0.48942857142857144,0.3866251361305113,23.657944383601944,22.193397091335367,0.1568627450980392,True
"토크콘서트, Save the planet",복합,영남,울산광역시학생교육문화회관,0.3682719546742209,1,260.0,260.0,0.0,0.0,2,706,대중무용+뮤지컬,대중무용,뮤지컬,0.1357142857142857,0.3122857142857143,0.3866251361305113,18.940707013926172,22.006101211168875,0.17777777777777778,True
신년음악회 [태안],복합,충청,태안군문화예술회관,0.4075691411935953,1,280.0,280.0,0.0,0.0,3,687,한국음악+연극,한국음악,연극,0.15285714285714286,0.3235,0.3866251361305113,20.631041687389605,21.78691601614864,0.06666666666666667,True
할망에게 묻고 답하다 [제주 서귀포],복합,제주,김정문화회관,0.3454545454545454,2,228.0,90.0,0.0,0.0,7,330,연극+대중음악,연극,대중음악,0.12285714285714286,0.4770714285714286,0.3866251361305113,21.13847291685014,21.542631690952874,0.18181818181818182,True
"오월국제교류음악회, 평화와 희망을 기원하는 함께가자 희망찬 세상으로",복합,호남,광산문화예술회관,0.5555555555555556,1,300.0,300.0,0.0,0.0,1,540,서양음악+대중무용,서양음악,대중무용,0.21928571428571428,0.3354285714285714,0.3866251361305113,25.992390610082417,21.195054812775332,0.18627450980392157,True
춘향탈출 [광주],복합,호남,광산문화예술회관,0.5555555555555556,1,300.0,300.0,0.0,0.0,1,540,한국음악+무용,한국음악,무용,0.21928571428571428,0.3354285714285714,0.3866251361305113,25.992390610082417,21.195054812775332,0.18627450980392157,True
서울아트마켓 (PAMS) [하늘극장],복합,서울,국립극장,0.2392344497607655,4,600.0,150.0,0.0,0.0,5,627,한국음악+무용,한국음악,무용,0.07285714285714286,0.6552142857142857,0.3866251361305113,17.54028415762487,20.544344064239333,0.18181818181818182,True
"제9회 경기공연예술페스타, DAY 1",복합,경인,고양아람누리,0.4934210526315789,1,150.0,150.0,0.0,0.0,6,304,서양음악+대중음악,서양음악,대중음악,0.19,0.26435714285714285,0.3866251361305113,21.683459858558823,20.218912566292246,0.11764705882352941,True
"제9회 경기공연예술페스타, DAY 2",복합,경인,고양아람누리,0.4934210526315789,1,150.0,150.0,0.0,0.0,6,304,뮤지컬+무용,뮤지컬,무용,0.19,0.26435714285714285,0.3866251361305113,21.683459858558823,20.218912566292246,0.11764705882352941,True
"제9회 경기공연예술페스타, DAY 3",복합,경인,고양아람누리,0.4934210526315789,1,150.0,150.0,0.0,0.0,6,304,,,,0.19,0.26435714285714285,0.3866251361305113,21.683459858558823,20.218912566292246,0.11764705882352941,True
"노래극,  오월",복합,호남,남도소리울림터,0.521505376344086,1,291.0,291.0,0.0,0.0,1,558,대중음악+연극,대중음악,연극,0.20142857142857143,0.3291428571428571,0.3866251361305113,24.51469066180423,19.717354864497146,0.1568627450980392,True
"행복한 동행, 모두의 예술",복합,영남,부산문화회관,0.3390243902439024,1,139.0,139.0,0.0,0.0,7,410,연극+대중음악,연극,대중음악,0.11857142857142858,0.258,0.3866251361305113,16.182138496345782,19.247532693588486,0.15555555555555556,True
ACC 신비한 극장,복합,호남,국립아시아문화전당,0.3132062146892655,6,1774.0,298.0,0.0,0.0,6,944,,,,0.10714285714285714,0.8014285714285714,0.3866251361305113,23.962044067544582,19.164708270237497,0.13725490196078433,True
엄마의 일기장 [부산],복합,영남,부산문화회관,0.2681721947776994,1,380.0,380.0,0.0,0.0,7,1417,연극+뮤지컬,연극,뮤지컬,0.08857142857142856,0.3872857142857143,0.3866251361305113,15.98044176098871,19.045835958231415,0.13333333333333333,True
오월 어머니의 노래 [광주],복합,호남,국립아시아문화전당,0.4004237288135593,1,378.0,378.0,0.0,0.0,6,944,뮤지컬+서양음악,뮤지컬,서양음악,0.15,0.38571428571428573,0.3866251361305113,21.88573040208387,17.088394604776788,0.11764705882352941,True
에드바르의 초상수업 [부산],복합,영남,부산문화회관,0.2385321100917431,1,338.0,338.0,0.0,0.0,7,1417,서양음악+연극,서양음악,연극,0.07142857142857142,0.35964285714285715,0.3866251361305113,13.635521556135341,16.700915753378045,0.1111111111111111,True
세이브미프로젝트 (SavemeProject),복합,서울,서울문화재단 대학로극장 쿼드(예술청),0.2,3,30.0,10.0,0.0,0.0,5,50,한국음악+연극,한국음악,연극,0.05928571428571429,0.4410714285714286,0.3866251361305113,13.230419190415244,16.234479097029705,0.15151515151515152,True
신비한 극장,복합,호남,국립아시아문화전당,0.2530455508474576,8,1911.0,169.0,0.0,0.0,6,944,,,,0.08428571428571428,0.788142857142857,0.3866251361305113,20.610776815784522,15.81344101847744,0.09803921568627451,True
제12회 실용음악 & 댄스 콘서트,복합,영남,아양아트센터,0.2097209720972097,1,233.0,233.0,0.0,0.0,6,1111,무용+대중음악,무용,대중음악,0.06571428571428571,0.3033571428571428,0.3866251361305113,12.11651055933109,15.181904756573793,0.08888888888888889,True
"NPAF, Harmony of 4 Piano & Magic: 4대 피아노와 마술의 하모니 [인천]",복합,경인,남동소래아트홀,0.32574679943101,1,229.0,229.0,0.0,0.0,2,703,서양음악+대중무용,서양음악,대중무용,0.11142857142857143,0.3,0.3866251361305113,16.559470258847682,15.094922966581107,0.0784313725490196,True
청소년 음악 페스티벌 [고창],복합,호남,고창문화의전당,0.3584,1,224.0,224.0,0.0,0.0,2,625,한국음악+뮤지컬,한국음악,뮤지컬,0.13428571428571429,0.2982142857142857,0.3866251361305113,18.47690669925786,13.679570901950777,0.0784313725490196,True
"남구청년예술제, 함께푸르다: 해야청청",복합,영남,대덕문화전당,0.0939054726368159,3,151.0,38.0,0.0,0.0,4,536,서양음악+뮤지컬,서양음악,뮤지컬,0.025714285714285714,0.48221428571428576,0.3866251361305113,8.30616794460718,11.371562141849884,0.06666666666666667,True
"한빛예술단, 음악에 피어나는 시의 향기 [서울]",복합,서울,성신여자대학교 운정그린캠퍼스,0.1440660685154975,2,200.0,100.0,0.0,0.0,8,800,,,,0.025714285714285714,0.4747857142857143,0.3866251361305113,8.254746414466533,11.258806321080995,0.12121212121212122,True
"모두예술극장 개관프로그램, 어둠 속에, 풍경",복합,서울,모두예술극장,0.1287001287001287,3,100.0,50.0,0.0,0.0,0,259,,,,0.025714285714285714,0.4745714285714286,0.3866251361305113,8.253255962045015,11.257315868659477,0.09090909090909091,True
"배익한 재즈오케스트라, 소리: 흥을 더하다",복합,경인,구리아트홀,0.25,1,70.0,70.0,0.0,0.0,8,280,서양음악+한국음악,서양음악,한국음악,0.08285714285714285,0.22964285714285715,0.3866251361305113,12.457163045952473,10.992615753685898,0.058823529411764705,True
도란도란 이야기 보따리 [서울],복합,서울,한예극장,0.05,2,20.0,10.0,0.0,0.0,0,200,,,,0.025714285714285714,0.40571428571428575,0.3866251361305113,7.751625791762609,10.755685698377071,0.06060606060606061,True
제56회 군산 진포예술제 개막식,복합,호남,군산예술의전당,0.2483333333333333,1,298.0,298.0,0.0,0.0,4,1200,연극+대중음악,연극,대중음악,0.08142857142857143,0.33199999999999996,0.3866251361305113,14.286351224252197,9.489015426945114,0.058823529411764705,True
"제7회 동천정기음악회, Thank you for the music [대구]",복합,영남,대구학생문화센터,0.0876552227903579,1,120.0,120.0,0.0,0.0,2,1369,서양음악+연극,서양음악,연극,0.025714285714285714,0.2502857142857143,0.3866251361305113,6.389679924570321,9.455074121813023,0.044444444444444446,True
에버하트 콘서트,복합,서울,소월아트홀 (성동문화회관),0.1,1,52.0,52.0,0.0,0.0,5,520,한국음악+무용,한국음악,무용,0.025714285714285714,0.21278571428571427,0.3866251361305113,5.987998268203105,8.992058174817567,0.030303030303030304,True
"예술동호회 교류 축제, 우다다다 미니콘서트",복합,영남,예주문화예술회관,0.0129870129870129,1,2.0,2.0,0.0,0.0,4,154,뮤지컬+무용,뮤지컬,무용,0.025714285714285714,0.19607142857142856,0.3866251361305113,5.795226363185583,8.860620560428288,0.022222222222222223,True
A prelingual sense,복합,경인,인천아트플랫폼,0.2,1,6.0,6.0,0.0,0.0,6,30,,,,0.05928571428571429,0.19607142857142856,0.3866251361305113,9.566118563502997,8.101571271236422,0.0392156862745098,True
"문화공감터 렉처 콘서트: 원도심 재생의 아름다움, 나의 일상에 들어오다",복합,충청,당진문예의전당,0.0599400599400599,1,60.0,60.0,0.0,0.0,5,1001,뮤지컬+서양음악,뮤지컬,서양음악,0.025714285714285714,0.22435714285714287,0.3866251361305113,6.116185366594717,7.272059695353754,0.03333333333333333,True
도란도란 이야기 보따리 [제주],복합,제주,서귀포예술의전당,0.0421052631578947,1,8.0,8.0,0.0,0.0,5,190,,,,0.025714285714285714,0.19607142857142856,0.3866251361305113,5.795226363185583,6.199385137288317,0.09090909090909091,True
"건강과나눔 22주년 후원콘서트: 걷고, 잇다",복합,경인,트라이보울,0.1333333333333333,1,40.0,40.0,0.0,0.0,5,300,,,,0.025714285714285714,0.20964285714285713,0.3866251361305113,5.952463033820634,4.487915741554058,0.0196078431372549,True
낭만 정원 콘서트: 낭만가객 조선판 풍류 [순천],복합,호남,순천문화예술회관,0.1455142231947483,2,266.0,133.0,0.0,0.0,1,914,대중음악+한국음악,대중음악,한국음악,0.025714285714285714,0.49557142857142855,0.3866251361305113,8.397445288520501,3.600109491213418,0.0392156862745098,True
도란도란 이야기 보따리 [전주],복합,호남,전북대학교 삼성문화회관,0.1785714285714285,2,80.0,60.0,0.0,0.0,6,224,,,,0.025714285714285714,0.43957142857142856,0.3866251361305113,8.004172903411858,3.206837106104775,0.0196078431372549,True
