공연명,장르1,확률1,장르2,확률2,예측복합장르,조합,씨앗
아웃 오브 더 블루,서양음악,0.9959214,대중음악,0.00017461058,서양음악+대중음악,대중음악+서양음악,42
이색콘서트,뮤지컬,0.9999945,대중무용,0.001314056,뮤지컬+대중무용,대중무용+뮤지컬,42
"차세대열전, 이어지음 프로젝트",한국음악,0.9969799,서양음악,0.002278863,한국음악+서양음악,서양음악+한국음악,42
"헨젤과 그레텔, 토선생 용궁가다 (패키지)",한국음악,0.9999893,무용,0.004808381,한국음악+무용,무용+한국음악,42
최정주의 아트앤뮤직 큐레이션: 20세기를 빛낸 화가들Ⅱ,대중음악,0.9948291,서양음악,0.15815382,대중음악+서양음악,대중음악+서양음악,42
최정주의 아트앤뮤직 큐레이션: 20세기를 빛낸 화가들Ⅲ,서양음악,0.89408475,대중음악,0.714073,서양음악+대중음악,대중음악+서양음악,42
LED비바츠 태권발레 [철원],뮤지컬,0.99998724,한국음악,0.0027883493,뮤지컬+한국음악,뮤지컬+한국음악,42
"ACC 브런치 콘서트, 타악그룹 타고의 MAN AND DRUM",한국음악,0.9881516,무용,0.045589875,한국음악+무용,무용+한국음악,42
전영랑 온희정의 국악과 트로트 크로스오버,한국음악,0.99479747,대중음악,0.90158623,한국음악+대중음악,대중음악+한국음악,42
경주아티스트 페스티벌: 꿈의콘서트,무용,0.9814889,한국음악,0.088891305,무용+한국음악,무용+한국음악,42
고희전＆조용주 희망 콘서트 [안성],한국음악,0.14592725,연극,0.006575811,한국음악+연극,연극+한국음악,42
"3시 공연산책, 나태주 시인과 함께하는 풍류 위의 시",한국음악,0.99998474,뮤지컬,0.0019620247,한국음악+뮤지컬,뮤지컬+한국음악,42
최정주의 아트앤뮤직 큐레이션: 20세기를 빛낸 화가들Ⅳ,대중음악,0.9881334,서양음악,0.5234454,대중음악+서양음악,대중음악+서양음악,42
유홍의 MIXTUM,한국음악,0.99999964,대중음악,2.1342692e-05,한국음악+대중음악,대중음악+한국음악,42
공간,뮤지컬,0.999212,연극,0.034246422,뮤지컬+연극,뮤지컬+연극,42
"메이드오브트리 Vol.5, 최용석 & 신문수",한국음악,0.99088,대중음악,0.14523289,한국음악+대중음악,대중음악+한국음악,42
pan123mE1,연극,1.0,서양음악,0.00013902361,연극+서양음악,서양음악+연극,42
ONE MOMENT,대중음악,0.99955493,한국음악,0.97998434,대중음악+한국음악,대중음악+한국음악,42
"문화가 있는 날, 연극인 박정자 낭독 콘서트: 영영이별 영이별",연극,0.8627787,한국음악,0.47061136,연극+한국음악,연극+한국음악,42
I have a dream,연극,0.9676146,뮤지컬,0.6575766,연극+뮤지컬,뮤지컬+연극,42
전원경의 미술관 옆 음악당 시즌 5,대중무용,0.6497308,서양음악,0.43310267,대중무용+서양음악,대중무용+서양음악,42
오페라와 뮤지컬의 향연,서양음악,0.9999945,대중음악,8.670032e-05,서양음악+대중음악,대중음악+서양음악,42
베토벤X클림트 운명의 키스,뮤지컬,0.38096526,연극,0.016945349,뮤지컬+연극,뮤지컬+연극,42
최정주의 아트앤뮤직 큐레이션: 인상주의 화가들 시리즈 Ⅱ,대중음악,0.9576395,서양음악,0.15475276,대중음악+서양음악,대중음악+서양음악,42
"온쉼표, 하루 (10월)",연극,0.9945581,서양음악,0.020383678,연극+서양음악,서양음악+연극,42
"짬콘서트:조선클럽, 재비＆유엔젤보이스 [용인]",대중음악,0.592735,연극,0.5755659,대중음악+연극,대중음악+연극,42
점프 [울산],뮤지컬,0.66806537,서양음악,0.19481674,뮤지컬+서양음악,뮤지컬+서양음악,42
Volare sul teatro (패키지),무용,0.9899014,대중음악,0.27578652,무용+대중음악,대중음악+무용,42
김영임 & 김용임과 함께하는 희희낙락 [영주],한국음악,0.9907583,대중음악,0.26107073,한국음악+대중음악,대중음악+한국음악,42
찰리채플린 시네마 콘서트 with 신나는섬 [태안],한국음악,0.99999905,뮤지컬,0.0027798938,한국음악+뮤지컬,뮤지컬+한국음악,42
제16회 남양주 예술제,연극,0.74971557,한국음악,0.18766388,연극+한국음악,연극+한국음악,42
금요공감 (11월),연극,0.47454983,무용,0.011870251,연극+무용,무용+연극,42
"수봉IN꿈노리, 샌드아트와 음악 안녕 비류야",연극,0.5438073,한국음악,0.27806395,연극+한국음악,연극+한국음악,42
제15회 열린심포니오케스트라 정기연주회,서양음악,0.9834992,한국음악,0.007899798,서양음악+한국음악,서양음악+한국음악,42
"봉포유 Ⅳ, 다시만난 세상으로- 봄바람 쐬러가자",대중음악,0.7870481,뮤지컬,0.11573583,대중음악+뮤지컬,대중음악+뮤지컬,42
밀양아리랑: 날 좀 보소,한국음악,0.94989693,연극,0.25636992,한국음악+연극,연극+한국음악,42
선율기록: BIG VIOLIN PLAYER,서양음악,0.9796831,연극,0.8631487,서양음악+연극,서양음악+연극,42
장르불문 십분발휘,무용,0.99964535,대중무용,0.008523311,무용+대중무용,대중무용+무용,42
동지섣달 꽃 본 듯이,한국음악,0.9675126,연극,0.018753607,한국음악+연극,연극+한국음악,42
Shall we Tango?,서양음악,0.82327926,무용,0.0042433073,서양음악+무용,무용+서양음악,42
친절한 돼지씨,한국음악,0.89212286,뮤지컬,0.019241713,한국음악+뮤지컬,뮤지컬+한국음악,42
지역문화예술활성화를 위한 문화 예술 여행,무용,0.7406389,한국음악,0.5559092,무용+한국음악,무용+한국음악,42
코리아윈드필하모니 국악과 함께하는 이색콘서트,한국음악,0.99958295,서양음악,0.044436414,한국음악+서양음악,서양음악+한국음악,42
"11시 음악산책, 공병우의 내 사랑",서양음악,0.8042855,한국음악,0.0795546,서양음악+한국음악,서양음악+한국음악,42
BEST OF THE BEST [대구],서양음악,0.9514093,대중음악,0.048043795,서양음악+대중음악,대중음악+서양음악,42
수험생을 위한 가족음악회 덕분에 콘서트,서양음악,0.999213,대중음악,0.006846241,서양음악+대중음악,대중음악+서양음악,42
제4회 S.Festa,연극,0.9998864,서양음악,0.0015552108,연극+서양음악,서양음악+연극,42
제14회 서울국제문화공연,대중무용,0.65404356,대중음악,0.21867223,대중무용+대중음악,대중무용+대중음악,42
축하 음악회 [부산],연극,0.9997856,서양음악,0.9445406,연극+서양음악,서양음악+연극,42
춘천시립교향악단과 강원도립국악관현악단이 함께하는 신년음악회,서양음악,0.9074322,한국음악,0.66994244,서양음악+한국음악,서양음악+한국음악,42
세종 예술제,서양음악,0.774319,뮤지컬,0.56056887,서양음악+뮤지컬,뮤지컬+서양음악,42
세종시문화재단 공연장상주단체 페스티벌,서양음악,0.49319363,무용,0.1793432,서양음악+무용,무용+서양음악,42
"제19회 의정부음악극축제, 이희문＆프렐류드＆놈놈 잠비나이 VOMLab",한국음악,0.99991083,연극,0.004773263,한국음악+연극,연극+한국음악,42
영남필하모니오케스트라와 함께 하는 가족 클래식 음악회,서양음악,0.6664769,뮤지컬,0.16036555,서양음악+뮤지컬,뮤지컬+서양음악,42
제19회 강릉국제청소년 예술축전,뮤지컬,0.96145284,한국음악,0.65248024,뮤지컬+한국음악,뮤지컬+한국음악,42
"STAGE.5, 기술의 예술",무용,0.9677454,대중음악,0.381867,무용+대중음악,대중음악+무용,42
대구문화예술회관 개관 30주년 기념 공연,한국음악,0.39598882,연극,0.044204883,한국음악+연극,연극+한국음악,42
"그림 읽어주는 베토벤 THE CONCERT, 고흐vs고갱",서양음악,0.9986934,대중음악,0.040338118,서양음악+대중음악,대중음악+서양음악,42
악가무서화(樂歌舞書畵) [영주],서양음악,0.99234736,연극,0.033246327,서양음악+연극,서양음악+연극,42
"수성월드뮤직페스티벌, 신노이",한국음악,0.83930725,서양음악,0.40889317,한국음악+서양음악,서양음악+한국음악,42
"짬콘서트:조선클럽, 오단해아트랩＆서울발레시어터 [용인]",한국음악,0.92603344,대중음악,0.4014227,한국음악+대중음악,대중음악+한국음악,42
현대인을 위한 메디아트 콘서트 I [안동],서양음악,0.8240487,연극,0.006950667,서양음악+연극,서양음악+연극,42
"짬콘서트:조선클럽, 이날치 & 앰비규어스댄스컴퍼니 [용인]",대중음악,0.7482364,한국음악,0.7074902,대중음악+한국음악,대중음악+한국음악,42
텐트 속 가을 콘서트,연극,0.9972908,무용,0.79085016,연극+무용,무용+연극,42
진성&남상일의 희희낙락 콘서트 [여주],한국음악,0.9911327,대중음악,0.051155582,한국음악+대중음악,대중음악+한국음악,42
코로나 극복기원 다큐·갈라콘서트 울림IV,서양음악,0.9998745,대중음악,0.008863774,서양음악+대중음악,대중음악+서양음악,42
최정주의 아트앤뮤직 큐레이션: 인상주의 화가들 시리즈 Ⅲ,서양음악,0.9805032,대중음악,0.79474056,서양음악+대중음악,대중음악+서양음악,42
BEST OF THE BEST,서양음악,0.99752647,뮤지컬,0.0017818358,서양음악+뮤지컬,뮤지컬+서양음악,42
최정주의 아트앤뮤직 큐레이션: 도시의 미술관 산책 I,대중음악,0.9984282,서양음악,0.26769575,대중음악+서양음악,대중음악+서양음악,42
신년음악회 [군포],서양음악,0.9999423,뮤지컬,0.00025092947,서양음악+뮤지컬,뮤지컬+서양음악,42
부채소녀,서양음악,0.7429365,한국음악,0.6515574,서양음악+한국음악,서양음악+한국음악,42
코미디 애니멀 쇼 [인천],뮤지컬,0.99909186,연극,0.17213395,뮤지컬+연극,뮤지컬+연극,42
"＃의정부아트스테이지, 걱정말아요 그대",뮤지컬,0.69745594,서양음악,0.028087966,뮤지컬+서양음악,뮤지컬+서양음악,42
최정주의 아트앤뮤직 큐레이션: 도시의 미술관 산책 Ⅱ,대중음악,0.99986243,서양음악,0.011170355,대중음악+서양음악,대중음악+서양음악,42
대구문화예술회관 새해희망콘서트,서양음악,0.72544163,한국음악,0.32597342,서양음악+한국음악,서양음악+한국음악,42
천막극장,뮤지컬,0.47301656,무용,0.2550443,뮤지컬+무용,무용+뮤지컬,42
코미디 애니멀쇼 [의정부],뮤지컬,0.99482876,대중음악,0.06536398,뮤지컬+대중음악,대중음악+뮤지컬,42
"대전문화예술지킴이 감사콘서트, 제4편 그리운 그대여",대중음악,0.24049681,한국음악,0.032335855,대중음악+한국음악,대중음악+한국음악,42
최정주의 아트앤뮤직 큐레이션: 도시의 미술관 산책 Ⅲ,대중음악,0.99902594,서양음악,0.17902762,대중음악+서양음악,대중음악+서양음악,42
"통영국제음악제, 디어 루나",서양음악,0.30682594,대중음악,0.0021146808,서양음악+대중음악,대중음악+서양음악,42
"통영국제음악제, 이날치",한국음악,0.99836785,대중음악,0.0022304857,한국음악+대중음악,대중음악+한국음악,42
비올라 tuitti와 가야금의 FOREST SOUNDS,서양음악,0.92855316,한국음악,0.3930097,서양음악+한국음악,서양음악+한국음악,42
코미디애니멀쇼 [부천],뮤지컬,0.9999976,한국음악,0.11534675,뮤지컬+한국음악,뮤지컬+한국음악,42
"춘천시립합창단 어린이음악회, 친구야노올자: 콩쥐팥쥐",서양음악,0.061330885,대중음악,0.012817406,서양음악+대중음악,대중음악+서양음악,42
"안산시립예술단 기획공연, 목요보노음악회",서양음악,0.94684637,한국음악,0.5469129,서양음악+한국음악,서양음악+한국음악,42
청산 The 그리다,한국음악,1.0,연극,2.4187668e-05,한국음악+연극,연극+한국음악,42
"한국음악, 여섯 개의 길로 떠나는 음악여행 레게, 판소리를 만나다",한국음악,0.95456874,무용,0.5540203,한국음악+무용,무용+한국음악,42
Body ＆ Voice [인제],대중음악,0.9894621,대중무용,0.4055597,대중음악+대중무용,대중무용+대중음악,42
최정주의 아트앤뮤직 큐레이션: 도시의 미술관 산책 Ⅳ,대중음악,0.999627,서양음악,0.012700919,대중음악+서양음악,대중음악+서양음악,42
"해설이 있는 11시콘서트, 블랙스트링 [천안] (4월)",뮤지컬,0.8017486,서양음악,0.5381051,뮤지컬+서양음악,뮤지컬+서양음악,42
"K-Brunch Concert, 우리의 아침을 여는 한국음악: 첼로가야금 [대전]",한국음악,0.9999393,서양음악,0.001315352,한국음악+서양음악,서양음악+한국음악,42
"금욜로 시리즈, 첼로가야금 [포항]",한국음악,0.99997103,연극,0.0006635054,한국음악+연극,연극+한국음악,42
"ACC 창제작 어린이공연, 괴물 연을 그리다",연극,0.99999666,한국음악,0.007654689,연극+한국음악,연극+한국음악,42
코미디 애니멀 쇼 [구로],뮤지컬,0.9999918,무용,0.0010975652,뮤지컬+무용,무용+뮤지컬,42
봄내려온다,뮤지컬,0.99929726,연극,0.0021482366,뮤지컬+연극,뮤지컬+연극,42
한웅원밴드 With 유태평양 [충주],한국음악,0.6864971,대중음악,0.40778407,한국음악+대중음악,대중음악+한국음악,42
출범기념 오프닝 콘서트 [경기 광주],한국음악,0.99915826,연극,0.0027250033,한국음악+연극,연극+한국음악,42
PICAS와 함께하는 어린이날 그림동화 음악회 Ⅷ,서양음악,0.9998518,한국음악,0.00070709153,서양음악+한국음악,서양음악+한국음악,42
크로이처 소나타,연극,0.9998933,서양음악,0.007530612,연극+서양음악,서양음악+연극,42
김영임 & 김용임과 함께하는 희희낙락 [통영],한국음악,0.997036,대중음악,0.10386155,한국음악+대중음악,대중음악+한국음악,42
갈라쇼 [대전],뮤지컬,0.9867287,서양음악,0.00052280654,뮤지컬+서양음악,뮤지컬+서양음악,42
탈피 [인천],서양음악,0.10341925,뮤지컬,0.017778108,서양음악+뮤지컬,뮤지컬+서양음악,42
"요즘예술, 경기도극단 & 경기필하모닉오케스트라",연극,0.8064756,서양음악,0.4576672,연극+서양음악,서양음악+연극,42
대동춤Ⅱ,한국음악,0.40877166,무용,0.08934762,한국음악+무용,무용+한국음악,42
"교육가족 공감 콘서트, 쉼",대중음악,0.7742887,연극,0.2801595,대중음악+연극,대중음악+연극,42
둥글고 둥글게 [부산],한국음악,0.7362832,뮤지컬,0.113144584,한국음악+뮤지컬,뮤지컬+한국음악,42
해피콘서트 [군포],한국음악,0.9999939,뮤지컬,0.012611238,한국음악+뮤지컬,뮤지컬+한국음악,42
쇼그맨 [밀양],뮤지컬,0.11601807,대중음악,0.10894963,뮤지컬+대중음악,대중음악+뮤지컬,42
스쿨 온 스테이지,한국음악,0.99935883,서양음악,0.020661509,한국음악+서양음악,서양음악+한국음악,42
최정주의 아트앤뮤직 큐레이션: 도시의 미술관 산책 Ⅴ,대중음악,0.99635977,서양음악,0.21159102,대중음악+서양음악,대중음악+서양음악,42
"네버랜드 in 군포 Ⅰ, 동화 읽어주는 콘서트: 방귀며느리",연극,0.9834224,뮤지컬,0.48631358,연극+뮤지컬,뮤지컬+연극,42
가야금 & 클래식 현(絃)의 풍류 [안동],연극,0.50973815,무용,0.25745645,연극+무용,무용+연극,42
"트라이보울 시리즈, 우기부기",한국음악,0.6595461,무용,0.32081723,한국음악+무용,무용+한국음악,42
"서현진과 함께하는 브런치 콘서트, 춤출까요? [인천] (5월)",서양음악,0.51374435,무용,0.042312022,서양음악+무용,무용+서양음악,42
콜링,서양음악,0.66863304,연극,0.03641274,서양음악+연극,서양음악+연극,42
재즈보컬 나혜영과 함께하는 시네마 뮤직 콘서트,대중음악,0.8984515,서양음악,0.011306023,대중음악+서양음악,대중음악+서양음악,42
최정주의 아트앤뮤직 큐레이션: 도시의 미술관 산책 Ⅵ,대중음악,0.9982078,서양음악,0.09499575,대중음악+서양음악,대중음악+서양음악,42
"서현진과 함께하는 브런치 콘서트, 춤출까요? [인천] (6월)",무용,0.51357037,서양음악,0.37321463,무용+서양음악,무용+서양음악,42
무한열전 [대구],한국음악,0.9990521,무용,0.00181752,한국음악+무용,무용+한국음악,42
아직 가 닿지 못한 그곳 찬란한 벌판,대중음악,0.20774281,무용,0.0005498543,대중음악+무용,대중음악+무용,42
JAZZ에 빠진 영화 OST 그리고 탭댄스 [김제],대중무용,0.5286142,한국음악,0.46811825,대중무용+한국음악,대중무용+한국음악,42
"공연으로 떠나는 세계여행, 아르헨티나",서양음악,0.683678,대중음악,0.03320818,서양음악+대중음악,대중음악+서양음악,42
KKun in 용인 페스티벌: 국악과 재즈의 만남,대중음악,0.96006334,서양음악,0.102608845,대중음악+서양음악,대중음악+서양음악,42
Spanish Heart,연극,0.96032107,서양음악,0.011877188,연극+서양음악,서양음악+연극,42
오정해·유태평양과 함께하는 한여름밤의 콘서트 [대구],한국음악,0.9919505,대중음악,0.00016185803,한국음악+대중음악,대중음악+한국음악,42
제15회 현대음악앙상블 뉴던 정기연주회,서양음악,0.99796754,한국음악,0.00011358942,서양음악+한국음악,서양음악+한국음악,42
최정주의 아트앤뮤직 큐레이션: 도시의 미술관 산책 Ⅶ,대중음악,0.9975164,서양음악,0.6877596,대중음악+서양음악,대중음악+서양음악,42
한낮의 유U;콘서트 (7월),연극,0.22292748,서양음악,0.045823764,연극+서양음악,서양음악+연극,42
무령 (7.24),한국음악,0.99973696,무용,0.0016384217,한국음악+무용,무용+한국음악,42
무령 (7.25),한국음악,0.9919533,무용,0.017911555,한국음악+무용,무용+한국음악,42
자스무지쿠스 정기연주회 [대전],대중음악,0.9999976,무용,3.574078e-05,대중음악+무용,대중음악+무용,42
"경기도예술단원 창작무대, Spero Spera: 마마 [수원]",서양음악,0.34911662,무용,0.11836094,서양음악+무용,무용+서양음악,42
"봉포유 렉처스테이지 I, 김설진X토리스 [대구]",한국음악,0.9993718,무용,0.015409923,한국음악+무용,무용+한국음악,42
8월 토마토,대중음악,0.46780342,뮤지컬,0.05350384,대중음악+뮤지컬,대중음악+뮤지컬,42
박애리와 함께하는 무브먼트 코리아 3 [부산],한국음악,0.6921172,대중무용,0.11136601,한국음악+대중무용,대중무용+한국음악,42
"온쉼표, 국악 플라잉 퍼포먼스: 하루 (8월)",연극,0.23912987,한국음악,0.054399934,연극+한국음악,연극+한국음악,42
문화보물선을 만나러 가자,대중음악,0.9999999,서양음악,1.7554747e-05,대중음악+서양음악,대중음악+서양음악,42
춘천문화예술회관 기획공연 (패키지),뮤지컬,0.99999285,연극,0.00047564955,뮤지컬+연극,뮤지컬+연극,42
"수봉IN꿈노리, 뮤직트립",연극,0.945346,대중무용,0.18495841,연극+대중무용,대중무용+연극,42
"봉포유 렉처스테이지 II, 최석민 무용단X프렐류드 [대구]",대중음악,0.9957385,무용,0.39941922,대중음악+무용,대중음악+무용,42
"아리랑, 택견과 만나다 [수원]",무용,0.97093743,대중무용,0.1721851,무용+대중무용,대중무용+무용,42
음악이 춤을추다 [대전],대중음악,0.74722344,한국음악,0.63047725,대중음악+한국음악,대중음악+한국음악,42
드림스테이지 [김포],대중음악,0.46621975,연극,0.28797212,대중음악+연극,대중음악+연극,42
The Magic 팬텀&퀸 [안산],서양음악,0.9999918,대중음악,0.0011553378,서양음악+대중음악,대중음악+서양음악,42
젊은 예술가 초청 시리즈,연극,0.9984162,서양음악,0.029458323,연극+서양음악,서양음악+연극,42
제32회 백제가요 정읍사문화제,대중음악,0.99982387,뮤지컬,0.0012275173,대중음악+뮤지컬,대중음악+뮤지컬,42
김영임 & 김용임과 함께하는 희희낙락 [용인],한국음악,0.99936277,대중음악,0.0435506,한국음악+대중음악,대중음악+한국음악,42
화려한 조명이 나를 비출 때 [안산],대중음악,0.5207685,연극,0.34789023,대중음악+연극,대중음악+연극,42
벽을 뚫고 나온 꽃 [계양],대중음악,0.99974686,무용,0.97884274,대중음악+무용,대중음악+무용,42
아트로드 [용인],서양음악,0.47086954,대중무용,0.23606081,서양음악+대중무용,대중무용+서양음악,42
마디와 매듭 쇼케이스,한국음악,0.5930283,무용,0.097454235,한국음악+무용,무용+한국음악,42
"안동문화예술의전당 브런치콘서트, 레젤 트리오: 여인의 향기 (10월)",대중무용,0.97807455,서양음악,0.43772015,대중무용+서양음악,대중무용+서양음악,42
"제60회 탐라문화제, 개막식",한국음악,0.99999666,연극,0.000688179,한국음악+연극,연극+한국음악,42
"제60회 탐라문화제, 회원단체 공연",한국음악,0.9999908,연극,0.0024652341,한국음악+연극,연극+한국음악,42
별 헤는 밤 빼앗긴 들에서 꽃처럼 침묵을 깨다 [세종],한국음악,0.9448814,뮤지컬,0.0004809127,한국음악+뮤지컬,뮤지컬+한국음악,42
"제60회 탐라문화제, 시상식 및 폐막공연",한국음악,0.9989373,대중음악,0.016433349,한국음악+대중음악,대중음악+한국음악,42
Change Of Season 7,연극,0.6047771,뮤지컬,0.005205665,연극+뮤지컬,뮤지컬+연극,42
MASK TOWEL DANCE for Orchestra,서양음악,0.99972874,무용,0.00017899433,서양음악+무용,무용+서양음악,42
친정엄마와 함께 감정 분리수거 [수원],뮤지컬,0.9958229,한국음악,0.00031470158,뮤지컬+한국음악,뮤지컬+한국음악,42
타파21,대중음악,0.9999974,뮤지컬,0.005068992,대중음악+뮤지컬,대중음악+뮤지컬,42
와일드 와일드,뮤지컬,0.99999666,연극,0.0018885155,뮤지컬+연극,뮤지컬+연극,42
세종의 꿈: 스물여둟짜랄의 신비,연극,0.11325488,뮤지컬,0.024690403,연극+뮤지컬,뮤지컬+연극,42
"The ART SPOT Series, 공간이 만든 공간",한국음악,0.98231965,연극,0.0069206133,한국음악+연극,연극+한국음악,42
명화 배달부,무용,0.9999995,뮤지컬,7.029493e-06,무용+뮤지컬,무용+뮤지컬,42
THE 하랑콘서트: 끄적끄적,서양음악,0.99788374,대중음악,0.00065352616,서양음악+대중음악,대중음악+서양음악,42
"서현진과 함께하는 브런치 콘서트, 춤출까요?: 광기, 무섭도록 아름다운 [인천]",대중음악,0.1586392,서양음악,0.05811354,대중음악+서양음악,대중음악+서양음악,42
월드뮤직그룹 공명 & 비보이 & 전통무용의 콜라보 콘서트,한국음악,0.2215903,대중음악,0.046936836,한국음악+대중음악,대중음악+한국음악,42
문화를 꿈꾸며 삶을 노래하며,서양음악,0.97322154,연극,0.001921793,서양음악+연극,서양음악+연극,42
"플러스: 강권순X송홍섭 앙상블, 이희문과 프렐류드",한국음악,0.99874496,대중음악,0.007178326,한국음악+대중음악,대중음악+한국음악,42
With CAD,서양음악,0.92393506,연극,0.00021128538,서양음악+연극,서양음악+연극,42
1687,무용,0.99999535,대중음악,0.13006607,무용+대중음악,대중음악+무용,42
김영임 & 김용임과 함께하는 희희낙락 [보령],한국음악,0.9673921,대중음악,0.7808228,한국음악+대중음악,대중음악+한국음악,42
동물의 사육제 [의정부],뮤지컬,0.37907973,연극,0.04572525,뮤지컬+연극,뮤지컬+연극,42
중구 어린이와 함께하는 코로나 극복 희망콘서트 1부,대중음악,0.99876773,연극,0.18837947,대중음악+연극,대중음악+연극,42
처음인 오늘,대중음악,0.9996511,뮤지컬,0.009043826,대중음악+뮤지컬,대중음악+뮤지컬,42
중구 어린이와 함께하는 코로나 극복 희망콘서트 2부,대중음악,0.9943222,연극,0.2122389,대중음악+연극,대중음악+연극,42
IMAGE of MUSIC 이은결 Ⅹ 조재혁 [의정부],서양음악,0.79253834,연극,0.09748035,서양음악+연극,서양음악+연극,42
쇼팽: 음악적 독립투사 이야기,뮤지컬,0.9424298,연극,0.025842607,뮤지컬+연극,뮤지컬+연극,42
음악에 날다 [고양],뮤지컬,0.9942848,연극,0.029240774,뮤지컬+연극,뮤지컬+연극,42
리듬 오브 코리아 [함양],뮤지컬,0.39740002,대중음악,0.16141763,뮤지컬+대중음악,대중음악+뮤지컬,42
미스테리우스 [해남],한국음악,0.97544265,무용,0.09613973,한국음악+무용,무용+한국음악,42
삼성현 열린 가족콘서트 [경산],대중음악,0.9997855,대중무용,0.0012313619,대중음악+대중무용,대중무용+대중음악,42
바람은 소리없이.. 두번째 이야기: 자유의 초상,대중음악,1.0,대중무용,1.3631423e-05,대중음악+대중무용,대중무용+대중음악,42
"서현진과 함께하는 브런치 콘서트, 춤출까요?: 우리 안의 아이에게, 호두까기 인형 [인천]",서양음악,0.078726746,대중음악,0.039580368,서양음악+대중음악,대중음악+서양음악,42
열린음악회 [창녕],무용,0.2736341,한국음악,0.05511065,무용+한국음악,무용+한국음악,42
눈으로 보이지 않는 마음의 소리 [의정부],서양음악,0.9997998,대중음악,0.0034305379,서양음악+대중음악,대중음악+서양음악,42
하나카드와 함께하는 예술기부 스페셜 콘서트: Dear.Me : 친애하는 나에게,무용,0.9577002,서양음악,0.006015479,무용+서양음악,무용+서양음악,42
무용詩 낭송회 [춘천],무용,0.99604344,연극,0.0034691028,무용+연극,무용+연극,42
"제33회 고양행주문화제, 행주 코로나19 국난극복 여민락 콘서트 [아람누리]",대중음악,0.99980503,한국음악,9.268113e-05,대중음악+한국음악,대중음악+한국음악,42
"제33회 고양행주문화제, 행주 코로나19 국난극복 여민락 콘서트 [어울림누리]",대중음악,0.99956053,한국음악,0.0012240573,대중음악+한국음악,대중음악+한국음악,42
"클래식인문학특강1, 조희창의 러시아 피아노 음악이야기",한국음악,0.78323615,서양음악,0.23656094,한국음악+서양음악,서양음악+한국음악,42
쏘울브릿지 기획공연: 단사 에스파뇰,서양음악,0.7741063,한국음악,0.0010603307,서양음악+한국음악,서양음악+한국음악,42
unCERTAINTY 서수진 단독공연 (Feat.Coloris Trio x 정수동 x Park 8),대중음악,0.9998658,무용,0.009499226,대중음악+무용,대중음악+무용,42
악가무서화 X 춤추는 미술관,대중무용,0.041401237,대중음악,0.008697329,대중무용+대중음악,대중무용+대중음악,42
여수 시립예술단과 함께하는 송년음악회,서양음악,0.99999607,뮤지컬,4.616863e-05,서양음악+뮤지컬,뮤지컬+서양음악,42
Adieu 송년음악회 [대구],서양음악,0.9988927,대중음악,0.0017140132,서양음악+대중음악,대중음악+서양음악,42
청청 PASSION 제,연극,0.83083034,뮤지컬,0.12376372,연극+뮤지컬,뮤지컬+연극,42
안산시립예술단 특별기획공연: Winter Concert,대중음악,0.59530497,한국음악,0.33343196,대중음악+한국음악,대중음악+한국음악,42
Chair Table Chair,연극,0.9897272,뮤지컬,0.018506702,연극+뮤지컬,뮤지컬+연극,42
크리스마스 콘서트 [대구],서양음악,0.9914841,연극,0.00012976538,서양음악+연극,서양음악+연극,42
굿: 마른오구,무용,0.5025173,연극,0.0035593382,무용+연극,무용+연극,42
와일드 와일드,뮤지컬,0.9999964,연극,0.0011819077,뮤지컬+연극,뮤지컬+연극,42
虎氣: 범의 기운,연극,0.9935368,한국음악,0.3278242,연극+한국음악,연극+한국음악,42
어린왕자 [부산],연극,0.98951846,서양음악,0.44849154,연극+서양음악,서양음악+연극,42
용인특례시 출범 전야제: 다시 새롭게 특례시 용인,한국음악,0.99981207,대중음악,0.0024039038,한국음악+대중음악,대중음악+한국음악,42
울산공업센터 지정 60주년 기념 신년음악회: 앙코르! 울산 1962,대중음악,0.99440116,서양음악,0.015302568,대중음악+서양음악,대중음악+서양음악,42
"DAC플러스스테이지, 찾아오는 공연",서양음악,0.981372,대중음악,0.80708617,서양음악+대중음악,대중음악+서양음악,42
토요국악동화,한국음악,0.9999746,무용,0.8012667,한국음악+무용,무용+한국음악,42
Eternal Moments 영원한 순간,한국음악,0.9999769,서양음악,0.00022562296,한국음악+서양음악,서양음악+한국음악,42
NU PUNK IS HIPHOP,서양음악,0.25300604,한국음악,0.003668934,서양음악+한국음악,서양음악+한국음악,42
새로운 시작 새로운 희망 콘서트,서양음악,0.2883706,뮤지컬,0.008331184,서양음악+뮤지컬,뮤지컬+서양음악,42
제40회 파주시립예술단 신년음악회: Begin Aagain,서양음악,0.29718634,한국음악,0.13781092,서양음악+한국음악,서양음악+한국음악,42
소리꾼 고영열 & 조윤성 트리오의 JAZZ IN NANBONGA,대중음악,0.99999964,한국음악,3.426287e-05,대중음악+한국음악,대중음악+한국음악,42
"방방곡곡 페스타, 코카카와 함께 하는 일상회복 힐링콘서트: 희망의 다리를 놓다 (2.20)",서양음악,0.5987349,대중무용,0.070334055,서양음악+대중무용,대중무용+서양음악,42
"안동윈터아트페스티벌, 안동아코디언동호회 & 웅부실버악단 크로스오버 신바람콘서트 [안동]",대중음악,0.72369605,서양음악,0.2617189,대중음악+서양음악,대중음악+서양음악,42
"방방곡곡 페스타, 코카카와 함께 하는 일상회복 힐링콘서트: 희망의 다리를 놓다 (2.21)",서양음악,0.98946035,대중무용,0.112603605,서양음악+대중무용,대중무용+서양음악,42
"방방곡곡 페스타, 코카카와 함께 하는 일상회복 힐링콘서트: 희망의 다리를 놓다 (2.22)",서양음악,0.99970716,뮤지컬,0.0007960462,서양음악+뮤지컬,뮤지컬+서양음악,42
어린이예술아카데미 발표회 (2부),연극,0.99626946,한국음악,0.044685133,연극+한국음악,연극+한국음악,42
"Spring Baroque, 댄싱 바로크",서양음악,0.9982626,뮤지컬,0.0005618599,서양음악+뮤지컬,뮤지컬+서양음악,42
고양특례시 출범 지역 예술인 축하콘서트,뮤지컬,0.14996238,연극,0.049548607,뮤지컬+연극,뮤지컬+연극,42
새로운 시작을 위한 힐링콘서트: 탠텀&퀸 The magic [순천],서양음악,0.9873376,대중음악,0.030875968,서양음악+대중음악,대중음악+서양음악,42
오페라마 토크 콘서트: 바리톤 정경의 정신 나간 작곡가와 키스하다,대중음악,0.98679626,서양음악,0.008532318,대중음악+서양음악,대중음악+서양음악,42
"김남진피지컬씨어터, LINE: 줄 [부산]",무용,0.99995935,대중음악,0.0034630022,무용+대중음악,대중음악+무용,42
비발D마와 함께하는 씨네마콘서트,서양음악,0.3279532,한국음악,0.19494206,서양음악+한국음악,서양음악+한국음악,42
"전원경의 아트살롱, 그림콘서트: 봄을 맞은 파리",서양음악,0.8355065,대중음악,0.048102897,서양음악+대중음악,대중음악+서양음악,42
아우름 콘서트 [대구],서양음악,0.99994135,한국음악,0.025045976,서양음악+한국음악,서양음악+한국음악,42
"을숙도문화회관 개관 20주년 기념콘서트, 조항조, 박애리 & 오케스트라",대중음악,0.9667859,서양음악,0.010045799,대중음악+서양음악,대중음악+서양음악,42
을숙도문화회관20주년 콘서트,대중음악,0.977244,한국음악,0.15316209,대중음악+한국음악,대중음악+한국음악,42
이영섭 ＋ 양승환 듀오콘서트: WE,한국음악,0.9999008,연극,0.0026938398,한국음악+연극,연극+한국음악,42
노래와 춤이 함께하는 봄의 로망스,서양음악,0.9866529,한국음악,0.005123765,서양음악+한국음악,서양음악+한국음악,42
안산시립예술단 특별기획공연: 안산의 사계,서양음악,0.97745204,한국음악,0.04596399,서양음악+한국음악,서양음악+한국음악,42
"아세안 어린이공연, 거인 앙갈로",연극,0.8810294,한국음악,0.04542568,연극+한국음악,연극+한국음악,42
안산시립예술단과 함께하는 수수콘(수요일 수려한 콘서트),한국음악,0.7260987,대중음악,0.5248178,한국음악+대중음악,대중음악+한국음악,42
수원시립교향악단 키즈콘서트,서양음악,0.99988365,연극,0.0015581271,서양음악+연극,서양음악+연극,42
불켜는아이,연극,0.594576,뮤지컬,0.37139916,연극+뮤지컬,뮤지컬+연극,42
오월어머니의 노래 순회공연,대중음악,0.96849054,무용,0.0016558005,대중음악+무용,대중음악+무용,42
장사익 & 홍지민과 함께하는 음악회: 어우름 [하남],한국음악,0.20133854,대중음악,0.1768461,한국음악+대중음악,대중음악+한국음악,42
신중신 시인 등단 60주년 문학콘서트,대중음악,0.056243762,서양음악,0.028159648,대중음악+서양음악,대중음악+서양음악,42
"라스트 스트라디움, 까도까도 30",대중음악,0.8845578,한국음악,0.0045818277,대중음악+한국음악,대중음악+한국음악,42
"통진 마티네 콘서트, 판소리와 탭댄스의 만남: 소리꾼, 탭꾼 [김포]",대중무용,0.92021215,한국음악,0.54572153,대중무용+한국음악,대중무용+한국음악,42
제주하모니 (5월),무용,0.24676168,서양음악,0.18544242,무용+서양음악,무용+서양음악,42
음으로 그린 樂 [부산],한국음악,0.9818803,뮤지컬,0.77743936,한국음악+뮤지컬,뮤지컬+한국음악,42
"제9회 예술공감, 샌드아트와 음악만들기",서양음악,0.9999975,대중음악,4.417315e-06,서양음악+대중음악,대중음악+서양음악,42
"ACC 브런치콘서트, 팀 퍼니스트 서커스 음악극: 체어, 테이블, 체어 (5월)",연극,0.8511035,뮤지컬,0.5370006,연극+뮤지컬,뮤지컬+연극,42
장사익 & 김영임 with 웨스턴심포니오케스트라 [경주],한국음악,0.99955875,대중음악,0.0033312866,한국음악+대중음악,대중음악+한국음악,42
"체어, 테이블, 체어",뮤지컬,0.84872717,서양음악,0.11577278,뮤지컬+서양음악,뮤지컬+서양음악,42
춤과 함께하는 봄의 대향연,서양음악,0.9930402,한국음악,0.008688368,서양음악+한국음악,서양음악+한국음악,42
아시아 콘텐츠 공연개발 쇼케이스: 고래씨 이상해,한국음악,0.99994206,연극,0.16258244,한국음악+연극,연극+한국음악,42
"별별페스티벌, 단테: 지옥 편",연극,0.98277897,서양음악,0.006918939,연극+서양음악,서양음악+연극,42
매헌윤봉길의사 상하이의거 90주년 기념 음악축제,서양음악,0.7626355,대중음악,0.0011622051,서양음악+대중음악,대중음악+서양음악,42
"제3회 이머시브 랩, 빈공간, 극장놀이",연극,0.9680757,서양음악,0.00021547287,연극+서양음악,서양음악+연극,42
익산시립무용단 풍물단 합동공연: 넥스트모션Ⅳ,한국음악,0.5322555,무용,0.05176311,한국음악+무용,무용+한국음악,42
빨간망토와 함께 떠나는 뮤직 트립,연극,0.058384836,뮤지컬,0.018027108,연극+뮤지컬,뮤지컬+연극,42
강아지 똥 [의정부],뮤지컬,0.9350566,서양음악,0.026974956,뮤지컬+서양음악,뮤지컬+서양음악,42
두번째달X김준수X채수현: 새로운 세상으로의 초대 [인천],한국음악,0.9977969,뮤지컬,0.09550728,한국음악+뮤지컬,뮤지컬+한국음악,42
제22회 거창예총제,대중음악,0.40748858,무용,0.076689646,대중음악+무용,대중음악+무용,42
"꽃, 나무",서양음악,0.9989856,한국음악,0.0008791542,서양음악+한국음악,서양음악+한국음악,42
"신박한 스테이지, 고래의 노래",한국음악,0.99881387,연극,0.021193396,한국음악+연극,연극+한국음악,42
"GAC 화요극장, 위대한 낙서",무용,0.96251005,서양음악,0.14672376,무용+서양음악,무용+서양음악,42
춘향 예화담 [연천],한국음악,0.9999964,서양음악,0.0001993469,한국음악+서양음악,서양음악+한국음악,42
"전영랑, 강유진의 국악과 트로트의 만남",뮤지컬,0.23135711,한국음악,0.16986443,뮤지컬+한국음악,뮤지컬+한국음악,42
민들레 가족극장,연극,0.98895174,한국음악,0.793819,연극+한국음악,연극+한국음악,42
자동차의 정맥 by OddVein,대중무용,0.99998987,무용,0.64206254,대중무용+무용,대중무용+무용,42
"아리랑, 택견과 만나다 [수원]",한국음악,0.67303044,연극,0.046355538,한국음악+연극,연극+한국음악,42
BOOMI's Jazz Odyssey: 조선,서양음악,0.9931179,뮤지컬,0.13509324,서양음악+뮤지컬,뮤지컬+서양음악,42
꽃이 핍니다 [영천],한국음악,0.9999871,대중음악,0.026116513,한국음악+대중음악,대중음악+한국음악,42
HYANGGA,대중음악,0.9537909,한국음악,0.04521106,대중음악+한국음악,대중음악+한국음악,42
제17회 부산국제어린이청소년영화제 개막식,대중음악,0.9992539,대중무용,0.027286498,대중음악+대중무용,대중무용+대중음악,42
사유하는 극장: 요즘 것들의 사유,한국음악,0.08533957,대중음악,0.0003401471,한국음악+대중음악,대중음악+한국음악,42
제31회 아트레온 갤러리 콘서트,대중음악,0.9840391,서양음악,0.2875098,대중음악+서양음악,대중음악+서양음악,42
민선8기 축하음악회 [천안],한국음악,0.18493296,대중음악,0.07045459,한국음악+대중음악,대중음악+한국음악,42
GoGoGo: 연주하Go 노래하Go 춤추Go [안성],한국음악,0.59590775,연극,0.0023094895,한국음악+연극,연극+한국음악,42
은곡마을 마실콘서트,서양음악,0.99994624,한국음악,0.008792622,서양음악+한국음악,서양음악+한국음악,42
시詩작作: 과정과 공유,연극,0.99983084,한국음악,0.045894347,연극+한국음악,연극+한국음악,42
Letter (서신): Greeting from No Sign Lab,서양음악,0.9999994,대중음악,7.611873e-05,서양음악+대중음악,대중음악+서양음악,42
"전원경의 아트살롱, 그림콘서트: 로마의 여름 햇살",서양음악,0.9929671,대중음악,0.014852035,서양음악+대중음악,대중음악+서양음악,42
"체어, 테이블 체어 [의정부]",뮤지컬,0.99999905,연극,0.000436899,뮤지컬+연극,뮤지컬+연극,42
LED 비바츠태권발레 [창녕],대중음악,0.8087588,한국음악,0.019776255,대중음악+한국음악,대중음악+한국음악,42
"여우락 페스티벌, 밤 새 Baum Sae Communication",한국음악,0.9685526,대중음악,0.008530692,한국음악+대중음악,대중음악+한국음악,42
생생 락樂 [울산],무용,0.9979766,뮤지컬,0.004146084,무용+뮤지컬,무용+뮤지컬,42
코미디 애니멀쇼 [안산],뮤지컬,0.99984074,연극,0.042459484,뮤지컬+연극,뮤지컬+연극,42
거꾸로프로젝트: Gukpop Concert [평택],한국음악,0.8460495,뮤지컬,0.39846823,한국음악+뮤지컬,뮤지컬+한국음악,42
"스테이지 인 세종 시즌 1, 국악과 오케스트라의 앙상블: 세종실락",뮤지컬,0.99994135,한국음악,0.055486508,뮤지컬+한국음악,뮤지컬+한국음악,42
샌드 팝페라: 금빛 모래의 향연 [수원],뮤지컬,0.20406088,대중음악,0.18158641,뮤지컬+대중음악,대중음악+뮤지컬,42
"여우락페스티벌, 차승민 X 장진아: Base Is Nice",대중음악,0.01522491,한국음악,0.00015351878,대중음악+한국음악,대중음악+한국음악,42
"여우락페스티벌, 지혜리 오케스트라: 너나:음양",한국음악,0.9999999,연극,0.0013868687,한국음악+연극,연극+한국음악,42
"코리아 탭 오케스트라, 올댓리듬 [통영]",서양음악,0.97837764,한국음악,0.04147526,서양음악+한국음악,서양음악+한국음악,42
"판페라, 소리의 서막을 열다",무용,0.9763949,한국음악,0.35276935,무용+한국음악,무용+한국음악,42
"제32회 거창국제연극제, 한여름밤의 꿈",대중무용,0.9999728,대중음악,0.2759671,대중무용+대중음악,대중무용+대중음악,42
제3회 대구학생문화센터 합창단·합주단·국악단 연합 정기연주회,서양음악,0.8128416,무용,0.13880959,서양음악+무용,무용+서양음악,42
한빛예술단의 일 더하기 We,서양음악,0.9999815,대중음악,0.26728186,서양음악+대중음악,대중음악+서양음악,42
음악으로 듣는 마술극장 [김해],서양음악,0.9067834,연극,0.0006928685,서양음악+연극,서양음악+연극,42
그림이 오감을 만났을때: 감각주의 [대구],서양음악,0.99517894,뮤지컬,0.000942145,서양음악+뮤지컬,뮤지컬+서양음악,42
WAVEON 아트 페스티벌,서양음악,0.39142567,대중음악,0.09494323,서양음악+대중음악,대중음악+서양음악,42
"제32회 거창국제연극제, 춘향전",서양음악,0.98609203,대중음악,0.7990164,서양음악+대중음악,대중음악+서양음악,42
등,연극,0.9968923,한국음악,0.000862664,연극+한국음악,연극+한국음악,42
김준수 X 두번째달 콘서트 with 손에손에 뮤직 페스타,대중음악,0.98145217,한국음악,0.58718055,대중음악+한국음악,대중음악+한국음악,42
국악 IN 가요 [수원],한국음악,0.17330696,서양음악,0.00024949238,한국음악+서양음악,서양음악+한국음악,42
자연-적 [대구],한국음악,0.9919487,서양음악,0.010842658,한국음악+서양음악,서양음악+한국음악,42
청춘만발,한국음악,0.99617046,서양음악,0.08656222,한국음악+서양음악,서양음악+한국음악,42
"울주 어린이 오감체험 축제, 공연",뮤지컬,0.7101221,서양음악,0.31923044,뮤지컬+서양음악,뮤지컬+서양음악,42
파포스,연극,0.99096304,서양음악,0.00029204253,연극+서양음악,서양음악+연극,42
"수봉IN 기획공연, 樂 & 민yo!: 유쾌 경쾌 통쾌한 삼쾌 콘서트",연극,0.7708068,뮤지컬,0.40245822,연극+뮤지컬,뮤지컬+연극,42
비제의 어린이놀이와 한국의 전래놀이 콘서트 [인천],서양음악,0.9997676,연극,0.00010348696,서양음악+연극,서양음악+연극,42
"대한민국 치유예술제, 제이리의 Piano Drama Concert: Afterglow",무용,0.4468307,대중음악,0.26601037,무용+대중음악,대중음악+무용,42
"한여름밤의 작은극장, 헨젤과 그레텔 인 서커스 (Hansel and Gretel in Circus)",연극,0.99999416,서양음악,0.00011456244,연극+서양음악,서양음악+연극,42
"플라멩코 X 국악, 소리로 타오르다",대중무용,0.45281294,뮤지컬,0.339623,대중무용+뮤지컬,대중무용+뮤지컬,42
점입가경 (漸入歌境),연극,0.9373553,대중음악,0.65057665,연극+대중음악,대중음악+연극,42
소나기,뮤지컬,0.17482,서양음악,0.09845237,뮤지컬+서양음악,뮤지컬+서양음악,42
지음지기 (知音知己),대중음악,0.982186,한국음악,0.0016736884,대중음악+한국음악,대중음악+한국음악,42
김영임 & 김용임과 함께하는 희희낙락 [대구],한국음악,0.6943326,대중음악,0.11583757,한국음악+대중음악,대중음악+한국음악,42
재미있는 음악이야기 오페라 & 뮤지컬,대중음악,0.94503903,서양음악,0.7903072,대중음악+서양음악,대중음악+서양음악,42
전북 9인9색,서양음악,0.96604586,연극,0.00054454844,서양음악+연극,서양음악+연극,42
K팝페라로 들려주는 성남민권운동 이야기: 그 날이 올 때 까지,연극,1.0,서양음악,1.8545752e-05,연극+서양음악,서양음악+연극,42
"그 여름, 나의 탱고 [천안]",서양음악,0.046764936,대중무용,0.015420881,서양음악+대중무용,대중무용+서양음악,42
태권무 한빛,뮤지컬,0.88825977,무용,0.019718552,뮤지컬+무용,무용+뮤지컬,42
"제주해녀의 숨결에 실린 푸르고 깊은 노래: 숨,빛,소리",한국음악,0.8715476,연극,0.61254334,한국음악+연극,연극+한국음악,42
성남예총과 함께하는 withus concert,무용,0.9999614,대중음악,0.82351106,무용+대중음악,대중음악+무용,42
비바체스와 함께하는 사랑의 하모니 정기연주회,서양음악,0.77817255,대중음악,0.0006883882,서양음악+대중음악,대중음악+서양음악,42
"대구 고교 특화형 문화예술 프로그램 D-ART, 오페라&뮤지컬 갈라콘서트",서양음악,0.9999995,한국음악,5.222517e-05,서양음악+한국음악,서양음악+한국음악,42
"동,서양의 음악을 핫하고 힙하게!",서양음악,0.9977799,한국음악,0.0064600063,서양음악+한국음악,서양음악+한국음악,42
"저녁을 닮은 음악 3rd Stage, 신명으로 어울리다!",서양음악,0.10772484,대중무용,0.028234983,서양음악+대중무용,대중무용+서양음악,42
新 광대의 외침 시너어,한국음악,0.59653246,대중음악,0.01058634,한국음악+대중음악,대중음악+한국음악,42
우울한 대로: 기억의 조각,대중음악,0.9988954,한국음악,0.9508567,대중음악+한국음악,대중음악+한국음악,42
프리소울의 희망리듬: 춤추는 클래식,서양음악,0.99957305,무용,0.13475312,서양음악+무용,무용+서양음악,42
비제의 어린이놀이와 한국의 전래놀이 콘서트 [부평],서양음악,0.99999976,연극,5.362525e-06,서양음악+연극,서양음악+연극,42
"현대자동차그룹 대학 연극 뮤지컬 페스티벌, 시상식",연극,0.99671656,뮤지컬,0.08709053,연극+뮤지컬,뮤지컬+연극,42
"제8회 대전음악제, 대전의 앙상블 동서양의 조화",서양음악,0.9999304,한국음악,7.0722715e-05,서양음악+한국음악,서양음악+한국음악,42
영감 7 - 절기 2,서양음악,0.8729535,무용,0.023581617,서양음악+무용,무용+서양음악,42
윤형주의 쎄시봉 콘서트,무용,0.9731823,한국음악,0.73779047,무용+한국음악,무용+한국음악,42
에코백,뮤지컬,0.2969409,연극,0.12794784,뮤지컬+연극,뮤지컬+연극,42
일상이 되고픈 특별한 하루,서양음악,0.106935136,연극,0.036289323,서양음악+연극,서양음악+연극,42
예그리나 in 제물포구락부 1926 [인천],뮤지컬,0.34742486,대중음악,7.674094e-05,뮤지컬+대중음악,대중음악+뮤지컬,42
라임의 왕 김삿갓 [춘천],연극,0.99997413,서양음악,1.7977894e-05,연극+서양음악,서양음악+연극,42
"그림자극으로 만나는 환상의 음악여행, 동물의 사육제 & 피터와 늑대",한국음악,0.5800371,대중무용,0.3893028,한국음악+대중무용,대중무용+한국음악,42
제8회 셈플리체 정기연주회,서양음악,0.23227492,한국음악,0.03588895,서양음악+한국음악,서양음악+한국음악,42
레인보우프로젝트 vol.2 [대구],뮤지컬,0.8764921,대중음악,0.010216612,뮤지컬+대중음악,대중음악+뮤지컬,42
"전원경의 아트살롱, 그림콘서트: 가을 고독한 뉴요커",서양음악,0.40224952,대중음악,0.2322258,서양음악+대중음악,대중음악+서양음악,42
"수요공감, 황인유의 流 Ⅰ",무용,0.7158448,한국음악,0.09459326,무용+한국음악,무용+한국음악,42
서리풀 음악회,서양음악,0.9804379,대중음악,0.09535705,서양음악+대중음악,대중음악+서양음악,42
제103회 전국(장애인)체전 기념 콘서트: 함께 뛰는 우리 with 초대,연극,0.6770436,뮤지컬,0.14942242,연극+뮤지컬,뮤지컬+연극,42
소월 시극: 산산이 부서진 이름이여,서양음악,0.9111854,대중음악,0.00224653,서양음악+대중음악,대중음악+서양음악,42
"월간뮤지크, 동양고주파",서양음악,0.5632979,한국음악,0.1773129,서양음악+한국음악,서양음악+한국음악,42
"제27회 서곶문화예술제, 개막공연",한국음악,0.99365306,서양음악,0.04889217,한국음악+서양음악,서양음악+한국음악,42
"아트콘서트, 마티스가 사랑한 음악",대중무용,0.47421247,무용,0.33918566,대중무용+무용,대중무용+무용,42
"부산시립예술단, 재밌는 클래식 맛있는 클래식",뮤지컬,0.84158486,서양음악,0.18968888,뮤지컬+서양음악,뮤지컬+서양음악,42
수궁으로 떠나는 상상여행 [수원],연극,0.035640296,한국음악,0.01764753,연극+한국음악,연극+한국음악,42
특별한 만남,대중음악,0.99999595,대중무용,0.05892525,대중음악+대중무용,대중무용+대중음악,42
The Magic 팬텀 & 퀸 [연천],대중음악,0.7334885,서양음악,0.72230864,대중음악+서양음악,대중음악+서양음악,42
마디와 매듭,무용,0.37316272,한국음악,0.30780935,무용+한국음악,무용+한국음악,42
"최정주 아트앤뮤직 큐레이션, 프로방스 2",서양음악,0.9197927,대중음악,0.79354036,서양음악+대중음악,대중음악+서양음악,42
"제22회 SPAF, 꼭두각시",한국음악,0.9333907,무용,0.32314742,한국음악+무용,무용+한국음악,42
"서울국제공연예술제 협력프로그램, 불이 되는 숨",무용,0.9999987,한국음악,0.01857513,무용+한국음악,무용+한국음악,42
태권유랑단 녹두 [하남],뮤지컬,0.9985159,연극,0.018217755,뮤지컬+연극,뮤지컬+연극,42
"비욘드 더 클래식 Ⅱ, 음악맛집 클래식당",서양음악,0.9983524,무용,0.00084858795,서양음악+무용,무용+서양음악,42
The magic 팬텀 & 퀸 [과천],서양음악,0.95907754,대중음악,0.8095391,서양음악+대중음악,대중음악+서양음악,42
"비욘드 클래식, 음악맛집 클래식당",한국음악,0.9583812,서양음악,0.006638732,한국음악+서양음악,서양음악+한국음악,42
"토요키즈클래식, 클래식으로 만나는 뮤지컬 with 할로윈 [용인]",서양음악,0.97988373,대중음악,0.008486195,서양음악+대중음악,대중음악+서양음악,42
심청길 비밀레시피,연극,0.99985754,무용,0.000111423986,연극+무용,무용+연극,42
황보종태 단독공연,한국음악,0.93041605,대중음악,0.0048151286,한국음악+대중음악,대중음악+한국음악,42
최정원과 함께하는 문화가 있는날 [제주],뮤지컬,0.35230082,서양음악,0.20078689,뮤지컬+서양음악,뮤지컬+서양음악,42
말라죽지 않을 정도만: 위기테라피 to 식물 놀 궁리 디너쇼,연극,0.9986094,무용,0.06204975,연극+무용,무용+연극,42
"음악, 탱고를 만나다: Passion of TANGO [공주]",서양음악,0.95277536,대중무용,0.19880609,서양음악+대중무용,대중무용+서양음악,42
비오케이 문화산책 (10월),대중음악,0.89845514,한국음악,0.003439117,대중음악+한국음악,대중음악+한국음악,42
햄릿: 소리의 심리학,연극,0.98170483,서양음악,0.0016482867,연극+서양음악,서양음악+연극,42
방구 대 방구 [의정부],뮤지컬,0.9976931,연극,0.09484899,뮤지컬+연극,뮤지컬+연극,42
24시간 프로젝트 시즌 5,서양음악,0.99994147,대중음악,0.0028776159,서양음악+대중음악,대중음악+서양음악,42
"월간뮤지크, 소리꾼 고영열X조윤성 트리오",한국음악,0.9983524,대중음악,0.051066548,한국음악+대중음악,대중음악+한국음악,42
"제2회 N티스트페스티벌, 조선의 다빈치코드",대중음악,0.9898929,서양음악,0.9218132,대중음악+서양음악,대중음악+서양음악,42
호루이안 인민 없는 경제,무용,0.9967123,연극,0.2600244,무용+연극,무용+연극,42
제주해녀 평화음악회,뮤지컬,0.9999963,서양음악,0.00069902564,뮤지컬+서양음악,뮤지컬+서양음악,42
다르미가틈,대중음악,0.7727283,한국음악,0.0014624511,대중음악+한국음악,대중음악+한국음악,42
Sea Of Love,연극,0.11720815,대중음악,0.0036993097,연극+대중음악,대중음악+연극,42
"최정주 아트앤뮤직 큐레이션, 도시의 미술관 산책: 피렌체",대중음악,0.9854359,서양음악,0.37097865,대중음악+서양음악,대중음악+서양음악,42
앙상블 클라비어 힙클 [안동],대중음악,0.99925953,무용,0.015007549,대중음악+무용,대중음악+무용,42
제6회 대구국제컴퓨터음악제,뮤지컬,0.9708421,무용,0.16592212,뮤지컬+무용,무용+뮤지컬,42
세종메세나 콘서트,연극,0.99999976,한국음악,0.00011513531,연극+한국음악,연극+한국음악,42
"M.I.H 프로젝트 예술단 통합기획공연, MADE IN 화성",뮤지컬,0.7791135,서양음악,0.387772,뮤지컬+서양음악,뮤지컬+서양음악,42
데뷔를 대비하라,뮤지컬,0.33289137,연극,0.015793847,뮤지컬+연극,뮤지컬+연극,42
크로이체르 소나타: 베토벤과 톨스토이의 만남 [용인],연극,0.82590026,서양음악,0.18751657,연극+서양음악,서양음악+연극,42
The Modern 402,연극,0.9075354,뮤지컬,0.04832233,연극+뮤지컬,뮤지컬+연극,42
The Magic 팬텀 & 퀸 [대구],대중음악,0.96446514,서양음악,0.7007709,대중음악+서양음악,대중음악+서양음악,42
화려,뮤지컬,0.3177007,서양음악,0.007638457,뮤지컬+서양음악,뮤지컬+서양음악,42
신노이 SINNOI [수원],한국음악,0.9901923,대중무용,0.016245782,한국음악+대중무용,대중무용+한국음악,42
물의감각,한국음악,0.99997735,연극,0.002105006,한국음악+연극,연극+한국음악,42
"전원경의 아트살롱, 그림콘서트: 상트페테르부르크의 겨울바람",서양음악,0.99302095,뮤지컬,0.0058533945,서양음악+뮤지컬,뮤지컬+서양음악,42
"그림자극으로 만나는 환상의 음악여행, 동물의 사육제 & 피터와 늑대 [김제]",연극,0.61473656,서양음악,0.60593206,연극+서양음악,서양음악+연극,42
문밖의 사람들: 門外漢 이번 생은 주관식입니다,대중음악,0.9920665,서양음악,0.00033816427,대중음악+서양음악,대중음악+서양음악,42
대한민국 동화축제 [포항],대중음악,0.99999344,무용,0.00017738264,대중음악+무용,대중음악+무용,42
크로키키 브라더스 [안양],한국음악,0.4978449,연극,0.44021714,한국음악+연극,연극+한국음악,42
THE BOUNDLESS TWIST,대중음악,0.41102865,서양음악,0.16989538,대중음악+서양음악,대중음악+서양음악,42
"SAC ON SCREEN, 위대한 낙서 [제주]",연극,0.6219423,무용,0.35799494,연극+무용,무용+연극,42
청소년 교과서 음악회,한국음악,0.009729091,연극,0.00496294,한국음악+연극,연극+한국음악,42
Recovery 춘천: 놀我YOU,서양음악,0.45263517,한국음악,0.0018399468,서양음악+한국음악,서양음악+한국음악,42
기존의 인형들: 인형의 조건들,연극,0.99959594,한국음악,0.9851976,연극+한국음악,연극+한국음악,42
노크,연극,0.9790533,뮤지컬,0.19947952,연극+뮤지컬,뮤지컬+연극,42
제32회 아트레온갤러리콘서트,대중음악,0.96823245,서양음악,0.12801708,대중음악+서양음악,대중음악+서양음악,42
김영임 & 김용임과 함께하는 희희낙락 [경기 광주],한국음악,0.9821085,대중음악,0.6319892,한국음악+대중음악,대중음악+한국음악,42
성남아트센터 후원회 음악회: Love of winter,서양음악,0.07652802,대중음악,0.0076867705,서양음악+대중음악,대중음악+서양음악,42
"얼리 윈터페스티벌, 잇쇼",무용,0.9743559,대중무용,0.63231105,무용+대중무용,대중무용+무용,42
김영임 김용임과 함께하는 희희낙락 [오산],대중음악,0.9000218,한국음악,0.7687674,대중음악+한국음악,대중음악+한국음악,42
극단 선인장 갈라콘서트: 씨앗,뮤지컬,0.8252948,서양음악,0.2746574,뮤지컬+서양음악,뮤지컬+서양음악,42
"흔들리며 피는 꽃 21, 낙동강 블루스",연극,0.99362046,서양음악,0.003123567,연극+서양음악,서양음악+연극,42
"삼청각 수요상설공연, 거꾸로프로젝트: 흥보와 놀다",한국음악,0.99879104,무용,0.7354295,한국음악+무용,무용+한국음악,42
제주-싱가포르 교류 공연: 순환,연극,0.88641584,한국음악,0.5460858,연극+한국음악,연극+한국음악,42
희망 나눔 콘서트 [파주],무용,0.9999777,서양음악,0.017178334,무용+서양음악,무용+서양음악,42
"제15회 예문학생예술단음악회, 예문학생윈드오케스트라, 예문학생시어터 공연: 홈커밍데이(Homecoming Day)",대중음악,0.8084409,뮤지컬,0.32922676,대중음악+뮤지컬,대중음악+뮤지컬,42
"아홉번째 스윙-바이, 김바리X정은혜: 박동",뮤지컬,0.9988538,서양음악,0.8380807,뮤지컬+서양음악,뮤지컬+서양음악,42
디렉션 후원 나이트,연극,0.37714863,무용,0.00012213393,연극+무용,무용+연극,42
앙상블 노엘의 매지컬 싱어롱,뮤지컬,0.9966724,서양음악,0.016815705,뮤지컬+서양음악,뮤지컬+서양음악,42
송년음악회 [보령],서양음악,0.9041827,대중음악,0.0119937705,서양음악+대중음악,대중음악+서양음악,42
제60회 K-Theater Awards,연극,0.99993765,서양음악,0.00044443522,연극+서양음악,서양음악+연극,42
마주보는집 & 공감토크쇼,연극,0.18596725,서양음악,0.0015218817,연극+서양음악,서양음악+연극,42
송년문화행사 [인천],대중음악,0.99999976,대중무용,0.0009264824,대중음악+대중무용,대중무용+대중음악,42
방구 대 방구 [의정부],서양음악,0.98516953,뮤지컬,0.060921572,서양음악+뮤지컬,뮤지컬+서양음악,42
신년음악회,서양음악,0.11092842,연극,0.005196852,서양음악+연극,서양음악+연극,42
Happy New Year [인천],대중음악,0.9938968,서양음악,0.15627135,대중음악+서양음악,대중음악+서양음악,42
"신년음악회, 소복다복(笑福多福): 계묘년",한국음악,0.9771766,대중음악,0.24572258,한국음악+대중음악,대중음악+한국음악,42
"창작산실, 김재훈의 P.N.O",서양음악,0.99226826,연극,0.00025201295,서양음악+연극,서양음악+연극,42
신년음악회 [보령],대중무용,0.51662713,대중음악,0.48152977,대중무용+대중음악,대중무용+대중음악,42
국립정동극장 신년음악회,대중음악,0.7688713,한국음악,0.32631603,대중음악+한국음악,대중음악+한국음악,42
"제9회 경기공연예술페스타, DAY 1",무용,0.98909855,대중무용,0.4429554,무용+대중무용,대중무용+무용,42
"제9회 경기공연예술페스타, DAY 2",무용,0.9901715,한국음악,0.1824965,무용+한국음악,무용+한국음악,42
the Black Show 003,연극,0.9980469,서양음악,0.40190473,연극+서양음악,서양음악+연극,42
동물의 사육제 [세종],서양음악,0.4639332,무용,0.3319953,서양음악+무용,무용+서양음악,42
3.1절 기념 한용운이 부르는 님의 침묵,서양음악,0.99995613,대중음악,0.000110289206,서양음악+대중음악,대중음악+서양음악,42
예감살롱콘서트,한국음악,0.3706483,뮤지컬,0.05437368,한국음악+뮤지컬,뮤지컬+한국음악,42
ACC 브런치콘서트 (패키지),서양음악,0.9999951,한국음악,0.00059096864,서양음악+한국음악,서양음악+한국음악,42
소리가 춤을 부른다,한국음악,0.7225977,무용,0.29809713,한국음악+무용,무용+한국음악,42
"탱고, 매혹",무용,0.7950058,대중무용,0.0025185298,무용+대중무용,대중무용+무용,42
삼일절 104돌 기념 성남시민 어울림 한마당,연극,0.9999528,뮤지컬,0.0032650107,연극+뮤지컬,뮤지컬+연극,42
"모도다프로젝트, 감정: 팔이",한국음악,0.9998969,연극,0.9822581,한국음악+연극,연극+한국음악,42
피콜리스트 김원미 & 안디아모 콘서트 [안동],서양음악,0.90983295,연극,0.0113413045,서양음악+연극,서양음악+연극,42
"최정주 아트앤뮤직 큐레이션, 음악이 흐르는 도시 베네치아",대중음악,0.99931884,서양음악,0.07868138,대중음악+서양음악,대중음악+서양음악,42
즉흥공감극장(Playback Theatre)봄 정기공연,연극,1.0,서양음악,1.9863102e-05,연극+서양음악,서양음악+연극,42
벌나비가 찾아와서 봄소식을 전하는데,한국음악,0.9914315,서양음악,0.0061384905,한국음악+서양음악,서양음악+한국음악,42
"제88회 명품콘서트, Asia & Saha 아티스트 콜라보",서양음악,0.9187389,연극,0.036987744,서양음악+연극,서양음악+연극,42
"오픈씨어터 오발콘 시리즈 Ⅰ, Vamonos! 돈키호테",서양음악,0.99986863,연극,0.036540784,서양음악+연극,서양음악+연극,42
"김준수와 함께하는 하남명무전, 봄, 춤으로 피어나다 [하남]",무용,0.8435002,대중음악,0.040790174,무용+대중음악,대중음악+무용,42
토케토리 골방콘서트,무용,0.9881655,서양음악,0.88276494,무용+서양음악,무용+서양음악,42
HAKUEI KIM X 이봉근 X 하윤주 콘서트: 3,한국음악,0.9412631,대중음악,0.049880352,한국음악+대중음악,대중음악+한국음악,42
"마티네콘서트 마실, 협궤열차의 꿈",대중음악,0.9999999,한국음악,0.19039065,대중음악+한국음악,대중음악+한국음악,42
"아침음악나들이 1, 존노 & 고영열",한국음악,0.97413707,대중음악,0.04416555,한국음악+대중음악,대중음악+한국음악,42
"통영국제음악제, 해리 파치: 플렉트럼과 타악기 춤",서양음악,0.9737126,한국음악,0.039606005,서양음악+한국음악,서양음악+한국음악,42
첼로가야금 [연천],한국음악,0.8882375,연극,0.3621999,한국음악+연극,연극+한국음악,42
읽은척 판소리 북 콘서트: 나는 고양이로소이다.,한국음악,0.5767018,대중음악,0.3804318,한국음악+대중음악,대중음악+한국음악,42
개구리왕자,뮤지컬,0.99663335,한국음악,0.0016947911,뮤지컬+한국음악,뮤지컬+한국음악,42
춘하추동 디톡스 콘서트,대중음악,0.67894834,뮤지컬,0.014921236,대중음악+뮤지컬,대중음악+뮤지컬,42
"통영국제음악회, 온드레이 아다멕: 디너",한국음악,0.88206875,서양음악,0.13300318,한국음악+서양음악,서양음악+한국음악,42
Talk Talk Talk,뮤지컬,0.99305624,서양음악,0.00022537314,뮤지컬+서양음악,뮤지컬+서양음악,42
"춘천문화예술회관 개관 30주년, 우리 여기에: 첫째날 광장으로",무용,0.98350084,한국음악,0.0042228843,무용+한국음악,무용+한국음악,42
제4회 장애인의 날 기념 위더스콘서트,무용,0.9999559,대중음악,0.10210342,무용+대중음악,대중음악+무용,42
Re:born과 함께하는 Refresh Concert,서양음악,0.9624304,한국음악,0.0082180295,서양음악+한국음악,서양음악+한국음악,42
"아름다운 동행 우리함께, SING A SONG",한국음악,0.8397828,뮤지컬,0.3157471,한국음악+뮤지컬,뮤지컬+한국음악,42
"퍼플엘리, 에펠탑 앞에서 사진찍기",서양음악,0.86550325,무용,0.01806451,서양음악+무용,무용+서양음악,42
소녀의 꿈,한국음악,0.639153,대중음악,0.078027226,한국음악+대중음악,대중음악+한국음악,42
룰루랄라와 함께하는 동화책 콘서트,연극,1.0,한국음악,8.9265e-06,연극+한국음악,연극+한국음악,42
"제76회 (사)한국여성작곡가회 봄 정기발표회, 도약",서양음악,0.99994206,무용,5.877089e-05,서양음악+무용,무용+서양음악,42
더 퍼스트 뮤직 IN 슬램덩크,연극,0.06873077,서양음악,0.00055517745,연극+서양음악,서양음악+연극,42
별주부전,연극,0.9999287,뮤지컬,0.00018439876,연극+뮤지컬,뮤지컬+연극,42
광주상설공연(5월),서양음악,0.9993193,대중음악,0.008616277,서양음악+대중음악,대중음악+서양음악,42
원주시민과 함께하는 열린음악회 [원주],한국음악,0.9997539,서양음악,0.011944288,한국음악+서양음악,서양음악+한국음악,42
"광주시립교향악단, 그림자극과 함께하는 키즈클래식",서양음악,0.9927355,무용,0.011518569,서양음악+무용,무용+서양음악,42
"피카스 그림동화 음악회, 장난감 병정과 발레리나",서양음악,0.99956936,뮤지컬,0.0002196698,서양음악+뮤지컬,뮤지컬+서양음악,42
페페의 꿈 [춘천],연극,0.99859744,뮤지컬,0.015501421,연극+뮤지컬,뮤지컬+연극,42
가슴이 콩닥콩닥 [창원],서양음악,0.1825836,대중음악,0.0014009399,서양음악+대중음악,대중음악+서양음악,42
방귀 며느리 [통영],연극,0.8691937,뮤지컬,0.14572191,연극+뮤지컬,뮤지컬+연극,42
내시십분 콘서트 [부산],대중음악,1.0,대중무용,0.0030066306,대중음악+대중무용,대중무용+대중음악,42
수상한스테이지 (5월),대중음악,0.9999912,연극,3.2799353e-06,대중음악+연극,대중음악+연극,42
봄 ＆ 희망 콘서트 [대구],서양음악,0.99999976,대중음악,1.0495766e-05,서양음악+대중음악,대중음악+서양음악,42
반짝반짝 그 찬란한 날 [대구],서양음악,0.22563541,한국음악,0.12118918,서양음악+한국음악,서양음악+한국음악,42
스페이스 크루즈(SPACE CRUISE),서양음악,0.9978962,무용,8.3855026e-05,서양음악+무용,무용+서양음악,42
"브람스의 구연동화 연가곡, 아름다운 마겔로네",서양음악,0.9999999,대중음악,2.2515637e-06,서양음악+대중음악,대중음악+서양음악,42
"천재 모차르트, 라마",서양음악,0.09561845,대중음악,0.00014914748,서양음악+대중음악,대중음악+서양음악,42
"Asia & Saha Ⅱ, 중국편 (5.17)",한국음악,0.40857783,서양음악,0.36854094,한국음악+서양음악,서양음악+한국음악,42
"오월국제교류음악회, 평화와 희망을 기원하는 함께가자 희망찬 세상으로",대중무용,0.64344287,연극,0.42967382,대중무용+연극,대중무용+연극,42
동물의 사육제 & 피터와 늑대 [광양],서양음악,0.79665303,연극,0.049406074,서양음악+연극,서양음악+연극,42
"춘향, 날개를 뜯긴 새 [서울]",무용,0.9674596,한국음악,0.07561015,무용+한국음악,무용+한국음악,42
Reflection,무용,0.9447288,한국음악,0.88381946,무용+한국음악,무용+한국음악,42
예술봄소리와 함께하는 EQ－UP (오전),서양음악,0.9957949,한국음악,0.003765618,서양음악+한국음악,서양음악+한국음악,42
신현대 콘서트: 파키스탄 카라코람 히말라야 히스파빙하 원정대 후원콘서트,무용,0.9801104,대중음악,0.07643789,무용+대중음악,대중음악+무용,42
마티네 콘서트 [용인],뮤지컬,0.09906443,한국음악,0.026160423,뮤지컬+한국음악,뮤지컬+한국음악,42
DUO RECITAL,서양음악,0.93447363,한국음악,0.1480996,서양음악+한국음악,서양음악+한국음악,42
"일상문화도시 페스티벌, 강북Festa",무용,0.5704044,뮤지컬,0.38091442,무용+뮤지컬,무용+뮤지컬,42
"노래극,  오월",대중음악,0.403131,서양음악,0.12704438,대중음악+서양음악,대중음악+서양음악,42
김봉곤 훈장과 함께하는 NEW 조선통신사,한국음악,0.9999739,대중음악,0.019505076,한국음악+대중음악,대중음악+한국음악,42
옹칼의 비밀 [강릉],뮤지컬,0.8406659,연극,0.0125346,뮤지컬+연극,뮤지컬+연극,42
"꿈 같은 마술이야기, 몽환록 [세종]",한국음악,0.54729146,연극,0.04778052,한국음악+연극,연극+한국음악,42
저녁을 닮은 음악 (5월),대중음악,0.072383106,서양음악,0.043348294,대중음악+서양음악,대중음악+서양음악,42
"키즈콘서트2, 클래식 in 발레 [화성]",서양음악,0.9999708,대중무용,0.0008411401,서양음악+대중무용,대중무용+서양음악,42
그림자극과 함께하는 동물의 사육제,서양음악,0.9988257,연극,0.00017662789,서양음악+연극,서양음악+연극,42
꿈꾸는 어린이 예술극장 [공주],서양음악,0.5580167,대중무용,0.4871645,서양음악+대중무용,대중무용+서양음악,42
광주상설공연(6월),뮤지컬,0.6456082,한국음악,0.275316,뮤지컬+한국음악,뮤지컬+한국음악,42
단오지향,무용,0.11016975,뮤지컬,0.054990493,무용+뮤지컬,무용+뮤지컬,42
낭만 정원 콘서트: 낭만가객 조선판 풍류 [순천],대중음악,0.83112156,한국음악,0.04043358,대중음악+한국음악,대중음악+한국음악,42
"제21회 정기공연 마상무예, 선기대 화성을 달리다",뮤지컬,0.9958663,연극,0.12356895,뮤지컬+연극,뮤지컬+연극,42
만해 한용운 선생 79주기 추모예술제,대중음악,0.0035119872,연극,0.0010996253,대중음악+연극,대중음악+연극,42
아웃풋 부산 6주년 [서울],대중음악,1.0,뮤지컬,1.20662335e-05,대중음악+뮤지컬,대중음악+뮤지컬,42
어느 삐에로의 사랑 이야기,연극,0.9838039,무용,4.3802487e-05,연극+무용,무용+연극,42
"브런치 콘서트, 김효영의 아름답고 신비한 생황의 초대 (6월)",한국음악,0.99485415,서양음악,0.28493875,한국음악+서양음악,서양음악+한국음악,42
"The e-끌림 국악 콘서트, 유네스코 창작품 우리네 보물찾기",한국음악,0.999966,무용,0.00057063927,한국음악+무용,무용+한국음악,42
타악 & DJ퍼포먼스 BEAT OF SCHOOL,뮤지컬,0.99807596,서양음악,0.0017277687,뮤지컬+서양음악,뮤지컬+서양음악,42
"굿모닝콘서트, 비원 of No boundary",한국음악,0.9979159,무용,0.00081332476,한국음악+무용,무용+한국음악,42
"토크콘서트, Save the planet",대중무용,0.99618703,한국음악,0.71870804,대중무용+한국음악,대중무용+한국음악,42
"JUKEBOX OPERA, 내가 너라면? BODY CHANGE [광주]",서양음악,0.9984157,대중음악,0.008150939,서양음악+대중음악,대중음악+서양음악,42
begin again 타쇼 time [안산],연극,0.9584574,무용,0.0017026237,연극+무용,무용+연극,42
제2회 SECOME,서양음악,0.9999999,무용,6.0924725e-05,서양음악+무용,무용+서양음악,42
"11기 안산디자인문화고등학교 공연콘텐츠과 졸업발표회, a11 for ONE",연극,0.99999905,한국음악,0.00029719813,연극+한국음악,연극+한국음악,42
제12회 실용음악 & 댄스 콘서트,무용,0.9958199,대중음악,0.8596188,무용+대중음악,대중음악+무용,42
"제25회 파주예술제, 예향 속으로",무용,0.9997421,한국음악,0.0008718045,무용+한국음악,무용+한국음악,42
"호국보훈의달 기념콘서트, 아! 대한민국",서양음악,0.71006787,한국음악,0.2700629,서양음악+한국음악,서양음악+한국음악,42
페페의 꿈 [부산],뮤지컬,0.9995096,무용,0.005748243,뮤지컬+무용,무용+뮤지컬,42
진조크루 X 악단광칠: 리듬 오브 코리아 [대구],한국음악,0.99817896,대중음악,0.002499777,한국음악+대중음악,대중음악+한국음악,42
허튼소리 Corea Beats [오산],한국음악,0.8819596,무용,0.016129972,한국음악+무용,무용+한국음악,42
COLORFULL RUN [세종],연극,0.9876095,무용,0.89174426,연극+무용,무용+연극,42
"콘서트 가이드 김성민과 떠나는 아르헨티나 탱고여행, 피아졸라",서양음악,0.91265845,대중음악,0.14311084,서양음악+대중음악,대중음악+서양음악,42
5히려 좋아,한국음악,0.977426,대중음악,0.13870127,한국음악+대중음악,대중음악+한국음악,42
열린음악회: 국악신동김태연＆클라무오케스트라＆퓨전국악이희정밴드 [오산],서양음악,0.5686574,연극,0.030638194,서양음악+연극,서양음악+연극,42
젊은날의 초상,한국음악,0.1276507,서양음악,0.04640826,한국음악+서양음악,서양음악+한국음악,42
영남국악관현악단의 The Big Concert,한국음악,0.99999726,서양음악,0.00020851675,한국음악+서양음악,서양음악+한국음악,42
"일상으로 녹아내린 V, Real K-pop",서양음악,0.94937027,한국음악,0.6884653,서양음악+한국음악,서양음악+한국음악,42
테너 조용갑과 함께하는 5人 5色 Concert 오페라 & 크로스오버,서양음악,0.16222459,무용,0.0016083791,서양음악+무용,무용+서양음악,42
"The e-끌림 국악 콘서트, 토끼의 간을 찾아라",한국음악,0.9999949,뮤지컬,0.00035908373,한국음악+뮤지컬,뮤지컬+한국음악,42
"브라소닛 빅밴드와 앰비규어스댄스컴퍼니, Body ＆ Voice [부천]",대중음악,0.9571354,무용,0.281256,대중음악+무용,대중음악+무용,42
"꿈나무극장 오감똑똑 어린이공연, 싸운드 써커스",뮤지컬,0.71024215,무용,0.30475503,뮤지컬+무용,무용+뮤지컬,42
코미디 애니멀 쇼 [부천],대중음악,0.99716264,연극,0.03799473,대중음악+연극,대중음악+연극,42
"시대 융화 콘서트, 이:음 [경기 광주]",한국음악,0.43585607,서양음악,0.010327909,한국음악+서양음악,서양음악+한국음악,42
광주상설공연 (7월),한국음악,0.4833855,뮤지컬,0.17940983,한국음악+뮤지컬,뮤지컬+한국음악,42
JAZZ & 국악 With 웅산 [인천],한국음악,1.0,뮤지컬,6.6099274e-05,한국음악+뮤지컬,뮤지컬+한국음악,42
이천시민을 위한 희망음악회,서양음악,0.9825398,대중음악,0.5290794,서양음악+대중음악,대중음악+서양음악,42
"3인 3색, 동행",연극,0.026320638,서양음악,0.01181572,연극+서양음악,서양음악+연극,42
The Magic 팬텀 & 퀸 [논산],대중음악,0.9747533,서양음악,0.08082043,대중음악+서양음악,대중음악+서양음악,42
세상의 모든 피리,서양음악,0.99963033,한국음악,0.00013672702,서양음악+한국음악,서양음악+한국음악,42
"쿼드초이스, 서도와 은미: 만병통치樂",무용,0.9997303,한국음악,0.027912404,무용+한국음악,무용+한국음악,42
"아트캠프, 패밀리 펀펀데이",서양음악,0.8801359,뮤지컬,0.36678833,서양음악+뮤지컬,뮤지컬+서양음악,42
"국립국악관현악단, 베스트컬렉션 [장흥]",한국음악,0.07149179,서양음악,0.007593437,한국음악+서양음악,서양음악+한국음악,42
제30회 덕원예술고등학교 정기무용발표회,무용,0.99959964,연극,0.020285068,무용+연극,무용+연극,42
열린음악회: 국악신동김태연＆클라무오케스트라＆퓨전국악이희정밴드 [김제],뮤지컬,0.9991841,연극,0.0030076099,뮤지컬+연극,뮤지컬+연극,42
"쿼드초이스, 무토(MUTO) x 입과손스튜디오: 두개의 눈",한국음악,0.9999801,서양음악,0.00019068495,한국음악+서양음악,서양음악+한국음악,42
"여우락 페스티벌, 모듈라서울: lull~유영",한국음악,0.99876785,연극,0.005088315,한국음악+연극,연극+한국음악,42
팜페라 콘서트,서양음악,0.74068844,무용,0.46785384,서양음악+무용,무용+서양음악,42
아트그룹 AMuse가 들려주는 지혜로운 전래동화 이야기 [대구],서양음악,0.9999616,대중음악,1.5342413e-05,서양음악+대중음악,대중음악+서양음악,42
페페의 꿈 [상주],뮤지컬,0.9999503,연극,0.008650371,뮤지컬+연극,뮤지컬+연극,42
제134회 광주시립국악관현악단 정기연주회: 평화를 향한 역동과 진혼,한국음악,0.99984694,서양음악,0.0050277603,한국음악+서양음악,서양음악+한국음악,42
"전원경의 아트살롱, 그림콘서트: 로마의 여름 햇살",무용,0.81822836,서양음악,0.24221489,무용+서양음악,무용+서양음악,42
"제3회 더 패스 정기연주회, 한 여름밤의 악몽",서양음악,0.9999839,대중음악,0.00038415124,서양음악+대중음악,대중음악+서양음악,42
재즈& 국악 울림콘서트,대중음악,0.75057316,한국음악,0.049614266,대중음악+한국음악,대중음악+한국음악,42
"싱크넥스트23, 서사무엘x지후트리: 그러면 사랑 얘기는 누가 하지",연극,0.9954281,대중음악,0.0006204992,연극+대중음악,대중음악+연극,42
뽀로로 매직 싱어롱쇼: 슈퍼스타 뽀로로 드림콘서트,뮤지컬,1.0,서양음악,1.8203797e-05,뮤지컬+서양음악,뮤지컬+서양음악,42
"월드뮤직 페스티벌, 국악 & 트로트 Sweet콘서트 [의령]",한국음악,0.36558533,대중음악,0.2088771,한국음악+대중음악,대중음악+한국음악,42
"발레와 국악의 조합, 마블링 [화성]",서양음악,0.42157114,무용,0.3800814,서양음악+무용,무용+서양음악,42
모래의 마법사,연극,0.31460547,서양음악,0.21809742,연극+서양음악,서양음악+연극,42
광주상설공연 (8월),서양음악,0.9999101,대중음악,9.5539464e-05,서양음악+대중음악,대중음악+서양음악,42
"발레와 국악의 조합, 마블링 [포항]",무용,0.86850125,대중무용,0.32584378,무용+대중무용,대중무용+무용,42
"제20회 평창대관령음악제, Main Concert #18: 봄의 제전 & 신박듀오, 김지영, 이재우",무용,0.99995136,서양음악,0.0027308837,무용+서양음악,무용+서양음악,42
"공연장상주단체 페스티벌, 한 여름 밤의 선물 [세종]",연극,0.40490937,뮤지컬,0.04238573,연극+뮤지컬,뮤지컬+연극,42
"열세번째 스윙-바이, 이중중첩 & Slow Steps",대중음악,0.9999269,한국음악,0.00018251238,대중음악+한국음악,대중음악+한국음악,42
샌드쉐도우쇼,한국음악,0.959357,연극,0.35713542,한국음악+연극,연극+한국음악,42
빛고을 뮤직페스티벌 [광주],대중음악,0.99987745,연극,3.0635132e-05,대중음악+연극,대중음악+연극,42
국립극장 달빛 상영회,한국음악,0.72513,무용,0.39250422,한국음악+무용,무용+한국음악,42
"춘하추동, 디톡스 콘서트 [보성]",대중음악,0.99999905,서양음악,2.534839e-06,대중음악+서양음악,대중음악+서양음악,42
"제33회 거창국제연극제, 보드빌의 갈매기",연극,0.80689985,뮤지컬,0.16791323,연극+뮤지컬,뮤지컬+연극,42
한여름밤 Ice Coffee 콘서트,대중음악,0.97995925,서양음악,0.0055105775,대중음악+서양음악,대중음악+서양음악,42
"Chair, Table,  Chair",연극,0.85002226,뮤지컬,0.46854037,연극+뮤지컬,뮤지컬+연극,42
"싱크넥스트23, 광광,굉굉",대중음악,0.9969234,한국음악,0.15175854,대중음악+한국음악,대중음악+한국음악,42
Swing Train(스윙 트레인),서양음악,0.94023645,대중무용,0.6671415,서양음악+대중무용,대중무용+서양음악,42
음악이 춤을 추다 [울산],대중무용,0.9567714,연극,0.50917065,대중무용+연극,대중무용+연극,42
늦은 여름밤의 군민응원콘서트 [옥천],대중음악,0.97736734,서양음악,0.051592372,대중음악+서양음악,대중음악+서양음악,42
"애국찬가 드라마콘서트, 동고동락 [안산]",서양음악,0.650809,뮤지컬,0.046028532,서양음악+뮤지컬,뮤지컬+서양음악,42
"남산골 밤마실, 기담야행2: 망혼일 축제",대중음악,0.3140263,뮤지컬,0.0022078666,대중음악+뮤지컬,대중음악+뮤지컬,42
스피리또앙상블과 함께하는 베토벤 & 클림트 운명의 키스,서양음악,0.8547117,대중음악,0.016353,서양음악+대중음악,대중음악+서양음악,42
"싱크넥스트23, 모니카xCIFIKA: 쓰인 적 없는 ㅅ",서양음악,0.8166281,무용,0.06354132,서양음악+무용,무용+서양음악,42
Orange Music,서양음악,0.9999862,한국음악,0.011638723,서양음악+한국음악,서양음악+한국음악,42
피터와 늑대 [부산],서양음악,0.9672555,연극,0.006150998,서양음악+연극,서양음악+연극,42
JAZZ & 국악 With 웅산 [군산],한국음악,0.9926076,뮤지컬,0.04496585,한국음악+뮤지컬,뮤지컬+한국음악,42
김준수 & 두 번째 달 콘서트 [평택],한국음악,0.9121455,대중음악,0.08850407,한국음악+대중음악,대중음악+한국음악,42
발레 메카닉 [강동],서양음악,0.9932574,무용,0.06462014,서양음악+무용,무용+서양음악,42
"세상 풍경, 소리에 담다",서양음악,0.66105825,한국음악,0.026300542,서양음악+한국음악,서양음악+한국음악,42
"애국찬가 드라마콘서트, 동고동락 [고양]",대중무용,0.96986085,무용,0.3653219,대중무용+무용,대중무용+무용,42
누모리쇼,한국음악,0.9935242,서양음악,0.004981868,한국음악+서양음악,서양음악+한국음악,42
"문화공감터 렉처 콘서트: 원도심 재생의 아름다움, 나의 일상에 들어오다",대중음악,0.9906393,서양음악,0.022279365,대중음악+서양음악,대중음악+서양음악,42
세종이네 복숭아나무,서양음악,0.00828053,무용,0.0061253705,서양음악+무용,무용+서양음악,42
"K-예술축제 아.우.름, 대전국악방송 공개음악회: 북새통 [대전]",한국음악,0.2108659,연극,0.06257544,한국음악+연극,연극+한국음악,42
"박순아 & 키무라 슌스케: mortal, immortal",한국음악,0.9996872,서양음악,0.0954942,한국음악+서양음악,서양음악+한국음악,42
김태연과 함께하는 열린음악회 [영광],한국음악,0.46006313,대중음악,0.1536766,한국음악+대중음악,대중음악+한국음악,42
"싱크넥스트23, 궁리소 묻다의 우주 양자 마음",연극,0.9995696,한국음악,0.11367887,연극+한국음악,연극+한국음악,42
One Free Drink Concert [대전],서양음악,0.92683804,뮤지컬,0.027835513,서양음악+뮤지컬,뮤지컬+서양음악,42
우드로우,대중음악,0.96761036,서양음악,0.17737934,대중음악+서양음악,대중음악+서양음악,42
"플래시콘서트, 알리 & 한동준 위드 오케스트라",서양음악,0.977121,대중음악,0.025536662,서양음악+대중음악,대중음악+서양음악,42
"브런치콘서트 피아니스트 김용진과 함께하는 이달의 공연: 보이는 콘서트, 현대무용 (8월)",서양음악,0.68878454,뮤지컬,0.071182,서양음악+뮤지컬,뮤지컬+서양음악,42
하우스콘서트 아리아리동동(同同) [함양],연극,0.9662864,무용,0.045173533,연극+무용,무용+연극,42
광주상설공연 (9월),한국음악,0.9901052,서양음악,0.0009451061,한국음악+서양음악,서양음악+한국음악,42
"싱크넥스트23, 백현진 쑈: 공개방송",대중음악,0.9999583,서양음악,0.00043195172,대중음악+서양음악,대중음악+서양음악,42
Movie & Musical과 함께하는 음악산책 [홍주],서양음악,0.18969032,한국음악,0.0031704577,서양음악+한국음악,서양음악+한국음악,42
제9회 사랑앤 뇌병변 장애인을 위한 자선음악회,서양음악,0.99984586,한국음악,9.230231e-05,서양음악+한국음악,서양음악+한국음악,42
광주학생 탈렌트 페스티벌,서양음악,0.40017885,무용,0.008059357,서양음악+무용,무용+서양음악,42
"이앤아이앙상블 콘서트, 칼레이도 사이클 [용인]",연극,0.4471903,대중무용,0.29046562,연극+대중무용,대중무용+연극,42
"태권무 한빛, 제주오백장군이야기",대중무용,0.7831126,한국음악,0.54529107,대중무용+한국음악,대중무용+한국음악,42
"김천시립예술단 서울공연, Memory in 김천",서양음악,0.5463579,연극,0.018887803,서양음악+연극,서양음악+연극,42
"몽골국립예술단 초청공연, Nomad, met as art [예산]",무용,0.9999875,대중음악,0.02603791,무용+대중음악,대중음악+무용,42
JAZZ & 국악 with 웅산 [장흥],한국음악,0.9995548,대중음악,0.0023550673,한국음악+대중음악,대중음악+한국음악,42
홍지민과 함께하는 판타스틱쇼 시즌2,서양음악,0.6290928,뮤지컬,0.41039467,서양음악+뮤지컬,뮤지컬+서양음악,42
"가족과 함께하는 카툰 콘서트, 셜록홈즈 With POLYSYMPHONIC [대전]",대중음악,0.99959284,한국음악,0.00021257822,대중음악+한국음악,대중음악+한국음악,42
"춘하추동, 디톡스 콘서트 : 남상일&박구윤&최연화",대중음악,0.99912256,한국음악,0.006441159,대중음악+한국음악,대중음악+한국음악,42
어머니 달의신화,무용,0.9427432,뮤지컬,0.56299317,무용+뮤지컬,무용+뮤지컬,42
뷰티힐링 콘서트 with VIPIST [고양],뮤지컬,0.09953761,서양음악,0.007293975,뮤지컬+서양음악,뮤지컬+서양음악,42
퍼플콘서트 in 서울,연극,0.99825984,대중음악,0.050244365,연극+대중음악,대중음악+연극,42
김영임 & 김용임과 함께하는 희희낙락 [문경],한국음악,0.98868257,대중음악,0.33441982,한국음악+대중음악,대중음악+한국음악,42
"남구청년예술제, 함께푸르다: 해야청청",서양음악,0.3712413,무용,0.034667175,서양음악+무용,무용+서양음악,42
오라토리오 마르티레스,무용,0.96651614,서양음악,0.10840789,무용+서양음악,무용+서양음악,42
그림자야 놀자 [부천],한국음악,0.83590895,뮤지컬,0.37698326,한국음악+뮤지컬,뮤지컬+한국음악,42
"동고동락 청년 예술 콘서트, 청신호: 파동이 우리를 주파할 때 [안산]",서양음악,0.9851509,무용,0.082980864,서양음악+무용,무용+서양음악,42
"전주세계소리축제 개막공연, 상생과 회복 [전주]",한국음악,0.9014101,서양음악,0.036255755,한국음악+서양음악,서양음악+한국음악,42
"제14회 부산마루국제음악제, 프롬나드 콘서트IV, 지브리 WITH 샌드아트",서양음악,0.9999857,대중음악,0.00028321886,서양음악+대중음악,대중음악+서양음악,42
"서리풀악동문화공연, 매직컬 피터팬",무용,0.9702805,한국음악,0.47457963,무용+한국음악,무용+한국음악,42
"전원경의 아트살롱, 그림콘서트: 고독한 뉴요커",뮤지컬,0.9769489,연극,0.028756566,뮤지컬+연극,뮤지컬+연극,42
제113회 강릉시립합창단 정기연주회,서양음악,0.99960583,뮤지컬,0.00078386476,서양음악+뮤지컬,뮤지컬+서양음악,42
호수 위 우주 [충주],무용,0.9961345,한국음악,0.0008507383,무용+한국음악,무용+한국음악,42
형형색색 3인 3색 콘서트 [창원],대중음악,0.7777473,서양음악,0.6978555,대중음악+서양음악,대중음악+서양음악,42
시네마 음악회 [부산],서양음악,0.8380536,연극,0.1578203,서양음악+연극,서양음악+연극,42
을숙도문화회관 재개관기념 공연,서양음악,0.9642829,대중음악,0.009680291,서양음악+대중음악,대중음악+서양음악,42
"제22회 전주세계소리축제, re:Orient [전주]",대중무용,0.011152203,연극,0.00876507,대중무용+연극,대중무용+연극,42
"서구愛마토콘서트, 서풍: 이찬원, 정미애, 민요 김단희, 영남국악관현악단",한국음악,0.9390354,대중음악,0.6867242,한국음악+대중음악,대중음악+한국음악,42
브런치콘서트 피아니스트 김용진과 함께하는 이달의 공연: 국악이 흐르는 클래식 (9월),서양음악,0.40197626,한국음악,0.21604076,서양음악+한국음악,서양음악+한국음악,42
"삼국유사교육문화회관 가을밤 콘서트, 모던민요: 송소희 & 두번째달 & 오단해",뮤지컬,0.90263253,대중음악,0.5770391,뮤지컬+대중음악,대중음악+뮤지컬,42
광주상설공연 (10월),대중음악,0.7431878,한국음악,0.44695228,대중음악+한국음악,대중음악+한국음악,42
"브라소닛 빅밴드와 앰비규어스댄스컴퍼니, Body ＆ Voice [안동]",무용,0.9927885,대중음악,0.14577387,무용+대중음악,대중음악+무용,42
제14회 안산 성황 예술제,한국음악,1.0,연극,0.070659496,한국음악+연극,연극+한국음악,42
"제12회 당진시민의 날, 기념식",연극,0.9946795,서양음악,0.035342056,연극+서양음악,서양음악+연극,42
제55회 군산 진포예술제 개막식,한국음악,0.8724911,대중음악,0.038784012,한국음악+대중음악,대중음악+한국음악,42
"신라, 천년의 비상 [경주]",서양음악,0.99693155,한국음악,0.00024048598,서양음악+한국음악,서양음악+한국음악,42
발레 메카닉 [LG아트센터],서양음악,0.9634446,연극,0.0077711255,서양음악+연극,서양음악+연극,42
호수 위 우주 [세종],무용,0.9739246,한국음악,0.002888383,무용+한국음악,무용+한국음악,42
제17회 당진예술제,서양음악,0.99999654,한국음악,5.469647e-06,서양음악+한국음악,서양음악+한국음악,42
그림 속으로 들어간 소녀,한국음악,0.9999378,대중음악,3.8163074e-05,한국음악+대중음악,대중음악+한국음악,42
재즈 온 메이플스토리 [고양],서양음악,0.8217842,대중음악,0.21996462,서양음악+대중음악,대중음악+서양음악,42
홍지민과 함께하는 판타스틱쇼 시즌2 [함양],뮤지컬,0.98287094,대중음악,0.31677336,뮤지컬+대중음악,대중음악+뮤지컬,42
SBS 뽕사활동과 함께하는 희망나눔 열린음악회 [대구],대중음악,0.7153149,한국음악,0.09488973,대중음악+한국음악,대중음악+한국음악,42
"창원문화재단과 함께하는 해군음악회, 항해 [창원]",서양음악,0.9890181,대중무용,0.0006820646,서양음악+대중무용,대중무용+서양음악,42
가을 콘서트 [광양],대중음악,0.56586385,연극,0.0014829801,대중음악+연극,대중음악+연극,42
"신라, 천년의 비상 [울산]",서양음악,0.9932087,한국음악,0.00028435522,서양음악+한국음악,서양음악+한국음악,42
"제11회 자문밖문화축제, 오프닝공연",서양음악,0.99973744,무용,0.0019116729,서양음악+무용,무용+서양음악,42
예술로 fantastic collaboration!,서양음악,0.17578386,연극,0.024182713,서양음악+연극,서양음악+연극,42
디스이즈잇 [제주],연극,0.9980756,대중무용,0.10145248,연극+대중무용,대중무용+연극,42
"그림이 오감을 만났을 때, 감각주의 Ep.2: 르누아르를 느끼다 [대구]",서양음악,0.97402734,대중음악,0.27590162,서양음악+대중음악,대중음악+서양음악,42
Jazz & 국악 With 웅산,한국음악,0.9997161,연극,0.008698209,한국음악+연극,연극+한국음악,42
"제23회 SPAF, 구조와 의식",무용,0.9982406,연극,0.8031598,무용+연극,무용+연극,42
햄릿: 소리의심리학,뮤지컬,0.6785822,연극,0.27543733,뮤지컬+연극,뮤지컬+연극,42
홍지민과 함께하는 판타스틱쇼 시즌2 [고령],뮤지컬,0.9331056,대중음악,0.13515724,뮤지컬+대중음악,대중음악+뮤지컬,42
"방방곡곡 문화공감, 누모리쇼",한국음악,0.9999937,뮤지컬,0.0011016357,한국음악+뮤지컬,뮤지컬+한국음악,42
月간 경지: 두개의 Moon,한국음악,0.9868645,대중음악,0.49036744,한국음악+대중음악,대중음악+한국음악,42
제29회 구미음악제,서양음악,0.9942983,무용,0.00010690846,서양음악+무용,무용+서양음악,42
가을밤의 음악회,서양음악,0.053355537,대중음악,0.025669722,서양음악+대중음악,대중음악+서양음악,42
"제63주년 2.28민주운동 헌정공연, 굳센 강물처럼",뮤지컬,0.9285598,서양음악,0.88334054,뮤지컬+서양음악,뮤지컬+서양음악,42
"제26회 광주소극장축제 공식참여작, 암향환향",연극,0.9513039,서양음악,0.0017434326,연극+서양음악,서양음악+연극,42
"프리즘홀 10주년 기념공연, 다브다 X 제이통: A.D.10",대중음악,0.904864,한국음악,0.16834043,대중음악+한국음악,대중음악+한국음악,42
자유를 향한 소리 [부천],서양음악,0.9975999,무용,0.01194525,서양음악+무용,무용+서양음악,42
속 시원한 음악회,서양음악,0.99999976,대중음악,5.954719e-06,서양음악+대중음악,대중음악+서양음악,42
"해금병창, 사철에 꽃길로 님을 모십니다",대중음악,0.8353848,대중무용,0.041860156,대중음악+대중무용,대중무용+대중음악,42
비오케이 문화산책 (10월),서양음악,0.9980591,연극,0.00086023856,서양음악+연극,서양음악+연극,42
Mr 오페라 Miss 뮤지컬 [경주],서양음악,0.9999441,연극,6.6955916e-05,서양음악+연극,서양음악+연극,42
제10회 이데일리 문화대상 시상식,대중음악,0.9878428,서양음악,0.0014482733,대중음악+서양음악,대중음악+서양음악,42
광주상설공연 (11월),한국음악,0.8529794,뮤지컬,0.047569238,한국음악+뮤지컬,뮤지컬+한국음악,42
"어텀바로크, 비바헨델: 아르카디아의 사랑 시즌2",서양음악,0.99949884,뮤지컬,3.12766e-05,서양음악+뮤지컬,뮤지컬+서양음악,42
화합콘서트 동행 [전남 영광],대중음악,0.13608328,서양음악,0.11428468,대중음악+서양음악,대중음악+서양음악,42
"최부미 Jazz Odyssey, 가려진 여정 [인천]",대중음악,0.04597457,뮤지컬,0.040400296,대중음악+뮤지컬,대중음악+뮤지컬,42
동물의 사육제와 피터와 늑대,무용,0.99992275,한국음악,0.26176044,무용+한국음악,무용+한국음악,42
방과후 공연놀이터,무용,0.81884354,연극,0.3470774,무용+연극,무용+연극,42
"부산국악방송 개국12주년기념 공개음악회, 좋아海 사랑海",한국음악,0.999998,뮤지컬,0.0032390207,한국음악+뮤지컬,뮤지컬+한국음악,42
"팀 퍼니스트 서커스 음악극: 체어,테이블,체어 [광주]",뮤지컬,0.9795584,대중무용,0.018358571,뮤지컬+대중무용,대중무용+뮤지컬,42
깽판: 우리가 살판 [양주],연극,0.33832842,대중음악,0.12838782,연극+대중음악,대중음악+연극,42
콘텐츠 창의인재동반사업 쇼케이스: 데뷔를 대비하라,연극,0.7255577,서양음악,0.0036187046,연극+서양음악,서양음악+연극,42
숨 S:UM,한국음악,0.99997246,서양음악,0.0023960788,한국음악+서양음악,서양음악+한국음악,42
고양 학생 뮤지컬&연극&영화 축제,서양음악,0.99279344,한국음악,0.05265003,서양음악+한국음악,서양음악+한국음악,42
"제41회 제물포예술제: No Instruments, Only Voices.",연극,0.59023046,대중음악,0.19921325,연극+대중음악,대중음악+연극,42
"관현악시리즈Ⅱ, 관현악의 기원: 이머시브 1인 관람극 (11.23)",한국음악,0.9999305,연극,0.0024483872,한국음악+연극,연극+한국음악,42
"관현악시리즈Ⅱ, 관현악의 기원: 이머시브 1인 관람극 (11.24)",한국음악,0.99856454,연극,0.010521567,한국음악+연극,연극+한국음악,42
제1회 청바지 가을 음악회: 청년이 바꾸는 지방,서양음악,0.6841878,연극,7.944776e-05,서양음악+연극,서양음악+연극,42
울산에이팜,대중음악,0.9811927,서양음악,0.011847772,대중음악+서양음악,대중음악+서양음악,42
폴링 인 트롯 with 신유 [용인],대중음악,0.93021363,서양음악,0.80694026,대중음악+서양음악,대중음악+서양음악,42
"서구愛마토콘서트, 나팔바지: X세대 엄빠의 가요 톱텐",무용,0.99969745,서양음악,0.00090168597,무용+서양음악,무용+서양음악,42
제11회 성남시 통고구마 축제,서양음악,0.95700353,뮤지컬,0.0017896021,서양음악+뮤지컬,뮤지컬+서양음악,42
세종메세나 콘서트,무용,0.09137242,서양음악,0.04190809,무용+서양음악,무용+서양음악,42
주창회 정기연주회: 현대음악 그리고 사계예찬 [대전],서양음악,0.9963146,한국음악,0.02864624,서양음악+한국음악,서양음악+한국음악,42
The House Of M,대중음악,0.99999833,대중무용,0.00965509,대중음악+대중무용,대중무용+대중음악,42
광주상설공연 (12월),뮤지컬,0.50002974,한국음악,0.44730502,뮤지컬+한국음악,뮤지컬+한국음악,42
드림 희망 콘서트 [김제],대중음악,0.9990361,서양음악,0.00068743405,대중음악+서양음악,대중음악+서양음악,42
"AAA, 한재석 X 송지윤",대중음악,0.9664788,한국음악,0.07121441,대중음악+한국음악,대중음악+한국음악,42
"무장애 문화향유 활성화 지원사업, 이심전심 문화공감",대중음악,0.9313677,서양음악,0.26963335,대중음악+서양음악,대중음악+서양음악,42
"대한문화예술제전, 회.귀",한국음악,0.4350425,무용,0.29273647,한국음악+무용,무용+한국음악,42
국악이 흐르는 클래식 [오산],서양음악,0.3228643,연극,0.03118183,서양음악+연극,서양음악+연극,42
"남상일 & 리사의 뮤지컬, 국악을 만나다 [연천]",한국음악,0.4743188,뮤지컬,0.10624993,한국음악+뮤지컬,뮤지컬+한국음악,42
"AAA, 김혜연 X 최여완: 완연",대중음악,0.9564795,한국음악,0.74592346,대중음악+한국음악,대중음악+한국음악,42
경민대학교 공연예술과 졸업공연,뮤지컬,0.1697962,연극,0.032248612,뮤지컬+연극,뮤지컬+연극,42
"한국예술융합학회, Art; Versa 시리즈 V: 동. 서양 예술의 융합",서양음악,0.9999995,대중음악,3.2481705e-07,서양음악+대중음악,대중음악+서양음악,42
크리스마스 칸타타 [부산],서양음악,0.9546334,뮤지컬,0.58846754,서양음악+뮤지컬,뮤지컬+서양음악,42
"배익한 재즈오케스트라, 소리: 흥을 더하다",한국음악,0.32538494,연극,0.0017680051,한국음악+연극,연극+한국음악,42
"DSAC 문화나눔 프로젝트, 아모르 콘서트: 크로스 오버",대중음악,0.9759176,서양음악,0.034060046,대중음악+서양음악,대중음악+서양음악,42
부안 송년 콘서트,한국음악,0.9994466,서양음악,0.0017223188,한국음악+서양음악,서양음악+한국음악,42
"행복한 동행, 모두의 예술",서양음악,0.9999279,무용,0.57326597,서양음악+무용,무용+서양음악,42
"예술동호회 교류 축제, 우다다다 미니콘서트",무용,0.99406284,뮤지컬,0.04261977,무용+뮤지컬,무용+뮤지컬,42
프렉티스: 사운드 엔텔레키 [서울],대중음악,0.9999976,뮤지컬,0.0052743745,대중음악+뮤지컬,대중음악+뮤지컬,42
"AAA, Mohani X 마롱: 들고 나는 소리",대중음악,0.9999783,서양음악,0.0006706102,대중음악+서양음악,대중음악+서양음악,42
IT중소기업을 위한 송년음악회,서양음악,0.9999989,뮤지컬,3.5557845e-05,서양음악+뮤지컬,뮤지컬+서양음악,42
"바리톤 정 경의 오페라마, 정신나간 작곡가와 키스하다",서양음악,0.5116511,연극,0.005541142,서양음악+연극,서양음악+연극,42
PIUM Project 크리스마스 스페셜 콘서트 [대전],서양음악,0.9998994,뮤지컬,0.00083724275,서양음악+뮤지컬,뮤지컬+서양음악,42
송년콘서트 [광양],대중음악,0.84695274,서양음악,0.62745464,대중음악+서양음악,대중음악+서양음악,42
송년행복콘서트,서양음악,0.9426768,대중음악,0.012011078,서양음악+대중음악,대중음악+서양음악,42
가라지 콘서트,대중음악,0.97410315,서양음악,0.2602391,대중음악+서양음악,대중음악+서양음악,42
김준수 X 두번째달 콘서트 [광주],한국음악,0.86461926,대중음악,0.14379202,한국음악+대중음악,대중음악+한국음악,42
"함께하는 사랑밭 감사 콘서트, 담다 닮다",대중음악,0.99957734,한국음악,0.002044849,대중음악+한국음악,대중음악+한국음악,42
"송년음악회, 우리가 함께한 순간들",서양음악,0.9993068,연극,0.0026664385,서양음악+연극,서양음악+연극,42
힐링음악회 [안산],대중무용,0.5503135,뮤지컬,0.4972307,대중무용+뮤지컬,대중무용+뮤지컬,42
12월의 사랑가 [수원],무용,0.08737088,서양음악,0.017748298,무용+서양음악,무용+서양음악,42
동백꽃 여인 (La Traviata) [충주],서양음악,0.9721361,한국음악,0.001090684,서양음악+한국음악,서양음악+한국음악,42
"예술창작활동지원사업 선정 프로젝트, Live, Electronics in Forest",무용,0.16022412,한국음악,0.06974657,무용+한국음악,무용+한국음악,42
"송년콘서트: 수고했어, 올해도! [함양]",무용,0.13134064,한국음악,0.09697636,무용+한국음악,무용+한국음악,42
송년음악회 [논산],서양음악,0.9922008,대중음악,0.0398409,서양음악+대중음악,대중음악+서양음악,42
"제2회 시민과 함께하는 남양주 예술제, 함께 피어 아름다운 꽃 예술花",한국음악,0.99981254,대중무용,0.00018413486,한국음악+대중무용,대중무용+한국음악,42
MBC 뮤직페스티벌 송년음악회,서양음악,0.9998006,대중음악,0.00021229607,서양음악+대중음악,대중음악+서양음악,42
뮤지컬배우 박해미와 함께하는 열린음악회 [부안],서양음악,0.8868802,대중음악,0.070356324,서양음악+대중음악,대중음악+서양음악,42
"김천시립예술단 송년음악회, CHRISTMAS CONCERT",서양음악,0.9904208,연극,0.036091167,서양음악+연극,서양음악+연극,42
루비뮤직 Ruby music Vin chaud Christmas,서양음악,0.999943,무용,0.0011285745,서양음악+무용,무용+서양음악,42
예문학생예술단 정기연주회,한국음악,0.56591725,서양음악,0.41396165,한국음악+서양음악,서양음악+한국음악,42
송년음악회 [칠곡군],서양음악,0.99908626,대중음악,0.001958929,서양음악+대중음악,대중음악+서양음악,42
"AAA, 최지송 X 양희진: 소리와 시간의 연무",대중음악,0.9999993,한국음악,7.114982e-05,대중음악+한국음악,대중음악+한국음악,42
ACC 송년음악회,대중음악,0.98958534,서양음악,0.5987286,대중음악+서양음악,대중음악+서양음악,42
해피 아트: 크리스마스 선물,무용,0.84172267,연극,0.26372802,무용+연극,무용+연극,42
"흔들리며 피는 꽃 22, 괭이갈매기와 땅채송화의 섬, 독도",연극,0.87430924,한국음악,0.00796736,연극+한국음악,연극+한국음악,42
"AAA, 더 클라이머스: 남겨진 소리와 어떤 희망",한국음악,0.9920896,대중음악,0.24814643,한국음악+대중음악,대중음악+한국음악,42
그림자극과 함께하는 호두까기 인형 [수원],연극,0.6837383,서양음악,0.038649652,연극+서양음악,서양음악+연극,42
"청소년을 위한 예술소풍 Ⅲ, 영화음악 옴니버스 콘서트",뮤지컬,1.0,서양음악,6.58979e-07,뮤지컬+서양음악,뮤지컬+서양음악,42
뮤지컬군과 오페라양의 사랑이야기 [수원],서양음악,1.0,연극,7.92893e-08,서양음악+연극,서양음악+연극,42
"단오장단과 함께하는 피아노의 향연, 일곱 번째 이야기",대중음악,0.9767581,연극,3.6777394e-05,대중음악+연극,대중음악+연극,42
"이장희 프로젝트, 비인집: Home & Home [대구]",한국음악,0.9999752,연극,0.005270738,한국음악+연극,연극+한국음악,42
INTERCONNECTIONS: 상호연결,한국음악,0.9999951,대중음악,0.00016357697,한국음악+대중음악,대중음악+한국음악,42
한 해를 마무리 짓는 매듭달 음악회 [군포],한국음악,0.999961,대중음악,0.0010090263,한국음악+대중음악,대중음악+한국음악,42
"성동문화나눔 송년 공연, 송년콘서트: 수고했어, 올해도!",서양음악,0.69922996,대중음악,0.5416564,서양음악+대중음악,대중음악+서양음악,42
수원시민과 함께하는 수원시립예술단 송년음악회,서양음악,0.999835,뮤지컬,0.0010802962,서양음악+뮤지컬,뮤지컬+서양음악,42
WeSA Festival: Sound is the New Music,대중음악,0.962911,뮤지컬,5.7876846e-06,대중음악+뮤지컬,대중음악+뮤지컬,42
"스물한번째 스윙-바이, Improvisations",서양음악,0.27383646,대중음악,0.022384,서양음악+대중음악,대중음악+서양음악,42
모래의 마법사,연극,0.99981064,한국음악,0.03191735,연극+한국음악,연극+한국음악,42
"신년음악회: 문화의 비상, 국민과 함께",서양음악,0.9973967,대중음악,0.00021685501,서양음악+대중음악,대중음악+서양음악,42
광주상설공연 (2월),한국음악,0.61167765,뮤지컬,0.5920173,한국음악+뮤지컬,뮤지컬+한국음악,42
Invocation,대중음악,1.0,연극,3.4836884e-07,대중음악+연극,대중음악+연극,42
"신은미, 유진규, 배일동이 떠나는 신유배 기행",연극,0.99988663,뮤지컬,0.03725652,연극+뮤지컬,뮤지컬+연극,42
피아노선생님이 들려주는 국악이야기 [김해],한국음악,0.97110355,서양음악,0.0019156166,한국음악+서양음악,서양음악+한국음악,42
그림자극으로 만나는 비발디의 사계,서양음악,0.46086675,연극,0.013506825,서양음악+연극,서양음악+연극,42
봄의향연 [오산],뮤지컬,0.45144328,서양음악,0.12731417,뮤지컬+서양음악,뮤지컬+서양음악,42
In & Around C,서양음악,0.004446338,대중음악,0.0020185355,서양음악+대중음악,대중음악+서양음악,42
"그림 읽어주는 베토벤, THE CONCERT: 플란다스의 개 [울산]",서양음악,0.96791697,뮤지컬,0.014988417,서양음악+뮤지컬,뮤지컬+서양음악,42
Just 바리X운정X은용,한국음악,0.99990165,무용,0.94511473,한국음악+무용,무용+한국음악,42
광주상설공연 (3월),무용,0.746743,서양음악,0.0068356697,무용+서양음악,무용+서양음악,42
"이데일리TV 신춘 오페라마 콘서트, A New Beginning",서양음악,0.99996865,무용,0.00024637938,서양음악+무용,무용+서양음악,42
"삼성생명, 삼성화재와 함께하는 오페라마 음악회: 한국 가곡의 봄",서양음악,0.55223346,한국음악,0.024822718,서양음악+한국음악,서양음악+한국음악,42
"시네마 클래식, 꽃피는 봄이 오면",서양음악,0.9996538,뮤지컬,0.0009655048,서양음악+뮤지컬,뮤지컬+서양음악,42
Colorful Music Gala Concert,대중음악,0.954693,무용,0.13008432,대중음악+무용,대중음악+무용,42
3.1절 기념 한용운이 부르는 님의침묵 [광주],서양음악,0.99985504,무용,0.0005792977,서양음악+무용,무용+서양음악,42
라움 마티네 콘서트,서양음악,0.99996805,대중음악,8.9427245e-05,서양음악+대중음악,대중음악+서양음악,42
3.1절 기념 한용운이 부르는 님의침묵 [대구],서양음악,0.999252,대중음악,0.00053930667,서양음악+대중음악,대중음악+서양음악,42
"파동 입자 13: 김지효, Joss Turnbull",대중음악,0.9999999,무용,0.09617325,대중음악+무용,대중음악+무용,42
"서울신문 창간 120주년 기념, 봄날음악회",대중음악,0.45037,한국음악,0.26590407,대중음악+한국음악,대중음악+한국음악,42
"ON:明 창단 연주회, ON:明: 20.5",서양음악,0.9999919,대중무용,0.21363841,서양음악+대중무용,대중무용+서양음악,42
"프리뮤직 콘서트: 강태환, 김덕수, 최선배 등",한국음악,0.9941856,서양음악,0.0031143436,한국음악+서양음악,서양음악+한국음악,42
"국악 트롯 콘서트, 동락 [안동]",한국음악,0.9964586,대중음악,0.11800848,한국음악+대중음악,대중음악+한국음악,42
"수성아트피아 렉처콘서트 시리즈, 정호승의 작업노트",서양음악,0.98273945,대중음악,0.020522656,서양음악+대중음악,대중음악+서양음악,42
한일 교류음악회,한국음악,0.9997272,서양음악,0.01667718,한국음악+서양음악,서양음악+한국음악,42
"국립남도국악원 토요상설, 국악이 좋다: 국악의 향연: 꽃 피는 봄날",한국음악,0.94802237,서양음악,0.0038829695,한국음악+서양음악,서양음악+한국음악,42
"일본민주음악협회 교류공연, 한일교류 음악회",한국음악,1.0,연극,4.934127e-06,한국음악+연극,연극+한국음악,42
"모두뮤직페스타, Belonging Ⅳ: 해방 Emancipation",연극,0.59017885,무용,0.04890724,연극+무용,무용+연극,42
빨간풍선,대중음악,0.88852245,연극,0.10072875,대중음악+연극,대중음악+연극,42
"EHWAJANG 326 ARTSTREET BORN SS CONCERT, Stage concert",대중음악,0.0005950434,서양음악,0.0004317134,대중음악+서양음악,대중음악+서양음악,42
열린 음악회 [정읍],한국음악,0.291715,서양음악,0.118251815,한국음악+서양음악,서양음악+한국음악,42
"제155회 두레콘서트, 시와 노래가 있는 나태주 시인 토크 콘서트",대중음악,0.46436295,한국음악,0.45997792,대중음악+한국음악,대중음악+한국음악,42
"국립남도국악원 토요상설, 국악이 좋다: 엿장수 허쟁강",한국음악,0.9999716,뮤지컬,0.32519564,한국음악+뮤지컬,뮤지컬+한국음악,42
"통영국제음악제, 리히터스 패턴스",연극,0.90261364,한국음악,0.0025586868,연극+한국음악,연극+한국음악,42
"판소리 오페라, 소월 [고양]",서양음악,0.36417875,뮤지컬,0.02255766,서양음악+뮤지컬,뮤지컬+서양음악,42
국립정동극장 신년음악회,한국음악,0.57740045,서양음악,0.07326656,한국음악+서양음악,서양음악+한국음악,42
그대 먼 데서 이기고 돌아온 사람아,서양음악,0.9970139,대중음악,0.0021455092,서양음악+대중음악,대중음악+서양음악,42
4.4 독립만세운동 기념음악회: 달의 춤,서양음악,0.9896172,한국음악,0.0015730298,서양음악+한국음악,서양음악+한국음악,42
"스물네번째 스윙-바이, 자유즉흥연주",한국음악,0.87181586,뮤지컬,0.079096414,한국음악+뮤지컬,뮤지컬+한국음악,42
"국립남도국악원 토요상설, 국악이 좋다: 국악의 향연",한국음악,0.9999999,뮤지컬,0.0004996984,한국음악+뮤지컬,뮤지컬+한국음악,42
광주상설공연 (4월),뮤지컬,0.5595682,서양음악,0.006092559,뮤지컬+서양음악,뮤지컬+서양음악,42
케이킥 태권쇼,서양음악,0.9999181,한국음악,0.0036518169,서양음악+한국음악,서양음악+한국음악,42
섀도우 콘서트 & 벽화체험,서양음악,0.99999976,대중음악,1.8882763e-05,서양음악+대중음악,대중음악+서양음악,42
"신춘콘서트, 국악과 트로트의 만남 [함양]",한국음악,0.9919892,뮤지컬,0.1324866,한국음악+뮤지컬,뮤지컬+한국음악,42
"강릉아트센터 기획공연, 스트라빈스키의 병사이야기",연극,0.13179287,서양음악,0.013771504,연극+서양음악,서양음악+연극,42
라임의 왕 김삿갓 [춘천],연극,0.99999845,서양음악,3.9806437e-05,연극+서양음악,서양음악+연극,42
"체어, 테이블, 체어 [김포]",뮤지컬,0.27034476,대중음악,0.14716525,뮤지컬+대중음악,대중음악+뮤지컬,42
미야자키 하야오 영화음악 콘서트 with 샌드애니메이션 [대전],서양음악,0.9999783,대중음악,8.664874e-05,서양음악+대중음악,대중음악+서양음악,42
"은평과 마주해, 봄 콘서트",대중음악,0.9937336,뮤지컬,0.008902569,대중음악+뮤지컬,대중음악+뮤지컬,42
서커스 클래식,연극,0.9999914,한국음악,0.012024463,연극+한국음악,연극+한국음악,42
"3rd GPD FORUM 예술뉴런 뮤지카,  with 권은비, 프라우드먼",무용,0.97652644,대중음악,0.70715356,무용+대중음악,대중음악+무용,42
"장사익 & 충남교향악단, 봄맞이 소리愛 [예산]",서양음악,0.84859926,대중음악,0.0066078417,서양음악+대중음악,대중음악+서양음악,42
"트라이보울 예술아카데미: 자라는 예술, 소년기 (4.20)",무용,0.9894426,연극,0.71518534,무용+연극,무용+연극,42
동아시아문화도시 개막식 [김해],연극,0.53397053,서양음악,0.4449225,연극+서양음악,서양음악+연극,42
피콜로이스트 김원미와 안디아모 국악퓨전콘서트: 그리고 그 사랑,서양음악,0.038726892,연극,0.021042401,서양음악+연극,서양음악+연극,42
"스물여섯번째 스윙-바이, 자유즉흥연주",대중음악,0.96325994,한국음악,0.042189658,대중음악+한국음악,대중음악+한국음악,42
"토크콘서트, 추억은 몽글몽글",뮤지컬,0.24010412,무용,0.0604701,뮤지컬+무용,무용+뮤지컬,42
세종예술의전당 국립심포니오케스트라 신년음악회,서양음악,0.9909937,무용,0.053703576,서양음악+무용,무용+서양음악,42
적로: 이슬의 노래,한국음악,0.99999857,뮤지컬,0.00036474303,한국음악+뮤지컬,뮤지컬+한국음악,42
"피카스 그림동화 음악회, 엄마 찾아 삼만리",서양음악,0.9999465,뮤지컬,0.0006096018,서양음악+뮤지컬,뮤지컬+서양음악,42
광주상설공연 (5월),대중음악,0.60594857,한국음악,0.5847194,대중음악+한국음악,대중음악+한국음악,42
"일루젼매지컬, 몽환록 [대전]",한국음악,0.9911814,연극,0.07120596,한국음악+연극,연극+한국음악,42
효 콘서트 [청양],연극,0.039707147,대중음악,0.03923182,연극+대중음악,대중음악+연극,42
제56회 군산 진포예술제 개막식,서양음악,0.9473257,연극,0.94361615,서양음악+연극,서양음악+연극,42
모래에 이야기 꽃을 피우다 [인천],연극,0.7102429,대중무용,0.489533,연극+대중무용,대중무용+연극,42
"태권무 한빛 시즌3, 태권예술로 제주를 품다",한국음악,0.4609108,뮤지컬,0.27050763,한국음악+뮤지컬,뮤지컬+한국음악,42
The K콘서트: Like a Star,무용,0.8356296,대중음악,0.75252306,무용+대중음악,대중음악+무용,42
에코백 [보성],뮤지컬,0.99982685,연극,0.014665625,뮤지컬+연극,뮤지컬+연극,42
오월 어머니의 노래 [제주],서양음악,0.8588851,뮤지컬,0.0016659327,서양음악+뮤지컬,뮤지컬+서양음악,42
"효 콘서트, 소리정감",한국음악,0.9890899,대중음악,0.07157189,한국음악+대중음악,대중음악+한국음악,42
"안산시립예술단 기획연주회, 목요보노음악회",서양음악,0.78081024,한국음악,0.06838889,서양음악+한국음악,서양음악+한국음악,42
"가정의 달 기념공연, 가정음악회 [천안]",대중음악,0.99345946,서양음악,0.007871548,대중음악+서양음악,대중음악+서양음악,42
"가족과 함께하는 카툰 콘서트, 셜록홈즈 [당진]",대중음악,0.63631946,서양음악,0.1701428,대중음악+서양음악,대중음악+서양음악,42
Printemps: Via Trio,서양음악,0.7432612,대중음악,0.06797588,서양음악+대중음악,대중음악+서양음악,42
FINEDAY FESTIVAL,대중음악,1.0,대중무용,1.2808674e-05,대중음악+대중무용,대중무용+대중음악,42
"김주원의 사색여정 with 소리꾼 이자람, 동행",무용,0.09672037,서양음악,0.019136585,무용+서양음악,무용+서양음악,42
몽환록: 꿈 같은 마술 이야기 [세종],연극,0.9822207,서양음악,0.050215945,연극+서양음악,서양음악+연극,42
"평균율 너머, 우주 1회차: 왕혜인 X 김용성",서양음악,0.99998975,한국음악,6.402898e-05,서양음악+한국음악,서양음악+한국음악,42
커피콘서트 Ⅲ. 책 읽어주는 큐레이터: 리어왕,서양음악,0.9113507,뮤지컬,0.0037957518,서양음악+뮤지컬,뮤지컬+서양음악,42
"제18회 당진시건강가정대축제, 우리가족 놀이터 건가월드",서양음악,0.99968374,한국음악,0.29505363,서양음악+한국음악,서양음악+한국음악,42
오월 어머니의 노래 [광주],뮤지컬,0.020834329,대중음악,0.004577402,뮤지컬+대중음악,대중음악+뮤지컬,42
"제주빌레앙상블, 열린음악회",뮤지컬,0.03189572,연극,0.001744672,뮤지컬+연극,뮤지컬+연극,42
"The Strangers Strange Songs, 이방인의 낯선 노래",대중음악,0.99712723,서양음악,0.0377445,대중음악+서양음악,대중음악+서양음악,42
5월 오픈마이크,서양음악,0.99759126,대중음악,0.4069858,서양음악+대중음악,대중음악+서양음악,42
"해설이 있는 음악회, 가족 음악회 [온양]",뮤지컬,0.9244659,연극,0.060497902,뮤지컬+연극,뮤지컬+연극,42
할망에게 묻고 답하다 [제주 서귀포],연극,0.9999373,대중음악,0.00020018805,연극+대중음악,대중음악+연극,42
광주상설공연 (6월),한국음악,0.93334997,대중음악,0.91568273,한국음악+대중음악,대중음악+한국음악,42
오월 어머니의 노래 [서울],뮤지컬,0.5980935,연극,0.0008590773,뮤지컬+연극,뮤지컬+연극,42
미야자키 하야오 영화음악 콘서트 with 샌드애니메이션 [과천],연극,0.32723275,서양음악,0.15068643,연극+서양음악,서양음악+연극,42
청소년과 함께하는 김숙진의 이야기가 있는 콘서트 [고양],한국음악,0.23742597,대중음악,0.21737719,한국음악+대중음악,대중음악+한국음악,42
"평화통일 음악회, 탈북민 애환!! 음악으로 듣는다 [사천]",대중음악,0.97268707,한국음악,0.4714251,대중음악+한국음악,대중음악+한국음악,42
"조희창의 굿모닝 콘서트, 아리랑 온 더 로드",서양음악,0.99965847,대중음악,0.0011654405,서양음악+대중음악,대중음악+서양음악,42
비르투오소 인 클래식 [하남],서양음악,0.99965537,대중음악,0.0010372422,서양음악+대중음악,대중음악+서양음악,42
"강릉단오제, 추억의 단오 [강릉]",뮤지컬,0.99992585,한국음악,0.0021316977,뮤지컬+한국음악,뮤지컬+한국음악,42
"스물아홉번째 스윙-바이, 자유즉흥연주",대중음악,0.9995086,한국음악,0.000527105,대중음악+한국음악,대중음악+한국음악,42
제10회 서울페스티발앙상블 정기연주회,서양음악,0.99999905,대중음악,3.1349623e-07,서양음악+대중음악,대중음악+서양음악,42
"내가 농섬보다 외롭다, 사유의 시간 (06.22)",한국음악,0.9886947,서양음악,0.019780919,한국음악+서양음악,서양음악+한국음악,42
홍지민과 함께하는 판타스틱 쇼 [성주],대중음악,0.9684894,뮤지컬,0.43604612,대중음악+뮤지컬,대중음악+뮤지컬,42
"대한민국 청년축제, 청춘뉴런",무용,0.99041766,대중무용,0.9815206,무용+대중무용,대중무용+무용,42
"배익한 재즈 오케스트라, 재즈와 판소리의 만남: 재즈 x 판",연극,0.0645522,서양음악,0.0008872324,연극+서양음악,서양음악+연극,42
"아이티 아이들 돕기 프로젝트, 헤이쥬드 콘서트 [고양]",뮤지컬,0.081376396,서양음악,0.00095281383,뮤지컬+서양음악,뮤지컬+서양음악,42
6월 오픈마이크,대중음악,0.9998216,한국음악,0.18462278,대중음악+한국음악,대중음악+한국음악,42
"최영림의 음악으로 더불어창작프로젝트 Part 2, 놀자 [춘천]",연극,0.75852275,한국음악,0.117239304,연극+한국음악,연극+한국음악,42
광주상설공연 (7월),서양음악,0.5424014,한국음악,0.35453928,서양음악+한국음악,서양음악+한국음악,42
"H-issue vol.1, 아트필드: 청 with 오정해 [하남]",연극,0.37798175,무용,0.36862743,연극+무용,무용+연극,42
"아트캠프, 패밀리 펀펀데이",뮤지컬,0.9790082,대중음악,0.06860993,뮤지컬+대중음악,대중음악+뮤지컬,42
"국립남도국악원 토요상설, 국악이 좋다: 기획공연 명인전 Ⅰ",한국음악,0.40723494,연극,0.02102045,한국음악+연극,연극+한국음악,42
미야자키 하야오 영화음악 콘서트 with 샌드애니메이션 [창원],서양음악,0.9998222,대중음악,0.0020768829,서양음악+대중음악,대중음악+서양음악,42
우리가 기억 속에 간직하고 있는 장소들,한국음악,0.5997516,서양음악,0.02333184,한국음악+서양음악,서양음악+한국음악,42
"매드라인 x 날라리와 쟁이, 화합과 교류의 두드림 [대구]",서양음악,0.99999976,한국음악,6.0154266e-06,서양음악+한국음악,서양음악+한국음악,42
"서른두번째 스윙-바이, 자유즉흥연주",한국음악,0.16830769,뮤지컬,0.1580419,한국음악+뮤지컬,뮤지컬+한국음악,42
"K-클래식 콘서트 3, 충남예술고등학교 [천안]",뮤지컬,0.8264221,무용,0.013720958,뮤지컬+무용,무용+뮤지컬,42
"로사오케스트라심포닉아트, 뮤직스펙트럼 오브 가야금오케스트라",한국음악,0.9999982,대중음악,2.6596038e-06,한국음악+대중음악,대중음악+한국음악,42
"The Strangers Strange Songs, 이방인의 낯선 노래 BY 서린사랑",무용,0.9973314,뮤지컬,0.8678656,무용+뮤지컬,무용+뮤지컬,42
벽을 뚫고 나온 꽃 [과천],무용,0.9999963,대중음악,0.00012851489,무용+대중음악,대중음악+무용,42
"한글음악집현전 시리즈3, 마법글자 한글: 뮤직 & 매직밴드를 만나다! [경산]",대중음악,0.42213178,서양음악,0.041622534,대중음악+서양음악,대중음악+서양음악,42
한여름밤 Ice Coffee 콘서트,대중음악,0.8264746,서양음악,0.14709894,대중음악+서양음악,대중음악+서양음악,42
"체어, 테이블, 체어 [서울]",연극,0.9041356,뮤지컬,0.27481472,연극+뮤지컬,뮤지컬+연극,42
"브런치&리너 콘서트, 피아니스트 김용진과 함께하는 이달의 공연: 7월의 발레",서양음악,0.9998288,대중음악,0.0005234662,서양음악+대중음악,대중음악+서양음악,42
대구학생문화센터 합창단·합주단·국악단 연합 정기연주회,서양음악,0.85576457,한국음악,0.015009651,서양음악+한국음악,서양음악+한국음악,42
Acculturation (문화접변) 求音 (구음),한국음악,0.91359186,서양음악,0.68105215,한국음악+서양음악,서양음악+한국음악,42
"제34회 거창국제연극제, 굿바이 햄릿 (7/30)",연극,0.9999906,한국음악,6.924362e-05,연극+한국음악,연극+한국음악,42
알레스아트 야간개장,서양음악,1.0,대중음악,1.3446621e-05,서양음악+대중음악,대중음악+서양음악,42
더 호러쇼: 기묘한 마을의 비밀,대중무용,0.9636943,대중음악,0.5469181,대중무용+대중음악,대중무용+대중음악,42
광주상설공연 (8월),뮤지컬,0.47331333,대중음악,0.4386538,뮤지컬+대중음악,대중음악+뮤지컬,42
"제34회 거창국제연극제: 체어, 테이블, 체어 (08.05)",연극,0.8433104,서양음악,0.098950855,연극+서양음악,서양음악+연극,42
"토요 특별기획공연, 여름방학",서양음악,0.57042146,무용,0.45713276,서양음악+무용,무용+서양음악,42
재즈와 탱고 그리고 성악이 흐르는 Happy Summertime Concert,서양음악,0.99900335,무용,0.00017594124,서양음악+무용,무용+서양음악,42
"이랑 만남시리즈 Ⅹ 기념 특별공연, 매직앙상블: 세계의 명화 [김해]",서양음악,0.9180839,연극,0.0048865974,서양음악+연극,서양음악+연극,42
제7회 서초문화원 클래식판타지,서양음악,0.999946,한국음악,3.265789e-05,서양음악+한국음악,서양음악+한국음악,42
타악 & DJ퍼포먼스: BEAT OF SCHOOL,뮤지컬,0.63066447,한국음악,0.01662302,뮤지컬+한국음악,뮤지컬+한국음악,42
"제23회 전주세계소리축제, 소리썸머나잇 DAY1",한국음악,0.99940026,대중무용,0.85011446,한국음악+대중무용,대중무용+한국음악,42
"제23회 전주세계소리축제, 소리썸머나잇 DAY2",한국음악,0.9996631,대중무용,0.026915533,한국음악+대중무용,대중무용+한국음악,42
"제1251회 서초금요음악회, Summer Night",뮤지컬,0.86616707,한국음악,0.4103142,뮤지컬+한국음악,뮤지컬+한국음악,42
온가족이 함께하는 유모차 콘서트 [대전],서양음악,0.9999994,연극,9.849886e-06,서양음악+연극,서양음악+연극,42
키즈 마티네 콘서트 [김포],뮤지컬,0.42137754,서양음악,0.39611927,뮤지컬+서양음악,뮤지컬+서양음악,42
"김주원의 사색여정 with 소프라노 황수미, 선물",서양음악,0.21344785,무용,0.09143943,서양음악+무용,무용+서양음악,42
"제896회 전남도립국악단 토요가무악희 시즌3, 그린국악",한국음악,0.9918228,서양음악,0.15251748,한국음악+서양음악,서양음악+한국음악,42
"손병호 & 최지연과 함께하는 여민락 콘서트, 지금 뛰다: NOW JUMP [세종] (8월)",연극,0.8941485,무용,0.74285996,연극+무용,무용+연극,42
전국 농어촌 청춘토크쇼: 황금들녘 [천안],대중음악,0.75023186,서양음악,0.0016990959,대중음악+서양음악,대중음악+서양음악,42
"K-예술축제 아.우.름, 대전국악방송 개국 7년 기념 공개 음악회",한국음악,0.14367743,연극,0.107164435,한국음악+연극,연극+한국음악,42
"공연장상주단체 페스티벌: 한 여름의 축제, YOU [세종]",서양음악,0.37453866,한국음악,0.15968171,서양음악+한국음악,서양음악+한국음악,42
안드로메다 유랑기 [원주],뮤지컬,0.9973212,연극,0.46887696,뮤지컬+연극,뮤지컬+연극,42
Triangle X sal?n de luna 03: 비유클리드 기하학,무용,0.999966,대중무용,0.12559374,무용+대중무용,대중무용+무용,42
"국립정동극장 예술단, 모던정동",뮤지컬,0.06378751,무용,0.043016814,뮤지컬+무용,무용+뮤지컬,42
"수면콘서트, 베스트드림콘서트",서양음악,0.9994261,연극,0.00068139506,서양음악+연극,서양음악+연극,42
"익산 브랜드 공연, WEST & EAST: 서쪽남자 & 동쪽여자",무용,0.9544911,대중무용,0.00093611423,무용+대중무용,대중무용+무용,42
ACC 빅도어콘서트,대중음악,0.99548787,뮤지컬,0.0018196737,대중음악+뮤지컬,대중음악+뮤지컬,42
서도와 은미: 만병통치樂 [화성],무용,0.9699978,대중음악,0.0146711115,무용+대중음악,대중음악+무용,42
8월의 오픈마이크,뮤지컬,0.65670556,연극,0.06482322,뮤지컬+연극,뮤지컬+연극,42
"구름, 나무, 연못",대중음악,0.9784443,한국음악,0.011609568,대중음악+한국음악,대중음악+한국음악,42
"제24회 대전국제음악제 DCMF, 앙상블 콘쿠오레: 쇤베르크의 밤 150 [대전]",서양음악,0.9983929,한국음악,7.151006e-05,서양음악+한국음악,서양음악+한국음악,42
서른다섯번째 스윙-바이: Time Machine,대중음악,0.99992585,한국음악,0.030311462,대중음악+한국음악,대중음악+한국음악,42
"싱크넥스트24: 광광, 굉굉",대중음악,0.60235864,무용,0.03510018,대중음악+무용,대중음악+무용,42
"지박컨템포러리시리즈 Vol.24, 음악전시: blur",서양음악,0.7239528,한국음악,0.14326538,서양음악+한국음악,서양음악+한국음악,42
광주상설공연 (9월),한국음악,0.99246126,대중음악,0.38037923,한국음악+대중음악,대중음악+한국음악,42
제1회 여수 국제 웹 페스트,서양음악,0.99999905,대중음악,2.4378209e-05,서양음악+대중음악,대중음악+서양음악,42
판타스틱 [남해],한국음악,0.5894273,연극,0.23397715,한국음악+연극,연극+한국음악,42
에코백 [담양],뮤지컬,0.6490733,연극,0.48287717,뮤지컬+연극,뮤지컬+연극,42
춘향: 날개를 뜯긴 새 [평택],무용,0.9997819,한국음악,0.07428577,무용+한국음악,무용+한국음악,42
"서울 컬쳐 클럽 예술 축제, ...한 당신을 위하여 건배!",서양음악,0.30939767,연극,0.055572473,서양음악+연극,서양음악+연극,42
[데이터 분리] 바흐 Ⅹ 무브먼트 (패키지) (앵콜),서양음악,0.9999702,뮤지컬,0.00028221484,서양음악+뮤지컬,뮤지컬+서양음악,42
"바흐 Ⅹ 무브먼트, 무반주 첼로 모음곡 (앵콜) (9.7)",서양음악,0.9999567,뮤지컬,0.00019950417,서양음악+뮤지컬,뮤지컬+서양음악,42
"종교평화음악회, 팔공산은 사명대사를 모십니다 [대구]",서양음악,0.99995625,뮤지컬,1.3289649e-05,서양음악+뮤지컬,뮤지컬+서양음악,42
퍼커셔니즘 [충북],서양음악,0.18237181,대중음악,0.0019366744,서양음악+대중음악,대중음악+서양음악,42
"피아노 파 드 되, Dancing with Pierrot",서양음악,0.079233125,대중음악,0.014573482,서양음악+대중음악,대중음악+서양음악,42
"제47회 심훈상록문화제, 개막식",대중음악,0.9999938,서양음악,0.000108143875,대중음악+서양음악,대중음악+서양음악,42
"바흐 Ⅹ 무브먼트, 무반주 바이올린 소나타 & 파르티타 (09.08) (앵콜)",서양음악,0.99998903,무용,0.00031839422,서양음악+무용,무용+서양음악,42
"제47회 심훈상록문화제, 폐막식",대중음악,0.9999995,서양음악,8.908046e-06,대중음악+서양음악,대중음악+서양음악,42
"KOREAN DRUM Ⅲ: THE DRUM SHAMAN, 영혼의 맥박소리",무용,0.9959669,한국음악,0.0075678346,무용+한국음악,무용+한국음악,42
방과후 공연놀이터,연극,0.64544475,뮤지컬,0.4639973,연극+뮤지컬,뮤지컬+연극,42
반석산피크닉: 미야자키하야오 영화음악 콘서트 with 샌드아트 애니메이션 [화성],서양음악,0.9928665,대중음악,0.003613365,서양음악+대중음악,대중음악+서양음악,42
매직컬 판타지 콘서트 [동해],뮤지컬,0.28546566,대중음악,0.07885331,뮤지컬+대중음악,대중음악+뮤지컬,42
WeSA UNDER: THE DOOR,무용,0.027509578,대중음악,0.008375905,무용+대중음악,대중음악+무용,42
"평균율 너머, 우주 5회차: 왕혜인 Ⅹ 선지우 (9.21)",서양음악,0.9821801,한국음악,0.8396196,서양음악+한국음악,서양음악+한국음악,42
"풍금 & 박세욱 WITH 현앙상블 콘서트, 신이 내린 목소리: 클래식과의 만남",대중음악,0.9921747,연극,0.0021850106,대중음악+연극,대중음악+연극,42
"9월 토요콘서트, 앰비규어스댄스컴퍼니 x 추다혜차지스 [창원]",한국음악,0.9597271,대중음악,0.14057142,한국음악+대중음악,대중음악+한국음악,42
첼로가야금 [양주],대중음악,0.9998136,무용,0.002272776,대중음악+무용,대중음악+무용,42
"글자공상, Daydreaming of Letter [통영]",대중음악,0.99999857,무용,0.00016005273,대중음악+무용,대중음악+무용,42
비르투오소 인 클래식 [부천],서양음악,0.90320754,무용,0.05828783,서양음악+무용,무용+서양음악,42
"스즈메의 문단속, 날씨의 아이, 너의 이름은. 갈라 콘서트 (9월)",대중음악,0.027745843,연극,0.00887528,대중음악+연극,대중음악+연극,42
서구! 서풍 콘서트 [대구],대중음악,0.96222717,한국음악,0.22854702,대중음악+한국음악,대중음악+한국음악,42
에버하트 콘서트,한국음악,0.9618375,대중음악,0.9034639,한국음악+대중음악,대중음악+한국음악,42
"제1252회 서초금요음악회, 헝가리 국립무용단 특별공연: 카르파티아인의 메아리",뮤지컬,0.84599763,무용,0.36055258,뮤지컬+무용,무용+뮤지컬,42
"돈키호테, 엉뚱하면 어때? [남양주]",대중음악,0.91338366,연극,0.12564364,대중음악+연극,대중음악+연극,42
반고흐 콘서트 [김천],뮤지컬,0.9799309,대중음악,0.19283697,뮤지컬+대중음악,대중음악+뮤지컬,42
풍류 [안성],뮤지컬,0.7553192,대중음악,0.0033034158,뮤지컬+대중음악,대중음악+뮤지컬,42
"제29회 서곶문화예술제: 옛 시로 듣는다, 달달한 시",대중음악,0.9999846,서양음악,5.5918616e-05,대중음악+서양음악,대중음악+서양음악,42
문학주간 2024,대중음악,0.9480431,대중무용,0.3636044,대중음악+대중무용,대중무용+대중음악,42
"칠곡교육가족한마음, 樂 콘서트 [칠곡]",연극,0.655105,뮤지컬,0.04166588,연극+뮤지컬,뮤지컬+연극,42
"한국 중국 일본, 발악콘서트",한국음악,0.44729748,연극,0.13607466,한국음악+연극,연극+한국음악,42
모나드 서울: 변화하는 각,연극,0.99745804,서양음악,0.0036243517,연극+서양음악,서양음악+연극,42
"청년시점, 청년예술콘서트 1부",서양음악,0.99637187,뮤지컬,0.017141568,서양음악+뮤지컬,뮤지컬+서양음악,42
클나무오케스트라 & 팝핀현준 & 박애리 열린음악회 [부안],서양음악,0.93155116,한국음악,0.018028323,서양음악+한국음악,서양음악+한국음악,42
부산국제공연예술마켓 (BPAM) (전일권),한국음악,0.88716084,뮤지컬,0.06412853,한국음악+뮤지컬,뮤지컬+한국음악,42
"제18회 당진예술제, 개막식",서양음악,0.99990475,연극,0.83418113,서양음악+연극,서양음악+연극,42
"김주원의 사색여정 with 무용가 김매자, 배정혜, 국수호 그리고 이정윤의 별",무용,0.99999774,대중음악,0.0043543084,무용+대중음악,대중음악+무용,42
광주상설공연 (10월),대중음악,0.99999976,한국음악,0.00086123624,대중음악+한국음악,대중음악+한국음악,42
제28회 대한노인회 덕양구지회 노인의날 축하공연,서양음악,0.9999888,대중음악,7.324925e-05,서양음악+대중음악,대중음악+서양음악,42
서울아트마켓 (PAMS) [달오름극장],한국음악,0.9190879,무용,0.066505484,한국음악+무용,무용+한국음악,42
서울아트마켓 (PAMS) [하늘극장],무용,0.4307831,한국음악,0.30644137,무용+한국음악,무용+한국음악,42
소리동화: 팥죽할멈과 호랑이 & 방귀쟁이 며느리 편,연극,0.64973915,서양음악,0.029695638,연극+서양음악,서양음악+연극,42
엄마의 일기장 [부산],무용,0.012564463,연극,0.008273856,무용+연극,무용+연극,42
"이천국제음악제, icmf 오프닝 콘서트: 동서양의 하모니",서양음악,0.885872,뮤지컬,0.010112936,서양음악+뮤지컬,뮤지컬+서양음악,42
여성: 삶의 노래 WOMEN: THE LIFE OF SONG,서양음악,0.9999995,연극,1.7414665e-06,서양음악+연극,서양음악+연극,42
하이커 페스타,뮤지컬,0.9954928,연극,0.12648188,뮤지컬+연극,뮤지컬+연극,42
"크로스파티, 두번째달 Ⅹ 김무빈: 국악 Ⅹ 월드뮤직 [과천]",한국음악,0.24774143,연극,0.009464309,한국음악+연극,연극+한국음악,42
"NPAF, Harmony of 4 Piano & Magic: 4대 피아노와 마술의 하모니 [인천]",서양음악,0.9995382,대중무용,0.0021008244,서양음악+대중무용,대중무용+서양음악,42
"TABLAO DE NUEVO, POR EL MAR [제주]",대중무용,0.16925105,연극,0.032766163,대중무용+연극,대중무용+연극,42
제1회 Physical Performance Festival 피지컬 퍼포먼스 페스티벌,연극,0.30646417,무용,0.08260438,연극+무용,무용+연극,42
"글자공상, 최노아X계수정 라이브 퍼포먼스",대중음악,0.998852,무용,0.7574316,대중음악+무용,대중음악+무용,42
고양 학생 뮤지컬&연극&영화 축제,뮤지컬,0.9364172,서양음악,0.8048828,뮤지컬+서양음악,뮤지컬+서양음악,42
3팀 3색 가을 콘서트 [울진],무용,0.5007601,뮤지컬,0.34746256,무용+뮤지컬,무용+뮤지컬,42
배리어프리 뮤직페스티벌,서양음악,0.15736315,한국음악,0.004104094,서양음악+한국음악,서양음악+한국음악,42
제3회 공감플러스,연극,0.9679874,서양음악,0.7631734,연극+서양음악,서양음악+연극,42
에드바르의 초상수업 [부산],서양음악,0.9989774,연극,0.00015142265,서양음악+연극,서양음악+연극,42
"하슬라국제예술제, 고귀한 두 여신이여 (10.18)",서양음악,0.99954283,무용,0.10653919,서양음악+무용,무용+서양음악,42
"제1254회 서초금요음악회, 음악정원",대중무용,0.4364997,뮤지컬,0.2585799,대중무용+뮤지컬,대중무용+뮤지컬,42
"세대공감 어울림 북콘서트, 김상욱 with 궤도 [경산]",서양음악,0.99969566,무용,0.03538083,서양음악+무용,무용+서양음악,42
"삼척문화예술회관 개관 30주년 기념, 삼척시민과 함께하는 어!울림 콘서트",서양음악,0.37510794,뮤지컬,0.13090785,서양음악+뮤지컬,뮤지컬+서양음악,42
가을날의 음악산책 [홍성],서양음악,0.8841652,뮤지컬,0.00054120267,서양음악+뮤지컬,뮤지컬+서양음악,42
내가 농섬보다 외롭다,한국음악,0.99986386,서양음악,0.05347067,한국음악+서양음악,서양음악+한국음악,42
"트라이보울 예술아카데미: 잘 아는 예술, 노년기 (10.19)",대중음악,0.9975625,서양음악,0.0019729242,대중음악+서양음악,대중음악+서양음악,42
"강동예술인페스티벌, 강동무용협회",한국음악,0.038715355,무용,0.0020775928,한국음악+무용,무용+한국음악,42
한밤의 유U;콘서트: 가을 밤 현의 풍류 (10월),한국음악,0.9507717,서양음악,0.016070083,한국음악+서양음악,서양음악+한국음악,42
함께하는 순간 [공주],서양음악,0.8256027,대중무용,0.003589488,서양음악+대중무용,대중무용+서양음악,42
베스트슬립 수면콘서트,서양음악,0.99836427,연극,0.0006398414,서양음악+연극,서양음악+연극,42
제11회 이데일리 문화대상,뮤지컬,0.24408875,대중음악,0.15307307,뮤지컬+대중음악,대중음악+뮤지컬,42
첼로가야금 2.0 콘서트 [울산],한국음악,0.9995048,대중음악,0.013998063,한국음악+대중음악,대중음악+한국음악,42
"김수인, 이승민 극락 콘서트 [평택]",서양음악,0.8227644,한국음악,0.43587318,서양음악+한국음악,서양음악+한국음악,42
"제20회 부산국제합창제, 대상경연 및 시상식",서양음악,0.9999994,무용,1.7500222e-05,서양음악+무용,무용+서양음악,42
"제주해녀 이야기: 섬, 숨, 삶 [제주]",한국음악,0.7248549,연극,0.20709254,한국음악+연극,연극+한국음악,42
토크콘서트: Talk into the groove [원주],뮤지컬,0.99999034,한국음악,0.0006425566,뮤지컬+한국음악,뮤지컬+한국음악,42
VATERFLY HALLOWEEN COSTUME PARTY,대중음악,0.92749316,뮤지컬,0.032680415,대중음악+뮤지컬,대중음악+뮤지컬,42
제2회 이앤아이앙상블 콘서트: 날것. 놀러. OLE! 감정에 자유를 주자 [용인],대중무용,0.9823324,연극,0.32521012,대중무용+연극,대중무용+연극,42
"강동예술인페스티벌, 강동국제장애인문화교류협회",서양음악,0.79887015,한국음악,0.37690362,서양음악+한국음악,서양음악+한국음악,42
춘향탈출 [광주],무용,0.99949837,대중음악,0.038665947,무용+대중음악,대중음악+무용,42
장사익과 함께하는 이브닝 콘서트: 만추 [용인],서양음악,0.95945764,한국음악,0.30536795,서양음악+한국음악,서양음악+한국음악,42
Nuvelletoile: En Espana [부평],서양음악,0.9369972,대중무용,0.0032592197,서양음악+대중무용,대중무용+서양음악,42
제12회 단원구여성합창단 정기연주회,서양음악,0.99999535,무용,0.0011917856,서양음악+무용,무용+서양음악,42
어울림문화학교 수강생 발표회 [고양],한국음악,0.79985124,대중음악,0.23812132,한국음악+대중음악,대중음악+한국음악,42
한양대학교 무용학과 60주년 창작 춤 페스티벌,무용,0.028150281,대중음악,0.0025337515,무용+대중음악,대중음악+무용,42
"2024 제11회 전남학교예술교육페스티벌, 복합",서양음악,0.93002653,한국음악,0.020473279,서양음악+한국음악,서양음악+한국음악,42
SCAF 서초아트페스티벌,서양음악,0.99999654,연극,5.9645686e-06,서양음악+연극,서양음악+연극,42
대한민국 동화축제 [포항],대중음악,0.99591917,연극,0.028000876,대중음악+연극,대중음악+연극,42
이태석 사랑나눔 음악회,서양음악,0.99301684,연극,0.0015618898,서양음악+연극,서양음악+연극,42
"벗 & 공감, 클라운지콘서트 [대구]",연극,0.2168409,한국음악,0.096579924,연극+한국음악,연극+한국음악,42
"아트클래스 시리즈Ⅴ, 호퍼: 고독한 뉴요커 [을숙도]",서양음악,0.9998399,무용,0.0005741847,서양음악+무용,무용+서양음악,42
한국문화 큰잔치 (K-Wave Festival),대중음악,0.99590623,대중무용,0.07210281,대중음악+대중무용,대중무용+대중음악,42
제4회 마두금 연주회: 마이동풍,뮤지컬,0.34415582,서양음악,0.07163926,뮤지컬+서양음악,뮤지컬+서양음악,42
첼로가야금 2.0 콘서트 [용인],한국음악,0.999469,대중음악,0.54079056,한국음악+대중음악,대중음악+한국음악,42
광주상설공연 (11월),한국음악,0.9775933,대중음악,0.41922262,한국음악+대중음악,대중음악+한국음악,42
"싱잉볼 콘서트, 하늘소리: 소망을 하늘로",대중음악,0.07159882,뮤지컬,9.464683e-05,대중음악+뮤지컬,대중음악+뮤지컬,42
"나화랑, 파랑새 노래하는 청포도 넝쿨 아래로 [김천]",뮤지컬,0.0119249625,서양음악,0.0067148805,뮤지컬+서양음악,뮤지컬+서양음악,42
제2회 롯데 러브 패밀리 동행 콘서트,한국음악,0.9995869,서양음악,0.0038237008,한국음악+서양음악,서양음악+한국음악,42
"공익활동을 위한 기금 마련 콘서트, 당신이 있어 참 좋다!",대중음악,0.9917834,서양음악,0.06791373,대중음악+서양음악,대중음악+서양음악,42
"제6회 마포 M국악 페스티벌, 꼬레아 리듬터치 Ⅲ: 첼로가야금 2.0 콘서트",한국음악,0.9702996,대중무용,0.03555286,한국음악+대중무용,대중무용+한국음악,42
Make a Creative 쇼케이스: 데뷔를 대비하라,뮤지컬,0.15835404,서양음악,0.12827925,뮤지컬+서양음악,뮤지컬+서양음악,42
EXHIBITION: EVENIF,한국음악,0.9990534,무용,0.059181504,한국음악+무용,무용+한국음악,42
홍지민과 함께하는 판타스틱쇼 [하남],뮤지컬,0.69979644,대중음악,0.11606749,뮤지컬+대중음악,대중음악+뮤지컬,42
"제64주년 2.28민주운동 헌정공연, 얼음 사이 핀 꽃",서양음악,0.9031758,뮤지컬,0.087085985,서양음악+뮤지컬,뮤지컬+서양음악,42
"장한나의 대전그랜드페스티벌, 첼로가야금 콘서트 [대전]",한국음악,0.79964536,대중음악,0.198379,한국음악+대중음악,대중음악+한국음악,42
동행 [대구],대중음악,0.7867504,무용,0.12676674,대중음악+무용,대중음악+무용,42
"더 하우스 콘서트, 해금과 재즈피아노의 만남 [양산]",서양음악,0.89928067,한국음악,0.13222124,서양음악+한국음악,서양음악+한국음악,42
"제21회 유엔참전용사, 영웅을 위한 음악회",한국음악,0.8335655,무용,0.0044825356,한국음악+무용,무용+한국음악,42
"제7회 동천정기음악회, Thank you for the music [대구]",서양음악,0.31990904,한국음악,0.00220058,서양음악+한국음악,서양음악+한국음악,42
환상덜미 [수원],한국음악,0.8372186,서양음악,0.030934198,한국음악+서양음악,서양음악+한국음악,42
나다 뮤직페스티벌 (NADA Art & Music Festival),대중무용,0.9349703,무용,0.68049395,대중무용+무용,대중무용+무용,42
세이브미프로젝트 (SavemeProject),한국음악,0.05362877,연극,0.03556375,한국음악+연극,연극+한국음악,42
"발레 & 스트릿, 비트 온 포인트",뮤지컬,0.49616927,무용,0.40695003,뮤지컬+무용,무용+뮤지컬,42
"자선콘서트, 늦가을 이야기소리 [제주]",무용,0.24679229,뮤지컬,0.054413766,무용+뮤지컬,무용+뮤지컬,42
기원: 더 비기닝,대중음악,0.9933068,한국음악,0.039850444,대중음악+한국음악,대중음악+한국음악,42
Show me the 장구 프로젝트 [함안],한국음악,0.9999993,무용,0.004727732,한국음악+무용,무용+한국음악,42
재능 혜화 마티네: 한국의 소리와 서양의 소리의 만남,서양음악,0.9742047,한국음악,0.5090426,서양음악+한국음악,서양음악+한국음악,42
발칙한 세여자의 세계음악여행,뮤지컬,0.70861477,연극,0.013362703,뮤지컬+연극,뮤지컬+연극,42
세종메세나 콘서트,연극,0.02605103,무용,0.008416956,연극+무용,무용+연극,42
"당진시 인구 17만 달성 기념 축하 공연, 17 to 20",한국음악,0.14041154,대중음악,0.0026259928,한국음악+대중음악,대중음악+한국음악,42
Struggle,무용,0.99999654,연극,0.002967378,무용+연극,무용+연극,42
비르투오소 인 클래식 [의정부],서양음악,0.9982316,대중음악,0.0010465692,서양음악+대중음악,대중음악+서양음악,42
발레와 스트리트 댄스의 짜릿한 만남! 비트 온 포인트 [예천],뮤지컬,0.99999964,무용,0.00028191094,뮤지컬+무용,무용+뮤지컬,42
모나드 서울: 무수히 펼쳐지는 각,한국음악,0.9657855,연극,0.84800464,한국음악+연극,연극+한국음악,42
설탕요정이 읽어주는 호두까기 인형,서양음악,0.99887246,대중음악,0.00087758154,서양음악+대중음악,대중음악+서양음악,42
"10년을 날다, 나비",연극,0.01443911,뮤지컬,0.0035703091,연극+뮤지컬,뮤지컬+연극,42
달서구어르신 예능경연대회,서양음악,0.89558274,한국음악,0.06692963,서양음악+한국음악,서양음악+한국음악,42
1＋1 THE ONE: 필연적조우,한국음악,0.98418856,서양음악,0.0007532929,한국음악+서양음악,서양음악+한국음악,42
고3 수험생을 위한 힐링 콘서트 [구리],연극,0.20084792,뮤지컬,0.19325131,연극+뮤지컬,뮤지컬+연극,42
얼씨구! 브라보! 좋다! [세종],한국음악,0.99957925,서양음악,0.022410685,한국음악+서양음악,서양음악+한국음악,42
"재즈앳에무, Black Forest",대중음악,0.99900913,한국음악,0.012577579,대중음악+한국음악,대중음악+한국음악,42
"함께하는 사랑밭 감사콘서트: 사랑의 시간, 온기를 더하다",서양음악,0.9999931,대중음악,2.1091762e-06,서양음악+대중음악,대중음악+서양음악,42
"보트피플ver.2, 바다의 아우슈비츠",한국음악,0.9998018,뮤지컬,0.006709177,한국음악+뮤지컬,뮤지컬+한국음악,42
"서른여덟번째 스윙-바이, 윤연준: 틈",서양음악,0.248034,무용,0.0056310636,서양음악+무용,무용+서양음악,42
"앙상블 위로 기획공연, 모던 남사당",서양음악,0.9999906,대중음악,1.7756762e-05,서양음악+대중음악,대중음악+서양음악,42
광주상설공연 (12월),한국음악,0.9288162,대중음악,0.26268467,한국음악+대중음악,대중음악+한국음악,42
"제60회 예술공감, 앙상블 이도: 새롭게 만난 희로애락의 소리",한국음악,0.2643975,서양음악,0.08530106,한국음악+서양음악,서양음악+한국음악,42
기업인을 위한 서경 송년음악회,서양음악,0.99772936,대중음악,9.7632976e-05,서양음악+대중음악,대중음악+서양음악,42
작은겨울아동극축제 [춘천],연극,0.9999999,뮤지컬,3.5989756e-06,연극+뮤지컬,뮤지컬+연극,42
성남아트센터 후원회 송년음악회,무용,0.99681026,뮤지컬,0.13826624,무용+뮤지컬,무용+뮤지컬,42
"렉처콘서트, 차인표의 여행스케치 [태백]",대중음악,0.9627739,연극,0.0064786067,대중음악+연극,대중음악+연극,42
"Anime X Game Festival, 레드 스테이지",무용,0.018336592,대중음악,0.00048367245,무용+대중음악,대중음악+무용,42
에코백 [천안],뮤지컬,0.9999727,한국음악,0.00038186612,뮤지컬+한국음악,뮤지컬+한국음악,42
스테이지 만남동 [경기 광주],무용,0.9463659,대중무용,0.39036876,무용+대중무용,대중무용+무용,42
음악과 글쓰기 콘서트: 사이·회상,한국음악,0.9999974,서양음악,0.00021840922,한국음악+서양음악,서양음악+한국음악,42
"지후 X 지후트리: 마음의, 그림",뮤지컬,0.99490744,연극,0.9205022,뮤지컬+연극,뮤지컬+연극,42
"Adieu 중구, 힐링의 밤",한국음악,0.9957675,대중음악,0.15801808,한국음악+대중음악,대중음악+한국음악,42
시흥시 송년음악회,연극,0.7415378,대중무용,0.07760849,연극+대중무용,대중무용+연극,42
공상페스티벌: 함께 꿈을 꾸다,무용,0.9984818,대중음악,0.22081676,무용+대중음악,대중음악+무용,42
고양시 자원봉사자의날 기념행사,서양음악,0.91059035,뮤지컬,0.00039023111,서양음악+뮤지컬,뮤지컬+서양음악,42
"천안교육지원청, 쓰담쓰담 콘서트 [천안]",무용,0.50318277,한국음악,0.36069474,무용+한국음악,무용+한국음악,42
송파 송년음악회,뮤지컬,0.5857721,서양음악,0.006398272,뮤지컬+서양음악,뮤지컬+서양음악,42
이금희와 함께하는 공감 토크콘서트 [김제],한국음악,0.8847237,무용,0.096657395,한국음악+무용,무용+한국음악,42
"부산시립예술단 연합공연, 가마釜 뫼山",한국음악,0.9167662,서양음악,0.2817502,한국음악+서양음악,서양음악+한국음악,42
경북대학교 신년음악회 [대구],서양음악,0.9999894,뮤지컬,0.00025128428,서양음악+뮤지컬,뮤지컬+서양음악,42
광주상설공연 (1월),한국음악,0.5493818,무용,0.51765853,한국음악+무용,무용+한국음악,42
꿈의 오케스트라 강릉: 소망과 꿈을 모아서,무용,0.3999533,뮤지컬,0.20675579,무용+뮤지컬,무용+뮤지컬,42
글로벌 인플루언서 엑스포 [고양],뮤지컬,0.02649676,연극,0.023477718,뮤지컬+연극,뮤지컬+연극,42
세종국악심포니오케스트라 & 김경호의 아리랑목동 [무안],한국음악,0.9994105,서양음악,0.005228556,한국음악+서양음악,서양음악+한국음악,42
와따가따 가족극장 겨울축제 [서울 노원],연극,0.19495983,뮤지컬,0.070550375,연극+뮤지컬,뮤지컬+연극,42
"김주원의 사색여정 with 반도네오니스트 고상지, 축제",대중음악,0.8285656,무용,0.33402446,대중음악+무용,대중음악+무용,42
"팀 퍼니스트, 트레인 블루스 Train Blues [광주]",뮤지컬,0.19703457,연극,0.11306223,뮤지컬+연극,뮤지컬+연극,42
누모리 쇼 [논산],뮤지컬,0.5613316,무용,0.15203343,뮤지컬+무용,무용+뮤지컬,42
피아니스트 백채영 프로젝트 Vol. 2,서양음악,0.9996107,연극,0.00043528352,서양음악+연극,서양음악+연극,42
청소년 음악 페스티벌 [고창],한국음악,0.7565263,연극,0.14738566,한국음악+연극,연극+한국음악,42
"평택시립국악관현악단, 평택시민과 함께하는 국악성가의 밤",연극,0.8305643,서양음악,0.19745694,연극+서양음악,서양음악+연극,42
고창 송년음악회,연극,0.29801553,한국음악,0.2726771,연극+한국음악,연극+한국음악,42
송년음악회 [논산],서양음악,0.9978542,대중음악,0.0138113005,서양음악+대중음악,대중음악+서양음악,42
서울아트랩 연말쌀콘: SAL-Vival,서양음악,0.13653849,한국음악,0.05201117,서양음악+한국음악,서양음악+한국음악,42
"나태주 시인과 함께하는 시와 음악: 가장 아름다운 선물, 당신 [공주]",서양음악,0.3606342,한국음악,0.2929803,서양음악+한국음악,서양음악+한국음악,42
"서린사랑의 작은음악회, The Identity: 너와 나의 정체성",대중음악,1.0,대중무용,0.15399499,대중음악+대중무용,대중무용+대중음악,42
알리 with 아듀 Concert [부산],대중음악,0.26831493,서양음악,0.05985256,대중음악+서양음악,대중음악+서양음악,42
조선마술사 [광주],연극,0.88744336,한국음악,0.7506396,연극+한국음악,연극+한국음악,42
오셀로: 소리의 심리학,연극,0.33752775,뮤지컬,0.18543106,연극+뮤지컬,뮤지컬+연극,42
호두까기 인형 [화성],연극,0.9556935,서양음악,0.77866423,연극+서양음악,서양음악+연극,42
"크리스마스 이브 송년음악회: 사랑해요, 엄마! 콘서트 [포항]",대중음악,0.9918839,연극,0.015518306,대중음악+연극,대중음악+연극,42
엘림아트센터 크리스마스 콘서트: MUSIC & MAGIC,뮤지컬,0.6807619,서양음악,0.49035513,뮤지컬+서양음악,뮤지컬+서양음악,42
안산시 송년음악회 [안산],대중음악,0.99924016,연극,0.002103376,대중음악+연극,대중음악+연극,42
"고영열 단독 콘서트, Jazz in 모리: 자진모리",한국음악,0.97106296,대중음악,0.20387444,한국음악+대중음악,대중음악+한국음악,42
ICI-AVEC: 공명의 컨셉,서양음악,0.99265623,한국음악,0.00084916066,서양음악+한국음악,서양음악+한국음악,42
"서울예술단 송년갈라, SPACon",뮤지컬,0.9668675,한국음악,0.10866104,뮤지컬+한국음악,뮤지컬+한국음악,42
제3회 부산국제어린이청소년아트페어 개막식,대중음악,0.97870755,대중무용,0.09445955,대중음악+대중무용,대중무용+대중음악,42
제야음악회 [대전],서양음악,0.9997881,뮤지컬,0.0009592843,서양음악+뮤지컬,뮤지컬+서양음악,42
"새해국악연: 청룡, 하늘을 날다",한국음악,0.99999964,뮤지컬,0.00026324033,한국음악+뮤지컬,뮤지컬+한국음악,42
"신년음악회, 뮤지컬 콘서트",뮤지컬,0.25641766,연극,0.015956959,뮤지컬+연극,뮤지컬+연극,42
"신년음악회: 새로운 시작, 희망의 노래 [대구]",한국음악,0.9251889,서양음악,0.88876516,한국음악+서양음악,서양음악+한국음악,42
"시선: si, Sonne!",연극,0.32721686,서양음악,0.065205395,연극+서양음악,서양음악+연극,42
한몽예술교류전 [남원],서양음악,0.9673228,한국음악,0.0013830706,서양음악+한국음악,서양음악+한국음악,42
뮤즈하모니 신년음악회: 팝페라 X 국악,서양음악,0.99991703,한국음악,5.960925e-05,서양음악+한국음악,서양음악+한국음악,42
K-컬처 페스티벌 [평창],대중음악,0.8998442,뮤지컬,0.0015958111,대중음악+뮤지컬,대중음악+뮤지컬,42
신년콘서트 [거창],한국음악,0.9790413,대중음악,0.07132524,한국음악+대중음악,대중음악+한국음악,42
제3회 SA청소년오케스트라 정기연주회,서양음악,0.27394262,연극,0.00039601777,서양음악+연극,서양음악+연극,42
"그림 읽어주는 베토벤, THE CONCERT: 그리스 로마 신화",서양음악,0.9865378,대중음악,0.21945219,서양음악+대중음악,대중음악+서양음악,42
K-컬처 페스티벌 [강릉],무용,0.78043705,연극,0.3710029,무용+연극,무용+연극,42
USW 신년음악회,서양음악,0.99987507,한국음악,0.017207213,서양음악+한국음악,서양음악+한국음악,42
신년음악회 [보령],대중음악,0.39499834,대중무용,0.14190638,대중음악+대중무용,대중무용+대중음악,42
신년음악회 [태안],한국음악,0.9998857,대중음악,0.011429632,한국음악+대중음악,대중음악+한국음악,42
"청소년을 위한 음악과 클래식의 징검다리, 음악에 색을 입히다",서양음악,0.85119563,연극,0.0084267445,서양음악+연극,서양음악+연극,42
"그림 읽어주는 베토벤, THE CONCERT [김천]",서양음악,0.99968946,대중음악,9.4856805e-05,서양음악+대중음악,대중음악+서양음악,42
김동규와 함께하는 신년 음악회,서양음악,0.80651116,연극,0.026334316,서양음악+연극,서양음악+연극,42
